DPTR_REGN_NM,DPTR_REGN_DTL_NM,SRCH_CNT,SPPY_SRCH_CNT,TOU_NUM,TOU_NUM_SQRT,TOU_NUM_RATE,DTL_TOU_NUM,DTL_TOU_NUM_SQRT,DTL_TOU_NUM_RATE,ORD,_YEAR
자연관광,자연관광,13406907,0,13406907,3662.0,7.0,13406907,3662.0,100.0,2,2018
역사관광,역사관광,6943177,0,6943177,2635.0,3.6,6943177,2635.0,100.0,3,2018
체험관광,체험관광,1476326,0,1476326,1215.0,0.8,1476326,1215.0,100.0,4,2018
문화관광,문화관광,28718086,0,28718086,5359.0,15.1,28718086,5359.0,100.0,5,2018
레저스포츠,레저스포츠,10693753,0,10693753,3270.0,5.6,10693753,3270.0,100.0,6,2018
쇼핑,쇼핑,29446148,0,29446148,5426.0,15.4,29446148,5426.0,100.0,7,2018
음식,음식,58711321,0,58711321,7662.0,30.8,58711321,7662.0,100.0,8,2018
숙박,숙박,17456127,0,17456127,4178.0,9.2,17456127,4178.0,100.0,9,2018
기타관광,기타관광,23880486,0,23880486,4887.0,12.5,23880486,4887.0,100.0,99,2018
자연관광,자연관광,17133072,0,17133072,4139.0,6.2,17133072,4139.0,100.0,2,2019
역사관광,역사관광,9600356,0,9600356,3098.0,3.5,9600356,3098.0,100.0,3,2019
체험관광,체험관광,1924180,0,1924180,1387.0,0.7,1924180,1387.0,100.0,4,2019
문화관광,문화관광,39210358,0,39210358,6262.0,14.2,39210358,6262.0,100.0,5,2019
레저스포츠,레저스포츠,14870629,0,14870629,3856.0,5.4,14870629,3856.0,100.0,6,2019
쇼핑,쇼핑,40376044,0,40376044,6354.0,14.6,40376044,6354.0,100.0,7,2019
음식,음식,91906092,0,91906092,9587.0,33.2,91906092,9587.0,100.0,8,2019
숙박,숙박,27826184,0,27826184,5275.0,10.1,27826184,5275.0,100.0,9,2019
기타관광,기타관광,33562915,0,33562915,5793.0,12.1,33562915,5793.0,100.0,99,2019
자연관광,자연관광,22453543,0,22453543,4739.0,7.3,22453543,4739.0,100.0,2,2020
역사관광,역사관광,10341635,0,10341635,3216.0,3.4,10341635,3216.0,100.0,3,2020
체험관광,체험관광,1612765,0,1612765,1270.0,0.5,1612765,1270.0,100.0,4,2020
문화관광,문화관광,33204018,0,33204018,5762.0,10.8,33204018,5762.0,100.0,5,2020
레저스포츠,레저스포츠,18133139,0,18133139,4258.0,5.9,18133139,4258.0,100.0,6,2020
쇼핑,쇼핑,44410910,0,44410910,6664.0,14.4,44410910,6664.0,100.0,7,2020
음식,음식,114987993,0,114987993,10723.0,37.3,114987993,10723.0,100.0,8,2020
숙박,숙박,31110596,0,31110596,5578.0,10.1,31110596,5578.0,100.0,9,2020
기타관광,기타관광,31885858,0,31885858,5647.0,10.3,31885858,5647.0,100.0,99,2020
자연관광,자연관광,25120333,0,25120333,5012.0,6.7,25120333,5012.0,100.0,2,2021
역사관광,역사관광,12206549,0,12206549,3494.0,3.2,12206549,3494.0,100.0,3,2021
체험관광,체험관광,1711845,0,1711845,1308.0,0.5,1711845,1308.0,100.0,4,2021
문화관광,문화관광,42076804,0,42076804,6487.0,11.1,42076804,6487.0,100.0,5,2021
레저스포츠,레저스포츠,21750069,0,21750069,4664.0,5.8,21750069,4664.0,100.0,6,2021
쇼핑,쇼핑,54340749,0,54340749,7372.0,14.4,54340749,7372.0,100.0,7,2021
음식,음식,144575488,0,144575488,12024.0,38.3,144575488,12024.0,100.0,8,2021
숙박,숙박,39197221,0,39197221,6261.0,10.4,39197221,6261.0,100.0,9,2021
기타관광,기타관광,36592567,0,36592567,6049.0,9.7,36592567,6049.0,100.0,99,2021
자연관광,자연관광,24482298,0,24482298,4948.0,5.5,24482298,4948.0,100.0,2,2022
역사관광,역사관광,12956192,0,12956192,3599.0,2.9,12956192,3599.0,100.0,3,2022
체험관광,체험관광,2323079,0,2323079,1524.0,0.5,2323079,1524.0,100.0,4,2022
문화관광,문화관광,53028033,0,53028033,7282.0,11.8,53028033,7282.0,100.0,5,2022
레저스포츠,레저스포츠,24086665,0,24086665,4908.0,5.4,24086665,4908.0,100.0,6,2022
쇼핑,쇼핑,60603360,0,60603360,7785.0,13.5,60603360,7785.0,100.0,7,2022
음식,음식,178716712,0,178716712,13368.0,39.9,178716712,13368.0,100.0,8,2022
숙박,숙박,48830701,0,48830701,6988.0,10.9,48830701,6988.0,100.0,9,2022
기타관광,기타관광,42478544,0,42478544,6518.0,9.5,42478544,6518.0,100.0,99,2022
자연관광,자연관광,17498431,0,17498431,4183.0,3.7,17498431,4183.0,100.0,2,2023
역사관광,역사관광,13193991,0,13193991,3632.0,2.8,13193991,3632.0,100.0,3,2023
체험관광,체험관광,2757662,0,2757662,1661.0,0.6,2757662,1661.0,100.0,4,2023
문화관광,문화관광,54660622,0,54660622,7393.0,11.6,54660622,7393.0,100.0,5,2023
레저스포츠,레저스포츠,23911056,0,23911056,4890.0,5.1,23911056,4890.0,100.0,6,2023
쇼핑,쇼핑,63635943,0,63635943,7977.0,13.5,63635943,7977.0,100.0,7,2023
음식,음식,200631419,0,200631419,14164.0,42.5,200631419,14164.0,100.0,8,2023
숙박,숙박,49548087,0,49548087,7039.0,10.5,49548087,7039.0,100.0,9,2023
기타관광,기타관광,45912558,0,45912558,6776.0,9.7,45912558,6776.0,100.0,99,2023
자연관광,자연관광,22397948,0,22397948,4733.0,4.3,22397948,4733.0,100.0,2,2024
역사관광,역사관광,13738374,0,13738374,3707.0,2.7,13738374,3707.0,100.0,3,2024
체험관광,체험관광,2802028,0,2802028,1674.0,0.5,2802028,1674.0,100.0,4,2024
문화관광,문화관광,59546094,0,59546094,7717.0,11.6,59546094,7717.0,100.0,5,2024
레저스포츠,레저스포츠,24848348,0,24848348,4985.0,4.8,24848348,4985.0,100.0,6,2024
쇼핑,쇼핑,65987802,0,65987802,8123.0,12.8,65987802,8123.0,100.0,7,2024
음식,음식,229885278,0,229885278,15162.0,44.6,229885278,15162.0,100.0,8,2024
숙박,숙박,49208706,0,49208706,7015.0,9.5,49208706,7015.0,100.0,9,2024
기타관광,기타관광,47067165,0,47067165,6861.0,9.1,47067165,6861.0,100.0,99,2024
자연관광,자연관광,21564115,0,21564115,4644.0,4.3,21564115,4644.0,100.0,2,2025
역사관광,역사관광,14928631,0,14928631,3864.0,3.0,14928631,3864.0,100.0,3,2025
체험관광,체험관광,3930616,0,3930616,1983.0,0.8,3930616,1983.0,100.0,4,2025
문화관광,문화관광,59257426,0,59257426,7698.0,11.9,59257426,7698.0,100.0,5,2025
레저스포츠,레저스포츠,24767358,0,24767358,4977.0,5.0,24767358,4977.0,100.0,6,2025
쇼핑,쇼핑,66563705,0,66563705,8159.0,13.4,66563705,8159.0,100.0,7,2025
음식,음식,212003593,0,212003593,14560.0,42.6,212003593,14560.0,100.0,8,2025
숙박,숙박,47932355,0,47932355,6923.0,9.6,47932355,6923.0,100.0,9,2025
기타관광,기타관광,46156741,0,46156741,6794.0,9.3,46156741,6794.0,100.0,99,2025
자연관광,자연관광,14742208,0,14742208,3840.0,4.7,14742208,3840.0,100.0,2,2026
역사관광,역사관광,9521075,0,9521075,3086.0,3.0,9521075,3086.0,100.0,3,2026
체험관광,체험관광,2744643,0,2744643,1657.0,0.9,2744643,1657.0,100.0,4,2026
문화관광,문화관광,35288872,0,35288872,5940.0,11.2,35288872,5940.0,100.0,5,2026
레저스포츠,레저스포츠,16979112,0,16979112,4121.0,5.4,16979112,4121.0,100.0,6,2026
쇼핑,쇼핑,37948745,0,37948745,6160.0,12.0,37948745,6160.0,100.0,7,2026
음식,음식,140056774,0,140056774,11835.0,44.4,140056774,11835.0,100.0,8,2026
숙박,숙박,29999053,0,29999053,5477.0,9.5,29999053,5477.0,100.0,9,2026
기타관광,기타관광,27999853,0,27999853,5291.0,8.9,27999853,5291.0,100.0,99,2026
