조회_SGG_CD,조회_지역,조회기간,DPTR_REGN_NM,DPTR_REGN_DTL_NM,DISP_NM,DTL_TOU_NUM,TOT_DTL_TOU_NUM_RATE,TOU_NUM,TOU_NUM_SQRT,TOT_DPTR_REGN_NM_RATE
47170,경상북도 안동시,202601-202608,경상북도,예천군,경상북도 예천군,1621085.0,13.8,5536832.0,2353.0,47.2
47170,경상북도 안동시,202601-202608,경상북도,영주시,경상북도 영주시,934536.0,8.0,5536832.0,2353.0,47.2
47170,경상북도 안동시,202601-202608,경상북도,의성군,경상북도 의성군,537335.0,4.6,5536832.0,2353.0,47.2
47170,경상북도 안동시,202601-202608,경상북도,청송군,경상북도 청송군,450321.0,3.8,5536832.0,2353.0,47.2
47170,경상북도 안동시,202601-202608,경상북도,구미시,경상북도 구미시,303716.0,2.6,5536832.0,2353.0,47.2
47170,경상북도 안동시,202601-202608,경상북도,영양군,경상북도 영양군,246122.0,2.1,5536832.0,2353.0,47.2
47170,경상북도 안동시,202601-202608,경상북도,경산시,경상북도 경산시,208401.0,1.8,5536832.0,2353.0,47.2
47170,경상북도 안동시,202601-202608,경상북도,봉화군,경상북도 봉화군,189167.0,1.6,5536832.0,2353.0,47.2
47170,경상북도 안동시,202601-202608,경상북도,문경시,경상북도 문경시,160443.0,1.4,5536832.0,2353.0,47.2
47170,경상북도 안동시,202601-202608,경상북도,포항시 북구,경상북도 포항시 북구,155084.0,1.3,5536832.0,2353.0,47.2
47170,경상북도 안동시,202601-202608,경상북도,상주시,경상북도 상주시,138980.0,1.2,5536832.0,2353.0,47.2
47170,경상북도 안동시,202601-202608,경상북도,경주시,경상북도 경주시,112335.0,1.0,5536832.0,2353.0,47.2
47170,경상북도 안동시,202601-202608,경상북도,포항시 남구,경상북도 포항시 남구,91550.0,0.8,5536832.0,2353.0,47.2
47170,경상북도 안동시,202601-202608,경상북도,칠곡군,경상북도 칠곡군,80022.0,0.7,5536832.0,2353.0,47.2
47170,경상북도 안동시,202601-202608,경상북도,김천시,경상북도 김천시,70060.0,0.6,5536832.0,2353.0,47.2
47170,경상북도 안동시,202601-202608,경상북도,영덕군,경상북도 영덕군,66225.0,0.6,5536832.0,2353.0,47.2
47170,경상북도 안동시,202601-202608,경상북도,영천시,경상북도 영천시,55813.0,0.5,5536832.0,2353.0,47.2
47170,경상북도 안동시,202601-202608,경상북도,울진군,경상북도 울진군,55404.0,0.5,5536832.0,2353.0,47.2
47170,경상북도 안동시,202601-202608,경상북도,성주군,경상북도 성주군,22184.0,0.2,5536832.0,2353.0,47.2
47170,경상북도 안동시,202601-202608,경상북도,청도군,경상북도 청도군,14419.0,0.1,5536832.0,2353.0,47.2
47170,경상북도 안동시,202601-202608,경상북도,고령군,경상북도 고령군,16456.0,0.1,5536832.0,2353.0,47.2
47170,경상북도 안동시,202601-202608,경상북도,울릉군,경상북도 울릉군,7173.0,0.1,5536832.0,2353.0,47.2
47170,경상북도 안동시,202601-202608,대구광역시,북구,대구광역시 북구,386062.0,3.3,1664714.0,1290.0,14.2
47170,경상북도 안동시,202601-202608,대구광역시,달서구,대구광역시 달서구,342937.0,2.9,1664714.0,1290.0,14.2
47170,경상북도 안동시,202601-202608,대구광역시,수성구,대구광역시 수성구,261221.0,2.2,1664714.0,1290.0,14.2
47170,경상북도 안동시,202601-202608,대구광역시,동구,대구광역시 동구,237948.0,2.0,1664714.0,1290.0,14.2
47170,경상북도 안동시,202601-202608,대구광역시,달성군,대구광역시 달성군,145553.0,1.2,1664714.0,1290.0,14.2
47170,경상북도 안동시,202601-202608,대구광역시,남구,대구광역시 남구,92984.0,0.8,1664714.0,1290.0,14.2
47170,경상북도 안동시,202601-202608,대구광역시,서구,대구광역시 서구,87441.0,0.7,1664714.0,1290.0,14.2
47170,경상북도 안동시,202601-202608,대구광역시,중구,대구광역시 중구,75669.0,0.6,1664714.0,1290.0,14.2
47170,경상북도 안동시,202601-202608,대구광역시,군위군,대구광역시 군위군,34901.0,0.3,1664714.0,1290.0,14.2
47170,경상북도 안동시,202601-202608,경기도,남양주시,경기도 남양주시,61835.0,0.5,1164052.0,1079.0,9.9
47170,경상북도 안동시,202601-202608,경기도,성남시 분당구,경기도 성남시 분당구,46047.0,0.4,1164052.0,1079.0,9.9
47170,경상북도 안동시,202601-202608,경기도,평택시,경기도 평택시,50012.0,0.4,1164052.0,1079.0,9.9
47170,경상북도 안동시,202601-202608,경기도,용인시 기흥구,경기도 용인시 기흥구,46312.0,0.4,1164052.0,1079.0,9.9
47170,경상북도 안동시,202601-202608,경기도,광주시,경기도 광주시,41879.0,0.4,1164052.0,1079.0,9.9
47170,경상북도 안동시,202601-202608,경기도,수원시 권선구,경기도 수원시 권선구,32035.0,0.3,1164052.0,1079.0,9.9
47170,경상북도 안동시,202601-202608,경기도,수원시 영통구,경기도 수원시 영통구,31406.0,0.3,1164052.0,1079.0,9.9
47170,경상북도 안동시,202601-202608,경기도,안양시 동안구,경기도 안양시 동안구,30413.0,0.3,1164052.0,1079.0,9.9
47170,경상북도 안동시,202601-202608,경기도,고양시 덕양구,경기도 고양시 덕양구,36360.0,0.3,1164052.0,1079.0,9.9
47170,경상북도 안동시,202601-202608,경기도,시흥시,경기도 시흥시,36102.0,0.3,1164052.0,1079.0,9.9
47170,경상북도 안동시,202601-202608,경기도,하남시,경기도 하남시,32439.0,0.3,1164052.0,1079.0,9.9
47170,경상북도 안동시,202601-202608,경기도,용인시 처인구,경기도 용인시 처인구,34615.0,0.3,1164052.0,1079.0,9.9
47170,경상북도 안동시,202601-202608,경기도,용인시 수지구,경기도 용인시 수지구,34367.0,0.3,1164052.0,1079.0,9.9
47170,경상북도 안동시,202601-202608,경기도,김포시,경기도 김포시,36917.0,0.3,1164052.0,1079.0,9.9
47170,경상북도 안동시,202601-202608,경기도,화성시 동탄구,경기도 화성시 동탄구,33340.0,0.3,1164052.0,1079.0,9.9
47170,경상북도 안동시,202601-202608,경기도,수원시 장안구,경기도 수원시 장안구,24920.0,0.2,1164052.0,1079.0,9.9
47170,경상북도 안동시,202601-202608,경기도,수원시 팔달구,경기도 수원시 팔달구,18147.0,0.2,1164052.0,1079.0,9.9
47170,경상북도 안동시,202601-202608,경기도,성남시 수정구,경기도 성남시 수정구,22181.0,0.2,1164052.0,1079.0,9.9
47170,경상북도 안동시,202601-202608,경기도,성남시 중원구,경기도 성남시 중원구,17585.0,0.2,1164052.0,1079.0,9.9
47170,경상북도 안동시,202601-202608,경기도,의정부시,경기도 의정부시,29077.0,0.2,1164052.0,1079.0,9.9
47170,경상북도 안동시,202601-202608,경기도,안양시 만안구,경기도 안양시 만안구,18841.0,0.2,1164052.0,1079.0,9.9
47170,경상북도 안동시,202601-202608,경기도,부천시 원미구,경기도 부천시 원미구,28565.0,0.2,1164052.0,1079.0,9.9
47170,경상북도 안동시,202601-202608,경기도,광명시,경기도 광명시,19346.0,0.2,1164052.0,1079.0,9.9
47170,경상북도 안동시,202601-202608,경기도,안산시 상록구,경기도 안산시 상록구,24282.0,0.2,1164052.0,1079.0,9.9
47170,경상북도 안동시,202601-202608,경기도,안산시 단원구,경기도 안산시 단원구,25391.0,0.2,1164052.0,1079.0,9.9
47170,경상북도 안동시,202601-202608,경기도,고양시 일산동구,경기도 고양시 일산동구,22437.0,0.2,1164052.0,1079.0,9.9
47170,경상북도 안동시,202601-202608,경기도,고양시 일산서구,경기도 고양시 일산서구,19261.0,0.2,1164052.0,1079.0,9.9
47170,경상북도 안동시,202601-202608,경기도,구리시,경기도 구리시,19539.0,0.2,1164052.0,1079.0,9.9
47170,경상북도 안동시,202601-202608,경기도,오산시,경기도 오산시,21285.0,0.2,1164052.0,1079.0,9.9
47170,경상북도 안동시,202601-202608,경기도,군포시,경기도 군포시,21360.0,0.2,1164052.0,1079.0,9.9
47170,경상북도 안동시,202601-202608,경기도,파주시,경기도 파주시,27896.0,0.2,1164052.0,1079.0,9.9
47170,경상북도 안동시,202601-202608,경기도,이천시,경기도 이천시,26150.0,0.2,1164052.0,1079.0,9.9
47170,경상북도 안동시,202601-202608,경기도,안성시,경기도 안성시,21147.0,0.2,1164052.0,1079.0,9.9
47170,경상북도 안동시,202601-202608,경기도,화성시 만세구,경기도 화성시 만세구,20240.0,0.2,1164052.0,1079.0,9.9
47170,경상북도 안동시,202601-202608,경기도,양주시,경기도 양주시,20656.0,0.2,1164052.0,1079.0,9.9
47170,경상북도 안동시,202601-202608,경기도,여주시,경기도 여주시,18015.0,0.2,1164052.0,1079.0,9.9
47170,경상북도 안동시,202601-202608,경기도,양평군,경기도 양평군,19379.0,0.2,1164052.0,1079.0,9.9
47170,경상북도 안동시,202601-202608,경기도,부천시 소사구,경기도 부천시 소사구,13969.0,0.1,1164052.0,1079.0,9.9
47170,경상북도 안동시,202601-202608,경기도,부천시 오정구,경기도 부천시 오정구,8264.0,0.1,1164052.0,1079.0,9.9
47170,경상북도 안동시,202601-202608,경기도,과천시,경기도 과천시,8472.0,0.1,1164052.0,1079.0,9.9
47170,경상북도 안동시,202601-202608,경기도,의왕시,경기도 의왕시,12847.0,0.1,1164052.0,1079.0,9.9
47170,경상북도 안동시,202601-202608,경기도,화성시 효행구,경기도 화성시 효행구,11991.0,0.1,1164052.0,1079.0,9.9
47170,경상북도 안동시,202601-202608,경기도,화성시 병점구,경기도 화성시 병점구,12838.0,0.1,1164052.0,1079.0,9.9
47170,경상북도 안동시,202601-202608,경기도,포천시,경기도 포천시,10706.0,0.1,1164052.0,1079.0,9.9
47170,경상북도 안동시,202601-202608,경기도,가평군,경기도 가평군,6970.0,0.1,1164052.0,1079.0,9.9
47170,경상북도 안동시,202601-202608,경기도,동두천시,경기도 동두천시,4845.0,0.0,1164052.0,1079.0,9.9
47170,경상북도 안동시,202601-202608,경기도,연천군,경기도 연천군,3371.0,0.0,1164052.0,1079.0,9.9
47170,경상북도 안동시,202601-202608,서울특별시,송파구,서울특별시 송파구,67873.0,0.6,856259.0,925.0,7.3
47170,경상북도 안동시,202601-202608,서울특별시,관악구,서울특별시 관악구,53281.0,0.5,856259.0,925.0,7.3
47170,경상북도 안동시,202601-202608,서울특별시,노원구,서울특별시 노원구,44705.0,0.4,856259.0,925.0,7.3
47170,경상북도 안동시,202601-202608,서울특별시,강서구,서울특별시 강서구,44118.0,0.4,856259.0,925.0,7.3
47170,경상북도 안동시,202601-202608,서울특별시,강남구,서울특별시 강남구,49325.0,0.4,856259.0,925.0,7.3
47170,경상북도 안동시,202601-202608,서울특별시,강동구,서울특별시 강동구,52631.0,0.4,856259.0,925.0,7.3
47170,경상북도 안동시,202601-202608,서울특별시,성동구,서울특별시 성동구,29326.0,0.3,856259.0,925.0,7.3
47170,경상북도 안동시,202601-202608,서울특별시,광진구,서울특별시 광진구,34892.0,0.3,856259.0,925.0,7.3
47170,경상북도 안동시,202601-202608,서울특별시,동대문구,서울특별시 동대문구,38414.0,0.3,856259.0,925.0,7.3
47170,경상북도 안동시,202601-202608,서울특별시,중랑구,서울특별시 중랑구,30355.0,0.3,856259.0,925.0,7.3
47170,경상북도 안동시,202601-202608,서울특별시,성북구,서울특별시 성북구,38304.0,0.3,856259.0,925.0,7.3
47170,경상북도 안동시,202601-202608,서울특별시,은평구,서울특별시 은평구,35181.0,0.3,856259.0,925.0,7.3
47170,경상북도 안동시,202601-202608,서울특별시,서대문구,서울특별시 서대문구,30372.0,0.3,856259.0,925.0,7.3
47170,경상북도 안동시,202601-202608,서울특별시,마포구,서울특별시 마포구,31765.0,0.3,856259.0,925.0,7.3
47170,경상북도 안동시,202601-202608,서울특별시,구로구,서울특별시 구로구,30365.0,0.3,856259.0,925.0,7.3
47170,경상북도 안동시,202601-202608,서울특별시,영등포구,서울특별시 영등포구,37570.0,0.3,856259.0,925.0,7.3
47170,경상북도 안동시,202601-202608,서울특별시,동작구,서울특별시 동작구,37019.0,0.3,856259.0,925.0,7.3
47170,경상북도 안동시,202601-202608,서울특별시,서초구,서울특별시 서초구,38714.0,0.3,856259.0,925.0,7.3
47170,경상북도 안동시,202601-202608,서울특별시,용산구,서울특별시 용산구,18823.0,0.2,856259.0,925.0,7.3
47170,경상북도 안동시,202601-202608,서울특별시,강북구,서울특별시 강북구,20777.0,0.2,856259.0,925.0,7.3
47170,경상북도 안동시,202601-202608,서울특별시,도봉구,서울특별시 도봉구,20451.0,0.2,856259.0,925.0,7.3
47170,경상북도 안동시,202601-202608,서울특별시,양천구,서울특별시 양천구,28868.0,0.2,856259.0,925.0,7.3
47170,경상북도 안동시,202601-202608,서울특별시,종로구,서울특별시 종로구,16196.0,0.1,856259.0,925.0,7.3
47170,경상북도 안동시,202601-202608,서울특별시,중구,서울특별시 중구,10987.0,0.1,856259.0,925.0,7.3
47170,경상북도 안동시,202601-202608,서울특별시,금천구,서울특별시 금천구,15945.0,0.1,856259.0,925.0,7.3
47170,경상북도 안동시,202601-202608,경상남도,김해시,경상남도 김해시,62385.0,0.5,392088.0,626.0,3.3
47170,경상북도 안동시,202601-202608,경상남도,양산시,경상남도 양산시,45580.0,0.4,392088.0,626.0,3.3
47170,경상북도 안동시,202601-202608,경상남도,창원시 성산구,경상남도 창원시 성산구,29559.0,0.3,392088.0,626.0,3.3
47170,경상북도 안동시,202601-202608,경상남도,진주시,경상남도 진주시,31731.0,0.3,392088.0,626.0,3.3
47170,경상북도 안동시,202601-202608,경상남도,거제시,경상남도 거제시,33179.0,0.3,392088.0,626.0,3.3
47170,경상북도 안동시,202601-202608,경상남도,창원시 의창구,경상남도 창원시 의창구,28469.0,0.2,392088.0,626.0,3.3
47170,경상북도 안동시,202601-202608,경상남도,창원시 마산합포구,경상남도 창원시 마산합포구,19504.0,0.2,392088.0,626.0,3.3
47170,경상북도 안동시,202601-202608,경상남도,창원시 마산회원구,경상남도 창원시 마산회원구,18708.0,0.2,392088.0,626.0,3.3
47170,경상북도 안동시,202601-202608,경상남도,창원시 진해구,경상남도 창원시 진해구,20227.0,0.2,392088.0,626.0,3.3
47170,경상북도 안동시,202601-202608,경상남도,밀양시,경상남도 밀양시,18306.0,0.2,392088.0,626.0,3.3
47170,경상북도 안동시,202601-202608,경상남도,통영시,경상남도 통영시,10101.0,0.1,392088.0,626.0,3.3
47170,경상북도 안동시,202601-202608,경상남도,사천시,경상남도 사천시,9431.0,0.1,392088.0,626.0,3.3
47170,경상북도 안동시,202601-202608,경상남도,함안군,경상남도 함안군,8480.0,0.1,392088.0,626.0,3.3
47170,경상북도 안동시,202601-202608,경상남도,창녕군,경상남도 창녕군,10606.0,0.1,392088.0,626.0,3.3
47170,경상북도 안동시,202601-202608,경상남도,거창군,경상남도 거창군,13451.0,0.1,392088.0,626.0,3.3
47170,경상북도 안동시,202601-202608,경상남도,합천군,경상남도 합천군,9544.0,0.1,392088.0,626.0,3.3
47170,경상북도 안동시,202601-202608,경상남도,의령군,경상남도 의령군,4180.0,0.0,392088.0,626.0,3.3
47170,경상북도 안동시,202601-202608,경상남도,고성군,경상남도 고성군,5060.0,0.0,392088.0,626.0,3.3
47170,경상북도 안동시,202601-202608,경상남도,남해군,경상남도 남해군,3271.0,0.0,392088.0,626.0,3.3
47170,경상북도 안동시,202601-202608,경상남도,하동군,경상남도 하동군,2988.0,0.0,392088.0,626.0,3.3
47170,경상북도 안동시,202601-202608,경상남도,산청군,경상남도 산청군,3532.0,0.0,392088.0,626.0,3.3
47170,경상북도 안동시,202601-202608,경상남도,함양군,경상남도 함양군,3797.0,0.0,392088.0,626.0,3.3
47170,경상북도 안동시,202601-202608,부산광역시,해운대구,부산광역시 해운대구,47479.0,0.4,373367.0,611.0,3.2
47170,경상북도 안동시,202601-202608,부산광역시,부산진구,부산광역시 부산진구,40185.0,0.3,373367.0,611.0,3.2
47170,경상북도 안동시,202601-202608,부산광역시,남구,부산광역시 남구,31898.0,0.3,373367.0,611.0,3.2
47170,경상북도 안동시,202601-202608,부산광역시,북구,부산광역시 북구,29804.0,0.3,373367.0,611.0,3.2
47170,경상북도 안동시,202601-202608,부산광역시,금정구,부산광역시 금정구,30039.0,0.3,373367.0,611.0,3.2
47170,경상북도 안동시,202601-202608,부산광역시,동래구,부산광역시 동래구,28866.0,0.2,373367.0,611.0,3.2
47170,경상북도 안동시,202601-202608,부산광역시,사하구,부산광역시 사하구,27205.0,0.2,373367.0,611.0,3.2
47170,경상북도 안동시,202601-202608,부산광역시,강서구,부산광역시 강서구,18194.0,0.2,373367.0,611.0,3.2
47170,경상북도 안동시,202601-202608,부산광역시,연제구,부산광역시 연제구,24179.0,0.2,373367.0,611.0,3.2
47170,경상북도 안동시,202601-202608,부산광역시,수영구,부산광역시 수영구,21059.0,0.2,373367.0,611.0,3.2
47170,경상북도 안동시,202601-202608,부산광역시,사상구,부산광역시 사상구,20399.0,0.2,373367.0,611.0,3.2
47170,경상북도 안동시,202601-202608,부산광역시,기장군,부산광역시 기장군,21854.0,0.2,373367.0,611.0,3.2
47170,경상북도 안동시,202601-202608,부산광역시,중구,부산광역시 중구,6222.0,0.1,373367.0,611.0,3.2
47170,경상북도 안동시,202601-202608,부산광역시,서구,부산광역시 서구,8882.0,0.1,373367.0,611.0,3.2
47170,경상북도 안동시,202601-202608,부산광역시,동구,부산광역시 동구,7853.0,0.1,373367.0,611.0,3.2
47170,경상북도 안동시,202601-202608,부산광역시,영도구,부산광역시 영도구,9248.0,0.1,373367.0,611.0,3.2
47170,경상북도 안동시,202601-202608,강원특별자치도,원주시,강원특별자치도 원주시,104562.0,0.9,368521.0,607.0,3.1
47170,경상북도 안동시,202601-202608,강원특별자치도,춘천시,강원특별자치도 춘천시,55484.0,0.5,368521.0,607.0,3.1
47170,경상북도 안동시,202601-202608,강원특별자치도,태백시,강원특별자치도 태백시,49034.0,0.4,368521.0,607.0,3.1
47170,경상북도 안동시,202601-202608,강원특별자치도,강릉시,강원특별자치도 강릉시,28251.0,0.2,368521.0,607.0,3.1
47170,경상북도 안동시,202601-202608,강원특별자치도,동해시,강원특별자치도 동해시,18692.0,0.2,368521.0,607.0,3.1
47170,경상북도 안동시,202601-202608,강원특별자치도,속초시,강원특별자치도 속초시,10090.0,0.1,368521.0,607.0,3.1
47170,경상북도 안동시,202601-202608,강원특별자치도,삼척시,강원특별자치도 삼척시,14603.0,0.1,368521.0,607.0,3.1
47170,경상북도 안동시,202601-202608,강원특별자치도,홍천군,강원특별자치도 홍천군,12676.0,0.1,368521.0,607.0,3.1
47170,경상북도 안동시,202601-202608,강원특별자치도,횡성군,강원특별자치도 횡성군,9371.0,0.1,368521.0,607.0,3.1
47170,경상북도 안동시,202601-202608,강원특별자치도,영월군,강원특별자치도 영월군,13040.0,0.1,368521.0,607.0,3.1
47170,경상북도 안동시,202601-202608,강원특별자치도,평창군,강원특별자치도 평창군,11256.0,0.1,368521.0,607.0,3.1
47170,경상북도 안동시,202601-202608,강원특별자치도,정선군,강원특별자치도 정선군,14049.0,0.1,368521.0,607.0,3.1
47170,경상북도 안동시,202601-202608,강원특별자치도,인제군,강원특별자치도 인제군,7115.0,0.1,368521.0,607.0,3.1
47170,경상북도 안동시,202601-202608,강원특별자치도,철원군,강원특별자치도 철원군,4434.0,0.0,368521.0,607.0,3.1
47170,경상북도 안동시,202601-202608,강원특별자치도,화천군,강원특별자치도 화천군,3784.0,0.0,368521.0,607.0,3.1
47170,경상북도 안동시,202601-202608,강원특별자치도,양구군,강원특별자치도 양구군,4498.0,0.0,368521.0,607.0,3.1
47170,경상북도 안동시,202601-202608,강원특별자치도,고성군,강원특별자치도 고성군,3458.0,0.0,368521.0,607.0,3.1
47170,경상북도 안동시,202601-202608,강원특별자치도,양양군,강원특별자치도 양양군,4124.0,0.0,368521.0,607.0,3.1
47170,경상북도 안동시,202601-202608,충청북도,제천시,충청북도 제천시,58528.0,0.5,304419.0,552.0,2.6
47170,경상북도 안동시,202601-202608,충청북도,충주시,충청북도 충주시,50780.0,0.4,304419.0,552.0,2.6
47170,경상북도 안동시,202601-202608,충청북도,청주시 서원구,충청북도 청주시 서원구,29896.0,0.3,304419.0,552.0,2.6
47170,경상북도 안동시,202601-202608,충청북도,청주시 흥덕구,충청북도 청주시 흥덕구,34342.0,0.3,304419.0,552.0,2.6
47170,경상북도 안동시,202601-202608,충청북도,청주시 상당구,충청북도 청주시 상당구,19117.0,0.2,304419.0,552.0,2.6
47170,경상북도 안동시,202601-202608,충청북도,청주시 청원구,충청북도 청주시 청원구,24394.0,0.2,304419.0,552.0,2.6
47170,경상북도 안동시,202601-202608,충청북도,음성군,충청북도 음성군,20050.0,0.2,304419.0,552.0,2.6
47170,경상북도 안동시,202601-202608,충청북도,단양군,충청북도 단양군,24077.0,0.2,304419.0,552.0,2.6
47170,경상북도 안동시,202601-202608,충청북도,영동군,충청북도 영동군,8225.0,0.1,304419.0,552.0,2.6
47170,경상북도 안동시,202601-202608,충청북도,진천군,충청북도 진천군,13376.0,0.1,304419.0,552.0,2.6
47170,경상북도 안동시,202601-202608,충청북도,괴산군,충청북도 괴산군,5969.0,0.1,304419.0,552.0,2.6
47170,경상북도 안동시,202601-202608,충청북도,보은군,충청북도 보은군,4778.0,0.0,304419.0,552.0,2.6
47170,경상북도 안동시,202601-202608,충청북도,옥천군,충청북도 옥천군,5253.0,0.0,304419.0,552.0,2.6
47170,경상북도 안동시,202601-202608,충청북도,증평군,충청북도 증평군,5635.0,0.0,304419.0,552.0,2.6
47170,경상북도 안동시,202601-202608,울산광역시,남구,울산광역시 남구,60230.0,0.5,233525.0,483.0,2.0
47170,경상북도 안동시,202601-202608,울산광역시,북구,울산광역시 북구,52952.0,0.5,233525.0,483.0,2.0
47170,경상북도 안동시,202601-202608,울산광역시,울주군,울산광역시 울주군,47914.0,0.4,233525.0,483.0,2.0
47170,경상북도 안동시,202601-202608,울산광역시,중구,울산광역시 중구,39352.0,0.3,233525.0,483.0,2.0
47170,경상북도 안동시,202601-202608,울산광역시,동구,울산광역시 동구,33078.0,0.3,233525.0,483.0,2.0
47170,경상북도 안동시,202601-202608,인천광역시,연수구,인천광역시 연수구,30968.0,0.3,200652.0,448.0,1.7
47170,경상북도 안동시,202601-202608,인천광역시,부평구,인천광역시 부평구,31296.0,0.3,200652.0,448.0,1.7
47170,경상북도 안동시,202601-202608,인천광역시,서구,인천광역시 서구,33732.0,0.3,200652.0,448.0,1.7
47170,경상북도 안동시,202601-202608,인천광역시,미추홀구,인천광역시 미추홀구,22615.0,0.2,200652.0,448.0,1.7
47170,경상북도 안동시,202601-202608,인천광역시,남동구,인천광역시 남동구,28660.0,0.2,200652.0,448.0,1.7
47170,경상북도 안동시,202601-202608,인천광역시,계양구,인천광역시 계양구,17708.0,0.2,200652.0,448.0,1.7
47170,경상북도 안동시,202601-202608,인천광역시,중구,인천광역시 중구,12125.0,0.1,200652.0,448.0,1.7
47170,경상북도 안동시,202601-202608,인천광역시,서해구,인천광역시 서해구,6869.0,0.1,200652.0,448.0,1.7
47170,경상북도 안동시,202601-202608,인천광역시,제물포구,인천광역시 제물포구,1100.0,0.0,200652.0,448.0,1.7
47170,경상북도 안동시,202601-202608,인천광역시,동구,인천광역시 동구,1427.0,0.0,200652.0,448.0,1.7
47170,경상북도 안동시,202601-202608,인천광역시,영종구,인천광역시 영종구,3601.0,0.0,200652.0,448.0,1.7
47170,경상북도 안동시,202601-202608,인천광역시,검단구,인천광역시 검단구,5057.0,0.0,200652.0,448.0,1.7
47170,경상북도 안동시,202601-202608,인천광역시,강화군,인천광역시 강화군,3581.0,0.0,200652.0,448.0,1.7
47170,경상북도 안동시,202601-202608,인천광역시,옹진군,인천광역시 옹진군,1913.0,0.0,200652.0,448.0,1.7
47170,경상북도 안동시,202601-202608,충청남도,천안시 서북구,충청남도 천안시 서북구,33736.0,0.3,170494.0,413.0,1.5
47170,경상북도 안동시,202601-202608,충청남도,아산시,충청남도 아산시,30089.0,0.3,170494.0,413.0,1.5
47170,경상북도 안동시,202601-202608,충청남도,천안시 동남구,충청남도 천안시 동남구,25880.0,0.2,170494.0,413.0,1.5
47170,경상북도 안동시,202601-202608,충청남도,공주시,충청남도 공주시,8142.0,0.1,170494.0,413.0,1.5
47170,경상북도 안동시,202601-202608,충청남도,서산시,충청남도 서산시,11335.0,0.1,170494.0,413.0,1.5
47170,경상북도 안동시,202601-202608,충청남도,논산시,충청남도 논산시,9529.0,0.1,170494.0,413.0,1.5
47170,경상북도 안동시,202601-202608,충청남도,당진시,충청남도 당진시,14211.0,0.1,170494.0,413.0,1.5
47170,경상북도 안동시,202601-202608,충청남도,홍성군,충청남도 홍성군,6172.0,0.1,170494.0,413.0,1.5
47170,경상북도 안동시,202601-202608,충청남도,보령시,충청남도 보령시,5649.0,0.0,170494.0,413.0,1.5
47170,경상북도 안동시,202601-202608,충청남도,계룡시,충청남도 계룡시,5029.0,0.0,170494.0,413.0,1.5
47170,경상북도 안동시,202601-202608,충청남도,금산군,충청남도 금산군,4183.0,0.0,170494.0,413.0,1.5
47170,경상북도 안동시,202601-202608,충청남도,부여군,충청남도 부여군,4574.0,0.0,170494.0,413.0,1.5
47170,경상북도 안동시,202601-202608,충청남도,서천군,충청남도 서천군,2602.0,0.0,170494.0,413.0,1.5
47170,경상북도 안동시,202601-202608,충청남도,청양군,충청남도 청양군,1237.0,0.0,170494.0,413.0,1.5
47170,경상북도 안동시,202601-202608,충청남도,예산군,충청남도 예산군,5361.0,0.0,170494.0,413.0,1.5
47170,경상북도 안동시,202601-202608,충청남도,태안군,충청남도 태안군,2763.0,0.0,170494.0,413.0,1.5
47170,경상북도 안동시,202601-202608,대전광역시,서구,대전광역시 서구,49381.0,0.4,160531.0,401.0,1.4
47170,경상북도 안동시,202601-202608,대전광역시,유성구,대전광역시 유성구,51381.0,0.4,160531.0,401.0,1.4
47170,경상북도 안동시,202601-202608,대전광역시,동구,대전광역시 동구,21729.0,0.2,160531.0,401.0,1.4
47170,경상북도 안동시,202601-202608,대전광역시,중구,대전광역시 중구,20041.0,0.2,160531.0,401.0,1.4
47170,경상북도 안동시,202601-202608,대전광역시,대덕구,대전광역시 대덕구,17999.0,0.2,160531.0,401.0,1.4
47170,경상북도 안동시,202601-202608,전남광주통합특별시,서구,전남광주통합특별시 서구,6940.0,0.1,121475.0,349.0,1.0
47170,경상북도 안동시,202601-202608,전남광주통합특별시,북구,전남광주통합특별시 북구,9321.0,0.1,121475.0,349.0,1.0
47170,경상북도 안동시,202601-202608,전남광주통합특별시,광산구,전남광주통합특별시 광산구,10728.0,0.1,121475.0,349.0,1.0
47170,경상북도 안동시,202601-202608,전남광주통합특별시,여수시,전남광주통합특별시 여수시,6717.0,0.1,121475.0,349.0,1.0
47170,경상북도 안동시,202601-202608,전남광주통합특별시,순천시,전남광주통합특별시 순천시,7891.0,0.1,121475.0,349.0,1.0
47170,경상북도 안동시,202601-202608,전남광주통합특별시,광양시,전남광주통합특별시 광양시,7745.0,0.1,121475.0,349.0,1.0
47170,경상북도 안동시,202601-202608,전남광주통합특별시,목포시,전남광주통합특별시 목포시,1842.0,0.0,121475.0,349.0,1.0
47170,경상북도 안동시,202601-202608,전남광주통합특별시,여수시,전남광주통합특별시 여수시,3177.0,0.0,121475.0,349.0,1.0
47170,경상북도 안동시,202601-202608,전남광주통합특별시,순천시,전남광주통합특별시 순천시,2733.0,0.0,121475.0,349.0,1.0
47170,경상북도 안동시,202601-202608,전남광주통합특별시,나주시,전남광주통합특별시 나주시,1282.0,0.0,121475.0,349.0,1.0
47170,경상북도 안동시,202601-202608,전남광주통합특별시,광양시,전남광주통합특별시 광양시,3080.0,0.0,121475.0,349.0,1.0
47170,경상북도 안동시,202601-202608,전남광주통합특별시,동구,전남광주통합특별시 동구,1068.0,0.0,121475.0,349.0,1.0
47170,경상북도 안동시,202601-202608,전남광주통합특별시,서구,전남광주통합특별시 서구,2543.0,0.0,121475.0,349.0,1.0
47170,경상북도 안동시,202601-202608,전남광주통합특별시,남구,전남광주통합특별시 남구,1384.0,0.0,121475.0,349.0,1.0
47170,경상북도 안동시,202601-202608,전남광주통합특별시,북구,전남광주통합특별시 북구,4697.0,0.0,121475.0,349.0,1.0
47170,경상북도 안동시,202601-202608,전남광주통합특별시,광산구,전남광주통합특별시 광산구,4785.0,0.0,121475.0,349.0,1.0
47170,경상북도 안동시,202601-202608,전남광주통합특별시,담양군,전남광주통합특별시 담양군,526.0,0.0,121475.0,349.0,1.0
47170,경상북도 안동시,202601-202608,전남광주통합특별시,곡성군,전남광주통합특별시 곡성군,388.0,0.0,121475.0,349.0,1.0
47170,경상북도 안동시,202601-202608,전남광주통합특별시,구례군,전남광주통합특별시 구례군,274.0,0.0,121475.0,349.0,1.0
47170,경상북도 안동시,202601-202608,전남광주통합특별시,고흥군,전남광주통합특별시 고흥군,329.0,0.0,121475.0,349.0,1.0
47170,경상북도 안동시,202601-202608,전남광주통합특별시,보성군,전남광주통합특별시 보성군,262.0,0.0,121475.0,349.0,1.0
47170,경상북도 안동시,202601-202608,전남광주통합특별시,화순군,전남광주통합특별시 화순군,548.0,0.0,121475.0,349.0,1.0
47170,경상북도 안동시,202601-202608,전남광주통합특별시,장흥군,전남광주통합특별시 장흥군,416.0,0.0,121475.0,349.0,1.0
47170,경상북도 안동시,202601-202608,전남광주통합특별시,강진군,전남광주통합특별시 강진군,405.0,0.0,121475.0,349.0,1.0
47170,경상북도 안동시,202601-202608,전남광주통합특별시,해남군,전남광주통합특별시 해남군,554.0,0.0,121475.0,349.0,1.0
47170,경상북도 안동시,202601-202608,전남광주통합특별시,영암군,전남광주통합특별시 영암군,623.0,0.0,121475.0,349.0,1.0
47170,경상북도 안동시,202601-202608,전남광주통합특별시,무안군,전남광주통합특별시 무안군,1262.0,0.0,121475.0,349.0,1.0
47170,경상북도 안동시,202601-202608,전남광주통합특별시,함평군,전남광주통합특별시 함평군,132.0,0.0,121475.0,349.0,1.0
47170,경상북도 안동시,202601-202608,전남광주통합특별시,영광군,전남광주통합특별시 영광군,583.0,0.0,121475.0,349.0,1.0
47170,경상북도 안동시,202601-202608,전남광주통합특별시,장성군,전남광주통합특별시 장성군,479.0,0.0,121475.0,349.0,1.0
47170,경상북도 안동시,202601-202608,전남광주통합특별시,완도군,전남광주통합특별시 완도군,645.0,0.0,121475.0,349.0,1.0
47170,경상북도 안동시,202601-202608,전남광주통합특별시,진도군,전남광주통합특별시 진도군,244.0,0.0,121475.0,349.0,1.0
47170,경상북도 안동시,202601-202608,전남광주통합특별시,신안군,전남광주통합특별시 신안군,467.0,0.0,121475.0,349.0,1.0
47170,경상북도 안동시,202601-202608,전남광주통합특별시,동구,전남광주통합특별시 동구,2384.0,0.0,121475.0,349.0,1.0
47170,경상북도 안동시,202601-202608,전남광주통합특별시,남구,전남광주통합특별시 남구,4106.0,0.0,121475.0,349.0,1.0
47170,경상북도 안동시,202601-202608,전남광주통합특별시,목포시,전남광주통합특별시 목포시,5152.0,0.0,121475.0,349.0,1.0
47170,경상북도 안동시,202601-202608,전남광주통합특별시,나주시,전남광주통합특별시 나주시,4423.0,0.0,121475.0,349.0,1.0
47170,경상북도 안동시,202601-202608,전남광주통합특별시,담양군,전남광주통합특별시 담양군,1440.0,0.0,121475.0,349.0,1.0
47170,경상북도 안동시,202601-202608,전남광주통합특별시,곡성군,전남광주통합특별시 곡성군,1045.0,0.0,121475.0,349.0,1.0
47170,경상북도 안동시,202601-202608,전남광주통합특별시,구례군,전남광주통합특별시 구례군,654.0,0.0,121475.0,349.0,1.0
47170,경상북도 안동시,202601-202608,전남광주통합특별시,고흥군,전남광주통합특별시 고흥군,1449.0,0.0,121475.0,349.0,1.0
47170,경상북도 안동시,202601-202608,전남광주통합특별시,보성군,전남광주통합특별시 보성군,1291.0,0.0,121475.0,349.0,1.0
47170,경상북도 안동시,202601-202608,전남광주통합특별시,화순군,전남광주통합특별시 화순군,1311.0,0.0,121475.0,349.0,1.0
47170,경상북도 안동시,202601-202608,전남광주통합특별시,장흥군,전남광주통합특별시 장흥군,823.0,0.0,121475.0,349.0,1.0
47170,경상북도 안동시,202601-202608,전남광주통합특별시,강진군,전남광주통합특별시 강진군,496.0,0.0,121475.0,349.0,1.0
47170,경상북도 안동시,202601-202608,전남광주통합특별시,해남군,전남광주통합특별시 해남군,1756.0,0.0,121475.0,349.0,1.0
47170,경상북도 안동시,202601-202608,전남광주통합특별시,영암군,전남광주통합특별시 영암군,2101.0,0.0,121475.0,349.0,1.0
47170,경상북도 안동시,202601-202608,전남광주통합특별시,무안군,전남광주통합특별시 무안군,2596.0,0.0,121475.0,349.0,1.0
47170,경상북도 안동시,202601-202608,전남광주통합특별시,함평군,전남광주통합특별시 함평군,687.0,0.0,121475.0,349.0,1.0
47170,경상북도 안동시,202601-202608,전남광주통합특별시,영광군,전남광주통합특별시 영광군,1501.0,0.0,121475.0,349.0,1.0
47170,경상북도 안동시,202601-202608,전남광주통합특별시,장성군,전남광주통합특별시 장성군,1701.0,0.0,121475.0,349.0,1.0
47170,경상북도 안동시,202601-202608,전남광주통합특별시,완도군,전남광주통합특별시 완도군,1107.0,0.0,121475.0,349.0,1.0
47170,경상북도 안동시,202601-202608,전남광주통합특별시,진도군,전남광주통합특별시 진도군,761.0,0.0,121475.0,349.0,1.0
47170,경상북도 안동시,202601-202608,전남광주통합특별시,신안군,전남광주통합특별시 신안군,622.0,0.0,121475.0,349.0,1.0
47170,경상북도 안동시,202601-202608,전북특별자치도,전주시 완산구,전북특별자치도 전주시 완산구,11066.0,0.1,77908.0,279.0,0.7
47170,경상북도 안동시,202601-202608,전북특별자치도,전주시 덕진구,전북특별자치도 전주시 덕진구,14501.0,0.1,77908.0,279.0,0.7
47170,경상북도 안동시,202601-202608,전북특별자치도,군산시,전북특별자치도 군산시,10104.0,0.1,77908.0,279.0,0.7
47170,경상북도 안동시,202601-202608,전북특별자치도,익산시,전북특별자치도 익산시,13607.0,0.1,77908.0,279.0,0.7
47170,경상북도 안동시,202601-202608,전북특별자치도,완주군,전북특별자치도 완주군,7458.0,0.1,77908.0,279.0,0.7
47170,경상북도 안동시,202601-202608,전북특별자치도,정읍시,전북특별자치도 정읍시,4198.0,0.0,77908.0,279.0,0.7
47170,경상북도 안동시,202601-202608,전북특별자치도,남원시,전북특별자치도 남원시,4355.0,0.0,77908.0,279.0,0.7
47170,경상북도 안동시,202601-202608,전북특별자치도,김제시,전북특별자치도 김제시,2842.0,0.0,77908.0,279.0,0.7
47170,경상북도 안동시,202601-202608,전북특별자치도,진안군,전북특별자치도 진안군,1157.0,0.0,77908.0,279.0,0.7
47170,경상북도 안동시,202601-202608,전북특별자치도,무주군,전북특별자치도 무주군,3475.0,0.0,77908.0,279.0,0.7
47170,경상북도 안동시,202601-202608,전북특별자치도,장수군,전북특별자치도 장수군,742.0,0.0,77908.0,279.0,0.7
47170,경상북도 안동시,202601-202608,전북특별자치도,임실군,전북특별자치도 임실군,880.0,0.0,77908.0,279.0,0.7
47170,경상북도 안동시,202601-202608,전북특별자치도,순창군,전북특별자치도 순창군,734.0,0.0,77908.0,279.0,0.7
47170,경상북도 안동시,202601-202608,전북특별자치도,고창군,전북특별자치도 고창군,1599.0,0.0,77908.0,279.0,0.7
47170,경상북도 안동시,202601-202608,전북특별자치도,부안군,전북특별자치도 부안군,1190.0,0.0,77908.0,279.0,0.7
47170,경상북도 안동시,202601-202608,세종특별자치시,세종특별자치시,세종특별자치시,53641.0,0.5,53641.0,232.0,0.5
47170,경상북도 안동시,202601-202608,제주특별자치도,제주시,제주특별자치도 제주시,27407.0,0.2,40170.0,200.0,0.3
47170,경상북도 안동시,202601-202608,제주특별자치도,서귀포시,제주특별자치도 서귀포시,12763.0,0.1,40170.0,200.0,0.3
