조회_SGG_CD,조회_지역,조회기간,BASE_DATE,SGG_NM,CARD_AMT,TOTL_CARD_AMT,CARD_PER
47170,경상북도 안동시,201801-202608,202603,경상북도 안동시,853.0,657084.0,0.1
47170,경상북도 안동시,201801-202608,202604,경상북도 안동시,983.0,643947.0,0.2
47170,경상북도 안동시,201801-202608,202605,경상북도 안동시,1258.0,747542.0,0.2
47170,경상북도 안동시,201801-202608,202606,경상북도 안동시,896.0,632535.0,0.1
47170,경상북도 안동시,201801-202608,201801,경상북도 안동시,812.0,523339.0,0.2
47170,경상북도 안동시,201801-202608,201802,경상북도 안동시,757.0,520192.0,0.1
47170,경상북도 안동시,201801-202608,201803,경상북도 안동시,1050.0,577789.0,0.2
47170,경상북도 안동시,201801-202608,201804,경상북도 안동시,1082.0,581444.0,0.2
47170,경상북도 안동시,201801-202608,201805,경상북도 안동시,1138.0,632365.0,0.2
47170,경상북도 안동시,201801-202608,201806,경상북도 안동시,983.0,585292.0,0.2
47170,경상북도 안동시,201801-202608,201808,경상북도 안동시,801.0,540391.0,0.1
47170,경상북도 안동시,201801-202608,201809,경상북도 안동시,1148.0,620515.0,0.2
47170,경상북도 안동시,201801-202608,201810,경상북도 안동시,1454.0,676479.0,0.2
47170,경상북도 안동시,201801-202608,201811,경상북도 안동시,1413.0,646061.0,0.2
47170,경상북도 안동시,201801-202608,201812,경상북도 안동시,1217.0,706241.0,0.2
47170,경상북도 안동시,201801-202608,201901,경상북도 안동시,798.0,558412.0,0.1
47170,경상북도 안동시,201801-202608,201902,경상북도 안동시,725.0,529467.0,0.1
47170,경상북도 안동시,201801-202608,201903,경상북도 안동시,1099.0,637448.0,0.2
47170,경상북도 안동시,201801-202608,201904,경상북도 안동시,1091.0,611147.0,0.2
47170,경상북도 안동시,201801-202608,201905,경상북도 안동시,1237.0,692777.0,0.2
47170,경상북도 안동시,201801-202608,201906,경상북도 안동시,972.0,607046.0,0.2
47170,경상북도 안동시,201801-202608,201907,경상북도 안동시,808.0,576127.0,0.1
47170,경상북도 안동시,201801-202608,201908,경상북도 안동시,765.0,567015.0,0.1
47170,경상북도 안동시,201801-202608,201909,경상북도 안동시,872.0,603996.0,0.1
47170,경상북도 안동시,201801-202608,201910,경상북도 안동시,1195.0,674993.0,0.2
47170,경상북도 안동시,201801-202608,201911,경상북도 안동시,1197.0,718036.0,0.2
47170,경상북도 안동시,201801-202608,202001,경상북도 안동시,689.0,565670.0,0.1
47170,경상북도 안동시,201801-202608,202002,경상북도 안동시,529.0,424773.0,0.1
47170,경상북도 안동시,201801-202608,202003,경상북도 안동시,466.0,393889.0,0.1
47170,경상북도 안동시,201801-202608,202004,경상북도 안동시,651.0,491457.0,0.1
47170,경상북도 안동시,201801-202608,202005,경상북도 안동시,1137.0,644919.0,0.2
47170,경상북도 안동시,201801-202608,202006,경상북도 안동시,818.0,565572.0,0.1
47170,경상북도 안동시,201801-202608,202007,경상북도 안동시,693.0,516120.0,0.1
47170,경상북도 안동시,201801-202608,202008,경상북도 안동시,616.0,481257.0,0.1
47170,경상북도 안동시,201801-202608,202009,경상북도 안동시,776.0,523918.0,0.1
47170,경상북도 안동시,201801-202608,202010,경상북도 안동시,1081.0,636221.0,0.2
47170,경상북도 안동시,201801-202608,202011,경상북도 안동시,978.0,616266.0,0.2
47170,경상북도 안동시,201801-202608,202012,경상북도 안동시,723.0,524868.0,0.1
47170,경상북도 안동시,201801-202608,202101,경상북도 안동시,469.0,467757.0,0.1
47170,경상북도 안동시,201801-202608,202102,경상북도 안동시,572.0,497267.0,0.1
47170,경상북도 안동시,201801-202608,202103,경상북도 안동시,894.0,591175.0,0.2
47170,경상북도 안동시,201801-202608,202104,경상북도 안동시,968.0,588975.0,0.2
47170,경상북도 안동시,201801-202608,202105,경상북도 안동시,1009.0,637607.0,0.2
47170,경상북도 안동시,201801-202608,202106,경상북도 안동시,959.0,582257.0,0.2
47170,경상북도 안동시,201801-202608,202107,경상북도 안동시,900.0,538825.0,0.2
47170,경상북도 안동시,201801-202608,202108,경상북도 안동시,740.0,504936.0,0.1
47170,경상북도 안동시,201801-202608,202109,경상북도 안동시,1132.0,618134.0,0.2
47170,경상북도 안동시,201801-202608,202110,경상북도 안동시,1214.0,725689.0,0.2
47170,경상북도 안동시,201801-202608,202111,경상북도 안동시,1157.0,696434.0,0.2
47170,경상북도 안동시,201801-202608,202112,경상북도 안동시,853.0,684255.0,0.1
47170,경상북도 안동시,201801-202608,202205,경상북도 안동시,1254.0,762631.0,0.2
47170,경상북도 안동시,201801-202608,202301,경상북도 안동시,526.0,610343.0,0.1
47170,경상북도 안동시,201801-202608,202302,경상북도 안동시,565.0,577071.0,0.1
47170,경상북도 안동시,201801-202608,202303,경상북도 안동시,978.0,668955.0,0.1
47170,경상북도 안동시,201801-202608,202304,경상북도 안동시,903.0,666255.0,0.1
47170,경상북도 안동시,201801-202608,202305,경상북도 안동시,1009.0,719541.0,0.1
47170,경상북도 안동시,201801-202608,202306,경상북도 안동시,851.0,647231.0,0.1
47170,경상북도 안동시,201801-202608,202307,경상북도 안동시,683.0,644899.0,0.1
47170,경상북도 안동시,201801-202608,202308,경상북도 안동시,604.0,575318.0,0.1
47170,경상북도 안동시,201801-202608,202309,경상북도 안동시,790.0,624685.0,0.1
47170,경상북도 안동시,201801-202608,202310,경상북도 안동시,1262.0,715316.0,0.2
47170,경상북도 안동시,201801-202608,202311,경상북도 안동시,1041.0,695656.0,0.1
47170,경상북도 안동시,201801-202608,202312,경상북도 안동시,900.0,750830.0,0.1
47170,경상북도 안동시,201801-202608,202401,경상북도 안동시,575.0,588058.0,0.1
47170,경상북도 안동시,201801-202608,202402,경상북도 안동시,661.0,585128.0,0.1
47170,경상북도 안동시,201801-202608,202403,경상북도 안동시,884.0,673635.0,0.1
47170,경상북도 안동시,201801-202608,202404,경상북도 안동시,1033.0,668463.0,0.2
47170,경상북도 안동시,201801-202608,202405,경상북도 안동시,1264.0,696796.0,0.2
47170,경상북도 안동시,201801-202608,202406,경상북도 안동시,921.0,668934.0,0.1
47170,경상북도 안동시,201801-202608,202407,경상북도 안동시,733.0,600192.0,0.1
47170,경상북도 안동시,201801-202608,202408,경상북도 안동시,693.0,584654.0,0.1
47170,경상북도 안동시,201801-202608,202409,경상북도 안동시,913.0,609816.0,0.1
47170,경상북도 안동시,201801-202608,202410,경상북도 안동시,1097.0,685336.0,0.2
47170,경상북도 안동시,201801-202608,202411,경상북도 안동시,1033.0,686712.0,0.2
47170,경상북도 안동시,201801-202608,202412,경상북도 안동시,862.0,743781.0,0.1
47170,경상북도 안동시,201801-202608,202501,경상북도 안동시,505.0,605595.0,0.1
47170,경상북도 안동시,201801-202608,202502,경상북도 안동시,456.0,530778.0,0.1
47170,경상북도 안동시,201801-202608,202503,경상북도 안동시,715.0,626429.0,0.1
47170,경상북도 안동시,201801-202608,202504,경상북도 안동시,726.0,574769.0,0.1
47170,경상북도 안동시,201801-202608,202505,경상북도 안동시,1001.0,682499.0,0.1
47170,경상북도 안동시,201801-202608,202507,경상북도 안동시,721.0,600599.0,0.1
47170,경상북도 안동시,201801-202608,202508,경상북도 안동시,643.0,579721.0,0.1
47170,경상북도 안동시,201801-202608,202509,경상북도 안동시,766.0,591325.0,0.1
47170,경상북도 안동시,201801-202608,202510,경상북도 안동시,1150.0,699760.0,0.2
47170,경상북도 안동시,201801-202608,202511,경상북도 안동시,1125.0,731979.0,0.2
47170,경상북도 안동시,201801-202608,202512,경상북도 안동시,881.0,763750.0,0.1
47170,경상북도 안동시,201801-202608,202601,경상북도 안동시,684.0,660320.0,0.1
47170,경상북도 안동시,201801-202608,202602,경상북도 안동시,608.0,644267.0,0.1
47170,경상북도 안동시,201801-202608,201912,경상북도 안동시,1164.0,721004.0,0.2
47170,경상북도 안동시,201801-202608,202203,경상북도 안동시,843.0,592387.0,0.1
47170,경상북도 안동시,201801-202608,201807,경상북도 안동시,974.0,594154.0,0.2
47170,경상북도 안동시,201801-202608,202201,경상북도 안동시,621.0,622496.0,0.1
47170,경상북도 안동시,201801-202608,202207,경상북도 안동시,928.0,669231.0,0.1
47170,경상북도 안동시,201801-202608,202209,경상북도 안동시,949.0,650901.0,0.1
47170,경상북도 안동시,201801-202608,202212,경상북도 안동시,933.0,770109.0,0.1
47170,경상북도 안동시,201801-202608,202506,경상북도 안동시,834.0,627702.0,0.1
47170,경상북도 안동시,201801-202608,202202,경상북도 안동시,518.0,498646.0,0.1
47170,경상북도 안동시,201801-202608,202208,경상북도 안동시,797.0,608804.0,0.1
47170,경상북도 안동시,201801-202608,202204,경상북도 안동시,1101.0,682496.0,0.2
47170,경상북도 안동시,201801-202608,202206,경상북도 안동시,1065.0,661712.0,0.2
47170,경상북도 안동시,201801-202608,202210,경상북도 안동시,1238.0,781869.0,0.2
47170,경상북도 안동시,201801-202608,202211,경상북도 안동시,1115.0,698144.0,0.2
47170,경상북도 안동시,201801-202608,202607,경상북도 안동시,628.0,585521.0,0.1
47170,경상북도 안동시,201801-202608,202608,경상북도 안동시,631.0,577930.0,0.1
47130,경상북도 경주시,201801-202608,202603,경상북도 경주시,2421.0,657084.0,0.4
47130,경상북도 경주시,201801-202608,202604,경상북도 경주시,2476.0,643947.0,0.4
47130,경상북도 경주시,201801-202608,202605,경상북도 경주시,2759.0,747542.0,0.4
47130,경상북도 경주시,201801-202608,202606,경상북도 경주시,2690.0,632535.0,0.4
47130,경상북도 경주시,201801-202608,201802,경상북도 경주시,2080.0,520192.0,0.4
47130,경상북도 경주시,201801-202608,201803,경상북도 경주시,2601.0,577789.0,0.5
47130,경상북도 경주시,201801-202608,201804,경상북도 경주시,2852.0,581444.0,0.5
47130,경상북도 경주시,201801-202608,201805,경상북도 경주시,3096.0,632365.0,0.5
47130,경상북도 경주시,201801-202608,201806,경상북도 경주시,2550.0,585292.0,0.4
47130,경상북도 경주시,201801-202608,201808,경상북도 경주시,2318.0,540391.0,0.4
47130,경상북도 경주시,201801-202608,201809,경상북도 경주시,2651.0,620515.0,0.4
47130,경상북도 경주시,201801-202608,201810,경상북도 경주시,3183.0,676479.0,0.5
47130,경상북도 경주시,201801-202608,201811,경상북도 경주시,2836.0,646061.0,0.4
47130,경상북도 경주시,201801-202608,201812,경상북도 경주시,2896.0,706241.0,0.4
47130,경상북도 경주시,201801-202608,201901,경상북도 경주시,1951.0,558412.0,0.3
47130,경상북도 경주시,201801-202608,201902,경상북도 경주시,1929.0,529467.0,0.4
47130,경상북도 경주시,201801-202608,201903,경상북도 경주시,2845.0,637448.0,0.4
47130,경상북도 경주시,201801-202608,201904,경상북도 경주시,2827.0,611147.0,0.5
47130,경상북도 경주시,201801-202608,201905,경상북도 경주시,2807.0,692777.0,0.4
47130,경상북도 경주시,201801-202608,201906,경상북도 경주시,2551.0,607046.0,0.4
47130,경상북도 경주시,201801-202608,201907,경상북도 경주시,2227.0,576127.0,0.4
47130,경상북도 경주시,201801-202608,201908,경상북도 경주시,2205.0,567015.0,0.4
47130,경상북도 경주시,201801-202608,201909,경상북도 경주시,2265.0,603996.0,0.4
47130,경상북도 경주시,201801-202608,201910,경상북도 경주시,2712.0,674993.0,0.4
47130,경상북도 경주시,201801-202608,201911,경상북도 경주시,2955.0,718036.0,0.4
47130,경상북도 경주시,201801-202608,201912,경상북도 경주시,2647.0,721004.0,0.4
47130,경상북도 경주시,201801-202608,202001,경상북도 경주시,1963.0,565670.0,0.3
47130,경상북도 경주시,201801-202608,202002,경상북도 경주시,1548.0,424773.0,0.4
47130,경상북도 경주시,201801-202608,202003,경상북도 경주시,1292.0,393889.0,0.3
47130,경상북도 경주시,201801-202608,202004,경상북도 경주시,1817.0,491457.0,0.4
47130,경상북도 경주시,201801-202608,202005,경상북도 경주시,2949.0,644919.0,0.5
47130,경상북도 경주시,201801-202608,202006,경상북도 경주시,2337.0,565572.0,0.4
47130,경상북도 경주시,201801-202608,202007,경상북도 경주시,2084.0,516120.0,0.4
47130,경상북도 경주시,201801-202608,202008,경상북도 경주시,1913.0,481257.0,0.4
47130,경상북도 경주시,201801-202608,202009,경상북도 경주시,2118.0,523918.0,0.4
47130,경상북도 경주시,201801-202608,202010,경상북도 경주시,2701.0,636221.0,0.4
47130,경상북도 경주시,201801-202608,202011,경상북도 경주시,2581.0,616266.0,0.4
47130,경상북도 경주시,201801-202608,202012,경상북도 경주시,1956.0,524868.0,0.4
47130,경상북도 경주시,201801-202608,202101,경상북도 경주시,1247.0,467757.0,0.3
47130,경상북도 경주시,201801-202608,202102,경상북도 경주시,1614.0,497267.0,0.3
47130,경상북도 경주시,201801-202608,202103,경상북도 경주시,2150.0,591175.0,0.4
47130,경상북도 경주시,201801-202608,202104,경상북도 경주시,2375.0,588975.0,0.4
47130,경상북도 경주시,201801-202608,202105,경상북도 경주시,2624.0,637607.0,0.4
47130,경상북도 경주시,201801-202608,202106,경상북도 경주시,2403.0,582257.0,0.4
47130,경상북도 경주시,201801-202608,202107,경상북도 경주시,2333.0,538825.0,0.4
47130,경상북도 경주시,201801-202608,202109,경상북도 경주시,2528.0,618134.0,0.4
47130,경상북도 경주시,201801-202608,202110,경상북도 경주시,2882.0,725689.0,0.4
47130,경상북도 경주시,201801-202608,202111,경상북도 경주시,2906.0,696434.0,0.4
47130,경상북도 경주시,201801-202608,202112,경상북도 경주시,1990.0,684255.0,0.3
47130,경상북도 경주시,201801-202608,202205,경상북도 경주시,3252.0,762631.0,0.4
47130,경상북도 경주시,201801-202608,202301,경상북도 경주시,1727.0,610343.0,0.3
47130,경상북도 경주시,201801-202608,202303,경상북도 경주시,2691.0,668955.0,0.4
47130,경상북도 경주시,201801-202608,202304,경상북도 경주시,2748.0,666255.0,0.4
47130,경상북도 경주시,201801-202608,202305,경상북도 경주시,3157.0,719541.0,0.4
47130,경상북도 경주시,201801-202608,202306,경상북도 경주시,2888.0,647231.0,0.4
47130,경상북도 경주시,201801-202608,202307,경상북도 경주시,2436.0,644899.0,0.4
47130,경상북도 경주시,201801-202608,202308,경상북도 경주시,2318.0,575318.0,0.4
47130,경상북도 경주시,201801-202608,202309,경상북도 경주시,2678.0,624685.0,0.4
47130,경상북도 경주시,201801-202608,202310,경상북도 경주시,3112.0,715316.0,0.4
47130,경상북도 경주시,201801-202608,202311,경상북도 경주시,2664.0,695656.0,0.4
47130,경상북도 경주시,201801-202608,202312,경상북도 경주시,2366.0,750830.0,0.3
47130,경상북도 경주시,201801-202608,202401,경상북도 경주시,1681.0,588058.0,0.3
47130,경상북도 경주시,201801-202608,202402,경상북도 경주시,1740.0,585128.0,0.3
47130,경상북도 경주시,201801-202608,202403,경상북도 경주시,2433.0,673635.0,0.4
47130,경상북도 경주시,201801-202608,202404,경상북도 경주시,2614.0,668463.0,0.4
47130,경상북도 경주시,201801-202608,202405,경상북도 경주시,2676.0,696796.0,0.4
47130,경상북도 경주시,201801-202608,202406,경상북도 경주시,2597.0,668934.0,0.4
47130,경상북도 경주시,201801-202608,202407,경상북도 경주시,2412.0,600192.0,0.4
47130,경상북도 경주시,201801-202608,202408,경상북도 경주시,2473.0,584654.0,0.4
47130,경상북도 경주시,201801-202608,202409,경상북도 경주시,2337.0,609816.0,0.4
47130,경상북도 경주시,201801-202608,202410,경상북도 경주시,2818.0,685336.0,0.4
47130,경상북도 경주시,201801-202608,202411,경상북도 경주시,2507.0,686712.0,0.4
47130,경상북도 경주시,201801-202608,202412,경상북도 경주시,2373.0,743781.0,0.3
47130,경상북도 경주시,201801-202608,202501,경상북도 경주시,1583.0,605595.0,0.3
47130,경상북도 경주시,201801-202608,202502,경상북도 경주시,1483.0,530778.0,0.3
47130,경상북도 경주시,201801-202608,202503,경상북도 경주시,2213.0,626429.0,0.4
47130,경상북도 경주시,201801-202608,202504,경상북도 경주시,2338.0,574769.0,0.4
47130,경상북도 경주시,201801-202608,202505,경상북도 경주시,2523.0,682499.0,0.4
47130,경상북도 경주시,201801-202608,202506,경상북도 경주시,2291.0,627702.0,0.4
47130,경상북도 경주시,201801-202608,202507,경상북도 경주시,2659.0,600599.0,0.4
47130,경상북도 경주시,201801-202608,202508,경상북도 경주시,2395.0,579721.0,0.4
47130,경상북도 경주시,201801-202608,202509,경상북도 경주시,2446.0,591325.0,0.4
47130,경상북도 경주시,201801-202608,202510,경상북도 경주시,2373.0,699760.0,0.3
47130,경상북도 경주시,201801-202608,202511,경상북도 경주시,2852.0,731979.0,0.4
47130,경상북도 경주시,201801-202608,202512,경상북도 경주시,2414.0,763750.0,0.3
47130,경상북도 경주시,201801-202608,202601,경상북도 경주시,1886.0,660320.0,0.3
47130,경상북도 경주시,201801-202608,202602,경상북도 경주시,2019.0,644267.0,0.3
47130,경상북도 경주시,201801-202608,201807,경상북도 경주시,2401.0,594154.0,0.4
47130,경상북도 경주시,201801-202608,202203,경상북도 경주시,2167.0,592387.0,0.4
47130,경상북도 경주시,201801-202608,202302,경상북도 경주시,1845.0,577071.0,0.3
47130,경상북도 경주시,201801-202608,201801,경상북도 경주시,1949.0,523339.0,0.4
47130,경상북도 경주시,201801-202608,202108,경상북도 경주시,2037.0,504936.0,0.4
47130,경상북도 경주시,201801-202608,202201,경상북도 경주시,1898.0,622496.0,0.3
47130,경상북도 경주시,201801-202608,202207,경상북도 경주시,2667.0,669231.0,0.4
47130,경상북도 경주시,201801-202608,202209,경상북도 경주시,2606.0,650901.0,0.4
47130,경상북도 경주시,201801-202608,202212,경상북도 경주시,2354.0,770109.0,0.3
47130,경상북도 경주시,201801-202608,202202,경상북도 경주시,1582.0,498646.0,0.3
47130,경상북도 경주시,201801-202608,202208,경상북도 경주시,2441.0,608804.0,0.4
47130,경상북도 경주시,201801-202608,202204,경상북도 경주시,2625.0,682496.0,0.4
47130,경상북도 경주시,201801-202608,202206,경상북도 경주시,2595.0,661712.0,0.4
47130,경상북도 경주시,201801-202608,202210,경상북도 경주시,3570.0,781869.0,0.5
47130,경상북도 경주시,201801-202608,202211,경상북도 경주시,2986.0,698144.0,0.4
47130,경상북도 경주시,201801-202608,202607,경상북도 경주시,2405.0,585521.0,0.4
47130,경상북도 경주시,201801-202608,202608,경상북도 경주시,2624.0,577930.0,0.5
44150,충청남도 공주시,201801-202608,202603,충청남도 공주시,170.0,657084.0,0.0
44150,충청남도 공주시,201801-202608,202604,충청남도 공주시,173.0,643947.0,0.0
44150,충청남도 공주시,201801-202608,202605,충청남도 공주시,186.0,747542.0,0.0
44150,충청남도 공주시,201801-202608,202606,충청남도 공주시,169.0,632535.0,0.0
44150,충청남도 공주시,201801-202608,201801,충청남도 공주시,232.0,523339.0,0.0
44150,충청남도 공주시,201801-202608,201802,충청남도 공주시,195.0,520192.0,0.0
44150,충청남도 공주시,201801-202608,201803,충청남도 공주시,317.0,577789.0,0.1
44150,충청남도 공주시,201801-202608,201804,충청남도 공주시,379.0,581444.0,0.1
44150,충청남도 공주시,201801-202608,201806,충청남도 공주시,313.0,585292.0,0.1
44150,충청남도 공주시,201801-202608,201807,충청남도 공주시,278.0,594154.0,0.0
44150,충청남도 공주시,201801-202608,201808,충청남도 공주시,257.0,540391.0,0.0
44150,충청남도 공주시,201801-202608,201809,충청남도 공주시,316.0,620515.0,0.1
44150,충청남도 공주시,201801-202608,201810,충청남도 공주시,363.0,676479.0,0.1
44150,충청남도 공주시,201801-202608,201811,충청남도 공주시,361.0,646061.0,0.1
44150,충청남도 공주시,201801-202608,201812,충청남도 공주시,297.0,706241.0,0.0
44150,충청남도 공주시,201801-202608,201901,충청남도 공주시,214.0,558412.0,0.0
44150,충청남도 공주시,201801-202608,201902,충청남도 공주시,234.0,529467.0,0.0
44150,충청남도 공주시,201801-202608,201903,충청남도 공주시,330.0,637448.0,0.1
44150,충청남도 공주시,201801-202608,201904,충청남도 공주시,353.0,611147.0,0.1
44150,충청남도 공주시,201801-202608,201905,충청남도 공주시,359.0,692777.0,0.1
44150,충청남도 공주시,201801-202608,201906,충청남도 공주시,305.0,607046.0,0.1
44150,충청남도 공주시,201801-202608,201907,충청남도 공주시,284.0,576127.0,0.0
44150,충청남도 공주시,201801-202608,201908,충청남도 공주시,237.0,567015.0,0.0
44150,충청남도 공주시,201801-202608,201909,충청남도 공주시,243.0,603996.0,0.0
44150,충청남도 공주시,201801-202608,201910,충청남도 공주시,324.0,674993.0,0.0
44150,충청남도 공주시,201801-202608,201911,충청남도 공주시,357.0,718036.0,0.0
44150,충청남도 공주시,201801-202608,201912,충청남도 공주시,309.0,721004.0,0.0
44150,충청남도 공주시,201801-202608,202002,충청남도 공주시,143.0,424773.0,0.0
44150,충청남도 공주시,201801-202608,202003,충청남도 공주시,225.0,393889.0,0.1
44150,충청남도 공주시,201801-202608,202004,충청남도 공주시,226.0,491457.0,0.0
44150,충청남도 공주시,201801-202608,202005,충청남도 공주시,318.0,644919.0,0.0
44150,충청남도 공주시,201801-202608,202007,충청남도 공주시,215.0,516120.0,0.0
44150,충청남도 공주시,201801-202608,202008,충청남도 공주시,172.0,481257.0,0.0
44150,충청남도 공주시,201801-202608,202009,충청남도 공주시,214.0,523918.0,0.0
44150,충청남도 공주시,201801-202608,202010,충청남도 공주시,300.0,636221.0,0.0
44150,충청남도 공주시,201801-202608,202011,충청남도 공주시,267.0,616266.0,0.0
44150,충청남도 공주시,201801-202608,202012,충청남도 공주시,213.0,524868.0,0.0
44150,충청남도 공주시,201801-202608,202101,충청남도 공주시,124.0,467757.0,0.0
44150,충청남도 공주시,201801-202608,202102,충청남도 공주시,140.0,497267.0,0.0
44150,충청남도 공주시,201801-202608,202103,충청남도 공주시,208.0,591175.0,0.0
44150,충청남도 공주시,201801-202608,202104,충청남도 공주시,264.0,588975.0,0.0
44150,충청남도 공주시,201801-202608,202105,충청남도 공주시,247.0,637607.0,0.0
44150,충청남도 공주시,201801-202608,202106,충청남도 공주시,188.0,582257.0,0.0
44150,충청남도 공주시,201801-202608,202107,충청남도 공주시,229.0,538825.0,0.0
44150,충청남도 공주시,201801-202608,202108,충청남도 공주시,196.0,504936.0,0.0
44150,충청남도 공주시,201801-202608,202109,충청남도 공주시,228.0,618134.0,0.0
44150,충청남도 공주시,201801-202608,202110,충청남도 공주시,282.0,725689.0,0.0
44150,충청남도 공주시,201801-202608,202111,충청남도 공주시,278.0,696434.0,0.0
44150,충청남도 공주시,201801-202608,202112,충청남도 공주시,279.0,684255.0,0.0
44150,충청남도 공주시,201801-202608,202201,충청남도 공주시,182.0,622496.0,0.0
44150,충청남도 공주시,201801-202608,202205,충청남도 공주시,307.0,762631.0,0.0
44150,충청남도 공주시,201801-202608,202206,충청남도 공주시,239.0,661712.0,0.0
44150,충청남도 공주시,201801-202608,202211,충청남도 공주시,240.0,698144.0,0.0
44150,충청남도 공주시,201801-202608,202212,충청남도 공주시,255.0,770109.0,0.0
44150,충청남도 공주시,201801-202608,202301,충청남도 공주시,185.0,610343.0,0.0
44150,충청남도 공주시,201801-202608,202302,충청남도 공주시,177.0,577071.0,0.0
44150,충청남도 공주시,201801-202608,202303,충청남도 공주시,293.0,668955.0,0.0
44150,충청남도 공주시,201801-202608,202304,충청남도 공주시,256.0,666255.0,0.0
44150,충청남도 공주시,201801-202608,202305,충청남도 공주시,249.0,719541.0,0.0
44150,충청남도 공주시,201801-202608,202306,충청남도 공주시,243.0,647231.0,0.0
44150,충청남도 공주시,201801-202608,202307,충청남도 공주시,208.0,644899.0,0.0
44150,충청남도 공주시,201801-202608,202308,충청남도 공주시,188.0,575318.0,0.0
44150,충청남도 공주시,201801-202608,202309,충청남도 공주시,219.0,624685.0,0.0
44150,충청남도 공주시,201801-202608,202310,충청남도 공주시,256.0,715316.0,0.0
44150,충청남도 공주시,201801-202608,202311,충청남도 공주시,283.0,695656.0,0.0
44150,충청남도 공주시,201801-202608,202312,충청남도 공주시,243.0,750830.0,0.0
44150,충청남도 공주시,201801-202608,202401,충청남도 공주시,153.0,588058.0,0.0
44150,충청남도 공주시,201801-202608,202403,충청남도 공주시,221.0,673635.0,0.0
44150,충청남도 공주시,201801-202608,202404,충청남도 공주시,237.0,668463.0,0.0
44150,충청남도 공주시,201801-202608,202405,충청남도 공주시,234.0,696796.0,0.0
44150,충청남도 공주시,201801-202608,202406,충청남도 공주시,222.0,668934.0,0.0
44150,충청남도 공주시,201801-202608,202407,충청남도 공주시,178.0,600192.0,0.0
44150,충청남도 공주시,201801-202608,202408,충청남도 공주시,151.0,584654.0,0.0
44150,충청남도 공주시,201801-202608,202409,충청남도 공주시,188.0,609816.0,0.0
44150,충청남도 공주시,201801-202608,202410,충청남도 공주시,235.0,685336.0,0.0
44150,충청남도 공주시,201801-202608,202411,충청남도 공주시,227.0,686712.0,0.0
44150,충청남도 공주시,201801-202608,202412,충청남도 공주시,267.0,743781.0,0.0
44150,충청남도 공주시,201801-202608,202501,충청남도 공주시,174.0,605595.0,0.0
44150,충청남도 공주시,201801-202608,202502,충청남도 공주시,133.0,530778.0,0.0
44150,충청남도 공주시,201801-202608,202503,충청남도 공주시,197.0,626429.0,0.0
44150,충청남도 공주시,201801-202608,202505,충청남도 공주시,205.0,682499.0,0.0
44150,충청남도 공주시,201801-202608,202506,충청남도 공주시,203.0,627702.0,0.0
44150,충청남도 공주시,201801-202608,202507,충청남도 공주시,156.0,600599.0,0.0
44150,충청남도 공주시,201801-202608,202508,충청남도 공주시,199.0,579721.0,0.0
44150,충청남도 공주시,201801-202608,202509,충청남도 공주시,167.0,591325.0,0.0
44150,충청남도 공주시,201801-202608,202510,충청남도 공주시,235.0,699760.0,0.0
44150,충청남도 공주시,201801-202608,202511,충청남도 공주시,291.0,731979.0,0.0
44150,충청남도 공주시,201801-202608,202512,충청남도 공주시,177.0,763750.0,0.0
44150,충청남도 공주시,201801-202608,202601,충청남도 공주시,139.0,660320.0,0.0
44150,충청남도 공주시,201801-202608,202602,충청남도 공주시,130.0,644267.0,0.0
44150,충청남도 공주시,201801-202608,201805,충청남도 공주시,317.0,632365.0,0.1
44150,충청남도 공주시,201801-202608,202001,충청남도 공주시,220.0,565670.0,0.0
44150,충청남도 공주시,201801-202608,202006,충청남도 공주시,246.0,565572.0,0.0
44150,충청남도 공주시,201801-202608,202207,충청남도 공주시,230.0,669231.0,0.0
44150,충청남도 공주시,201801-202608,202209,충청남도 공주시,242.0,650901.0,0.0
44150,충청남도 공주시,201801-202608,202402,충청남도 공주시,148.0,585128.0,0.0
44150,충청남도 공주시,201801-202608,202504,충청남도 공주시,226.0,574769.0,0.0
44150,충청남도 공주시,201801-202608,202203,충청남도 공주시,212.0,592387.0,0.0
44150,충청남도 공주시,201801-202608,202202,충청남도 공주시,151.0,498646.0,0.0
44150,충청남도 공주시,201801-202608,202204,충청남도 공주시,253.0,682496.0,0.0
44150,충청남도 공주시,201801-202608,202208,충청남도 공주시,220.0,608804.0,0.0
44150,충청남도 공주시,201801-202608,202210,충청남도 공주시,302.0,781869.0,0.0
44150,충청남도 공주시,201801-202608,202607,충청남도 공주시,129.0,585521.0,0.0
44150,충청남도 공주시,201801-202608,202608,충청남도 공주시,158.0,577930.0,0.0
44760,충청남도 부여군,201801-202608,202603,충청남도 부여군,105.0,657084.0,0.0
44760,충청남도 부여군,201801-202608,202604,충청남도 부여군,68.0,643947.0,0.0
44760,충청남도 부여군,201801-202608,202605,충청남도 부여군,75.0,747542.0,0.0
44760,충청남도 부여군,201801-202608,202606,충청남도 부여군,73.0,632535.0,0.0
44760,충청남도 부여군,201801-202608,201801,충청남도 부여군,60.0,523339.0,0.0
44760,충청남도 부여군,201801-202608,201802,충청남도 부여군,63.0,520192.0,0.0
44760,충청남도 부여군,201801-202608,201803,충청남도 부여군,77.0,577789.0,0.0
44760,충청남도 부여군,201801-202608,201804,충청남도 부여군,81.0,581444.0,0.0
44760,충청남도 부여군,201801-202608,201805,충청남도 부여군,121.0,632365.0,0.0
44760,충청남도 부여군,201801-202608,201806,충청남도 부여군,81.0,585292.0,0.0
44760,충청남도 부여군,201801-202608,201808,충청남도 부여군,98.0,540391.0,0.0
44760,충청남도 부여군,201801-202608,201809,충청남도 부여군,105.0,620515.0,0.0
44760,충청남도 부여군,201801-202608,201810,충청남도 부여군,91.0,676479.0,0.0
44760,충청남도 부여군,201801-202608,201811,충청남도 부여군,81.0,646061.0,0.0
44760,충청남도 부여군,201801-202608,201812,충청남도 부여군,90.0,706241.0,0.0
44760,충청남도 부여군,201801-202608,201901,충청남도 부여군,84.0,558412.0,0.0
44760,충청남도 부여군,201801-202608,201902,충청남도 부여군,85.0,529467.0,0.0
44760,충청남도 부여군,201801-202608,201903,충청남도 부여군,101.0,637448.0,0.0
44760,충청남도 부여군,201801-202608,201904,충청남도 부여군,101.0,611147.0,0.0
44760,충청남도 부여군,201801-202608,201905,충청남도 부여군,102.0,692777.0,0.0
44760,충청남도 부여군,201801-202608,201906,충청남도 부여군,83.0,607046.0,0.0
44760,충청남도 부여군,201801-202608,201907,충청남도 부여군,82.0,576127.0,0.0
44760,충청남도 부여군,201801-202608,201908,충청남도 부여군,87.0,567015.0,0.0
44760,충청남도 부여군,201801-202608,201909,충청남도 부여군,75.0,603996.0,0.0
44760,충청남도 부여군,201801-202608,201910,충청남도 부여군,78.0,674993.0,0.0
44760,충청남도 부여군,201801-202608,201911,충청남도 부여군,65.0,718036.0,0.0
44760,충청남도 부여군,201801-202608,201912,충청남도 부여군,75.0,721004.0,0.0
44760,충청남도 부여군,201801-202608,202001,충청남도 부여군,100.0,565670.0,0.0
44760,충청남도 부여군,201801-202608,202002,충청남도 부여군,46.0,424773.0,0.0
44760,충청남도 부여군,201801-202608,202003,충청남도 부여군,62.0,393889.0,0.0
44760,충청남도 부여군,201801-202608,202004,충청남도 부여군,54.0,491457.0,0.0
44760,충청남도 부여군,201801-202608,202005,충청남도 부여군,64.0,644919.0,0.0
44760,충청남도 부여군,201801-202608,202006,충청남도 부여군,85.0,565572.0,0.0
44760,충청남도 부여군,201801-202608,202007,충청남도 부여군,61.0,516120.0,0.0
44760,충청남도 부여군,201801-202608,202008,충청남도 부여군,63.0,481257.0,0.0
44760,충청남도 부여군,201801-202608,202009,충청남도 부여군,70.0,523918.0,0.0
44760,충청남도 부여군,201801-202608,202010,충청남도 부여군,57.0,636221.0,0.0
44760,충청남도 부여군,201801-202608,202011,충청남도 부여군,124.0,616266.0,0.0
44760,충청남도 부여군,201801-202608,202012,충청남도 부여군,59.0,524868.0,0.0
44760,충청남도 부여군,201801-202608,202101,충청남도 부여군,39.0,467757.0,0.0
44760,충청남도 부여군,201801-202608,202102,충청남도 부여군,57.0,497267.0,0.0
44760,충청남도 부여군,201801-202608,202103,충청남도 부여군,72.0,591175.0,0.0
44760,충청남도 부여군,201801-202608,202104,충청남도 부여군,99.0,588975.0,0.0
44760,충청남도 부여군,201801-202608,202105,충청남도 부여군,76.0,637607.0,0.0
44760,충청남도 부여군,201801-202608,202106,충청남도 부여군,88.0,582257.0,0.0
44760,충청남도 부여군,201801-202608,202107,충청남도 부여군,122.0,538825.0,0.0
44760,충청남도 부여군,201801-202608,202108,충청남도 부여군,82.0,504936.0,0.0
44760,충청남도 부여군,201801-202608,202109,충청남도 부여군,79.0,618134.0,0.0
44760,충청남도 부여군,201801-202608,202110,충청남도 부여군,56.0,725689.0,0.0
44760,충청남도 부여군,201801-202608,202111,충청남도 부여군,136.0,696434.0,0.0
44760,충청남도 부여군,201801-202608,202112,충청남도 부여군,95.0,684255.0,0.0
44760,충청남도 부여군,201801-202608,202201,충청남도 부여군,47.0,622496.0,0.0
44760,충청남도 부여군,201801-202608,202205,충청남도 부여군,89.0,762631.0,0.0
44760,충청남도 부여군,201801-202608,202206,충청남도 부여군,97.0,661712.0,0.0
44760,충청남도 부여군,201801-202608,202211,충청남도 부여군,155.0,698144.0,0.0
44760,충청남도 부여군,201801-202608,202212,충청남도 부여군,81.0,770109.0,0.0
44760,충청남도 부여군,201801-202608,202301,충청남도 부여군,48.0,610343.0,0.0
44760,충청남도 부여군,201801-202608,202302,충청남도 부여군,64.0,577071.0,0.0
44760,충청남도 부여군,201801-202608,202303,충청남도 부여군,95.0,668955.0,0.0
44760,충청남도 부여군,201801-202608,202304,충청남도 부여군,83.0,666255.0,0.0
44760,충청남도 부여군,201801-202608,202305,충청남도 부여군,75.0,719541.0,0.0
44760,충청남도 부여군,201801-202608,202306,충청남도 부여군,73.0,647231.0,0.0
44760,충청남도 부여군,201801-202608,202307,충청남도 부여군,62.0,644899.0,0.0
44760,충청남도 부여군,201801-202608,202308,충청남도 부여군,74.0,575318.0,0.0
44760,충청남도 부여군,201801-202608,202309,충청남도 부여군,86.0,624685.0,0.0
44760,충청남도 부여군,201801-202608,202310,충청남도 부여군,95.0,715316.0,0.0
44760,충청남도 부여군,201801-202608,202311,충청남도 부여군,47.0,695656.0,0.0
44760,충청남도 부여군,201801-202608,202312,충청남도 부여군,74.0,750830.0,0.0
44760,충청남도 부여군,201801-202608,202401,충청남도 부여군,44.0,588058.0,0.0
44760,충청남도 부여군,201801-202608,202402,충청남도 부여군,71.0,585128.0,0.0
44760,충청남도 부여군,201801-202608,202403,충청남도 부여군,77.0,673635.0,0.0
44760,충청남도 부여군,201801-202608,202404,충청남도 부여군,61.0,668463.0,0.0
44760,충청남도 부여군,201801-202608,202405,충청남도 부여군,83.0,696796.0,0.0
44760,충청남도 부여군,201801-202608,202406,충청남도 부여군,105.0,668934.0,0.0
44760,충청남도 부여군,201801-202608,202407,충청남도 부여군,89.0,600192.0,0.0
44760,충청남도 부여군,201801-202608,202408,충청남도 부여군,81.0,584654.0,0.0
44760,충청남도 부여군,201801-202608,202409,충청남도 부여군,96.0,609816.0,0.0
44760,충청남도 부여군,201801-202608,202410,충청남도 부여군,85.0,685336.0,0.0
44760,충청남도 부여군,201801-202608,202411,충청남도 부여군,105.0,686712.0,0.0
44760,충청남도 부여군,201801-202608,202412,충청남도 부여군,40.0,743781.0,0.0
44760,충청남도 부여군,201801-202608,202501,충청남도 부여군,45.0,605595.0,0.0
44760,충청남도 부여군,201801-202608,202502,충청남도 부여군,36.0,530778.0,0.0
44760,충청남도 부여군,201801-202608,202503,충청남도 부여군,74.0,626429.0,0.0
44760,충청남도 부여군,201801-202608,202504,충청남도 부여군,63.0,574769.0,0.0
44760,충청남도 부여군,201801-202608,202505,충청남도 부여군,69.0,682499.0,0.0
44760,충청남도 부여군,201801-202608,202507,충청남도 부여군,82.0,600599.0,0.0
44760,충청남도 부여군,201801-202608,202508,충청남도 부여군,80.0,579721.0,0.0
44760,충청남도 부여군,201801-202608,202509,충청남도 부여군,53.0,591325.0,0.0
44760,충청남도 부여군,201801-202608,202510,충청남도 부여군,116.0,699760.0,0.0
44760,충청남도 부여군,201801-202608,202512,충청남도 부여군,61.0,763750.0,0.0
44760,충청남도 부여군,201801-202608,202601,충청남도 부여군,52.0,660320.0,0.0
44760,충청남도 부여군,201801-202608,202602,충청남도 부여군,62.0,644267.0,0.0
44760,충청남도 부여군,201801-202608,201807,충청남도 부여군,85.0,594154.0,0.0
44760,충청남도 부여군,201801-202608,202207,충청남도 부여군,87.0,669231.0,0.0
44760,충청남도 부여군,201801-202608,202209,충청남도 부여군,83.0,650901.0,0.0
44760,충청남도 부여군,201801-202608,202506,충청남도 부여군,73.0,627702.0,0.0
44760,충청남도 부여군,201801-202608,202511,충청남도 부여군,55.0,731979.0,0.0
44760,충청남도 부여군,201801-202608,202203,충청남도 부여군,71.0,592387.0,0.0
44760,충청남도 부여군,201801-202608,202202,충청남도 부여군,39.0,498646.0,0.0
44760,충청남도 부여군,201801-202608,202204,충청남도 부여군,51.0,682496.0,0.0
44760,충청남도 부여군,201801-202608,202208,충청남도 부여군,63.0,608804.0,0.0
44760,충청남도 부여군,201801-202608,202210,충청남도 부여군,144.0,781869.0,0.0
44760,충청남도 부여군,201801-202608,202607,충청남도 부여군,55.0,585521.0,0.0
44760,충청남도 부여군,201801-202608,202608,충청남도 부여군,52.0,577930.0,0.0
47280,경상북도 문경시,201801-202608,202603,경상북도 문경시,225.0,657084.0,0.0
47280,경상북도 문경시,201801-202608,202604,경상북도 문경시,204.0,643947.0,0.0
47280,경상북도 문경시,201801-202608,202605,경상북도 문경시,296.0,747542.0,0.0
47280,경상북도 문경시,201801-202608,202606,경상북도 문경시,237.0,632535.0,0.0
47280,경상북도 문경시,201801-202608,201801,경상북도 문경시,188.0,523339.0,0.0
47280,경상북도 문경시,201801-202608,201802,경상북도 문경시,215.0,520192.0,0.0
47280,경상북도 문경시,201801-202608,201803,경상북도 문경시,295.0,577789.0,0.1
47280,경상북도 문경시,201801-202608,201804,경상북도 문경시,263.0,581444.0,0.0
47280,경상북도 문경시,201801-202608,201805,경상북도 문경시,331.0,632365.0,0.1
47280,경상북도 문경시,201801-202608,201806,경상북도 문경시,244.0,585292.0,0.0
47280,경상북도 문경시,201801-202608,201807,경상북도 문경시,245.0,594154.0,0.0
47280,경상북도 문경시,201801-202608,201808,경상북도 문경시,214.0,540391.0,0.0
47280,경상북도 문경시,201801-202608,201809,경상북도 문경시,210.0,620515.0,0.0
47280,경상북도 문경시,201801-202608,201810,경상북도 문경시,352.0,676479.0,0.1
47280,경상북도 문경시,201801-202608,201811,경상북도 문경시,377.0,646061.0,0.1
47280,경상북도 문경시,201801-202608,201812,경상북도 문경시,302.0,706241.0,0.0
47280,경상북도 문경시,201801-202608,201901,경상북도 문경시,217.0,558412.0,0.0
47280,경상북도 문경시,201801-202608,201902,경상북도 문경시,224.0,529467.0,0.0
47280,경상북도 문경시,201801-202608,201903,경상북도 문경시,275.0,637448.0,0.0
47280,경상북도 문경시,201801-202608,201904,경상북도 문경시,252.0,611147.0,0.0
47280,경상북도 문경시,201801-202608,201905,경상북도 문경시,305.0,692777.0,0.0
47280,경상북도 문경시,201801-202608,201906,경상북도 문경시,256.0,607046.0,0.0
47280,경상북도 문경시,201801-202608,201907,경상북도 문경시,202.0,576127.0,0.0
47280,경상북도 문경시,201801-202608,201908,경상북도 문경시,188.0,567015.0,0.0
47280,경상북도 문경시,201801-202608,201909,경상북도 문경시,217.0,603996.0,0.0
47280,경상북도 문경시,201801-202608,201910,경상북도 문경시,279.0,674993.0,0.0
47280,경상북도 문경시,201801-202608,201911,경상북도 문경시,309.0,718036.0,0.0
47280,경상북도 문경시,201801-202608,201912,경상북도 문경시,304.0,721004.0,0.0
47280,경상북도 문경시,201801-202608,202001,경상북도 문경시,165.0,565670.0,0.0
47280,경상북도 문경시,201801-202608,202002,경상북도 문경시,125.0,424773.0,0.0
47280,경상북도 문경시,201801-202608,202003,경상북도 문경시,147.0,393889.0,0.0
47280,경상북도 문경시,201801-202608,202004,경상북도 문경시,165.0,491457.0,0.0
47280,경상북도 문경시,201801-202608,202005,경상북도 문경시,283.0,644919.0,0.0
47280,경상북도 문경시,201801-202608,202006,경상북도 문경시,221.0,565572.0,0.0
47280,경상북도 문경시,201801-202608,202007,경상북도 문경시,187.0,516120.0,0.0
47280,경상북도 문경시,201801-202608,202008,경상북도 문경시,173.0,481257.0,0.0
47280,경상북도 문경시,201801-202608,202009,경상북도 문경시,198.0,523918.0,0.0
47280,경상북도 문경시,201801-202608,202010,경상북도 문경시,285.0,636221.0,0.0
47280,경상북도 문경시,201801-202608,202011,경상북도 문경시,294.0,616266.0,0.0
47280,경상북도 문경시,201801-202608,202012,경상북도 문경시,208.0,524868.0,0.0
47280,경상북도 문경시,201801-202608,202101,경상북도 문경시,160.0,467757.0,0.0
47280,경상북도 문경시,201801-202608,202102,경상북도 문경시,150.0,497267.0,0.0
47280,경상북도 문경시,201801-202608,202103,경상북도 문경시,242.0,591175.0,0.0
47280,경상북도 문경시,201801-202608,202104,경상북도 문경시,220.0,588975.0,0.0
47280,경상북도 문경시,201801-202608,202105,경상북도 문경시,242.0,637607.0,0.0
47280,경상북도 문경시,201801-202608,202106,경상북도 문경시,215.0,582257.0,0.0
47280,경상북도 문경시,201801-202608,202107,경상북도 문경시,191.0,538825.0,0.0
47280,경상북도 문경시,201801-202608,202108,경상북도 문경시,157.0,504936.0,0.0
47280,경상북도 문경시,201801-202608,202109,경상북도 문경시,209.0,618134.0,0.0
47280,경상북도 문경시,201801-202608,202110,경상북도 문경시,308.0,725689.0,0.0
47280,경상북도 문경시,201801-202608,202111,경상북도 문경시,271.0,696434.0,0.0
47280,경상북도 문경시,201801-202608,202112,경상북도 문경시,278.0,684255.0,0.0
47280,경상북도 문경시,201801-202608,202205,경상북도 문경시,298.0,762631.0,0.0
47280,경상북도 문경시,201801-202608,202301,경상북도 문경시,222.0,610343.0,0.0
47280,경상북도 문경시,201801-202608,202302,경상북도 문경시,190.0,577071.0,0.0
47280,경상북도 문경시,201801-202608,202303,경상북도 문경시,300.0,668955.0,0.0
47280,경상북도 문경시,201801-202608,202304,경상북도 문경시,291.0,666255.0,0.0
47280,경상북도 문경시,201801-202608,202305,경상북도 문경시,358.0,719541.0,0.0
47280,경상북도 문경시,201801-202608,202306,경상북도 문경시,284.0,647231.0,0.0
47280,경상북도 문경시,201801-202608,202307,경상북도 문경시,219.0,644899.0,0.0
47280,경상북도 문경시,201801-202608,202308,경상북도 문경시,180.0,575318.0,0.0
47280,경상북도 문경시,201801-202608,202309,경상북도 문경시,200.0,624685.0,0.0
47280,경상북도 문경시,201801-202608,202310,경상북도 문경시,336.0,715316.0,0.0
47280,경상북도 문경시,201801-202608,202311,경상북도 문경시,298.0,695656.0,0.0
47280,경상북도 문경시,201801-202608,202312,경상북도 문경시,289.0,750830.0,0.0
47280,경상북도 문경시,201801-202608,202401,경상북도 문경시,177.0,588058.0,0.0
47280,경상북도 문경시,201801-202608,202402,경상북도 문경시,146.0,585128.0,0.0
47280,경상북도 문경시,201801-202608,202403,경상북도 문경시,273.0,673635.0,0.0
47280,경상북도 문경시,201801-202608,202404,경상북도 문경시,320.0,668463.0,0.0
47280,경상북도 문경시,201801-202608,202405,경상북도 문경시,301.0,696796.0,0.0
47280,경상북도 문경시,201801-202608,202406,경상북도 문경시,275.0,668934.0,0.0
47280,경상북도 문경시,201801-202608,202407,경상북도 문경시,224.0,600192.0,0.0
47280,경상북도 문경시,201801-202608,202408,경상북도 문경시,189.0,584654.0,0.0
47280,경상북도 문경시,201801-202608,202409,경상북도 문경시,196.0,609816.0,0.0
47280,경상북도 문경시,201801-202608,202410,경상북도 문경시,366.0,685336.0,0.1
47280,경상북도 문경시,201801-202608,202411,경상북도 문경시,323.0,686712.0,0.0
47280,경상북도 문경시,201801-202608,202412,경상북도 문경시,271.0,743781.0,0.0
47280,경상북도 문경시,201801-202608,202501,경상북도 문경시,204.0,605595.0,0.0
47280,경상북도 문경시,201801-202608,202502,경상북도 문경시,201.0,530778.0,0.0
47280,경상북도 문경시,201801-202608,202503,경상북도 문경시,188.0,626429.0,0.0
47280,경상북도 문경시,201801-202608,202504,경상북도 문경시,273.0,574769.0,0.0
47280,경상북도 문경시,201801-202608,202505,경상북도 문경시,240.0,682499.0,0.0
47280,경상북도 문경시,201801-202608,202507,경상북도 문경시,246.0,600599.0,0.0
47280,경상북도 문경시,201801-202608,202508,경상북도 문경시,224.0,579721.0,0.0
47280,경상북도 문경시,201801-202608,202509,경상북도 문경시,229.0,591325.0,0.0
47280,경상북도 문경시,201801-202608,202510,경상북도 문경시,300.0,699760.0,0.0
47280,경상북도 문경시,201801-202608,202511,경상북도 문경시,326.0,731979.0,0.0
47280,경상북도 문경시,201801-202608,202512,경상북도 문경시,291.0,763750.0,0.0
47280,경상북도 문경시,201801-202608,202601,경상북도 문경시,222.0,660320.0,0.0
47280,경상북도 문경시,201801-202608,202602,경상북도 문경시,205.0,644267.0,0.0
47280,경상북도 문경시,201801-202608,202203,경상북도 문경시,199.0,592387.0,0.0
47280,경상북도 문경시,201801-202608,202201,경상북도 문경시,198.0,622496.0,0.0
47280,경상북도 문경시,201801-202608,202207,경상북도 문경시,275.0,669231.0,0.0
47280,경상북도 문경시,201801-202608,202209,경상북도 문경시,251.0,650901.0,0.0
47280,경상북도 문경시,201801-202608,202212,경상북도 문경시,326.0,770109.0,0.0
47280,경상북도 문경시,201801-202608,202506,경상북도 문경시,248.0,627702.0,0.0
47280,경상북도 문경시,201801-202608,202202,경상북도 문경시,153.0,498646.0,0.0
47280,경상북도 문경시,201801-202608,202208,경상북도 문경시,208.0,608804.0,0.0
47280,경상북도 문경시,201801-202608,202204,경상북도 문경시,227.0,682496.0,0.0
47280,경상북도 문경시,201801-202608,202206,경상북도 문경시,252.0,661712.0,0.0
47280,경상북도 문경시,201801-202608,202210,경상북도 문경시,364.0,781869.0,0.0
47280,경상북도 문경시,201801-202608,202211,경상북도 문경시,378.0,698144.0,0.1
47280,경상북도 문경시,201801-202608,202607,경상북도 문경시,243.0,585521.0,0.0
47280,경상북도 문경시,201801-202608,202608,경상북도 문경시,269.0,577930.0,0.0
52190,전북특별자치도 남원시,201801-202608,202603,전북특별자치도 남원시,144.0,657084.0,0.0
52190,전북특별자치도 남원시,201801-202608,202604,전북특별자치도 남원시,329.0,643947.0,0.1
52190,전북특별자치도 남원시,201801-202608,202605,전북특별자치도 남원시,202.0,747542.0,0.0
52190,전북특별자치도 남원시,201801-202608,202606,전북특별자치도 남원시,214.0,632535.0,0.0
52190,전북특별자치도 남원시,201801-202608,201801,전북특별자치도 남원시,229.0,523339.0,0.0
52190,전북특별자치도 남원시,201801-202608,201802,전북특별자치도 남원시,217.0,520192.0,0.0
52190,전북특별자치도 남원시,201801-202608,201803,전북특별자치도 남원시,366.0,577789.0,0.1
52190,전북특별자치도 남원시,201801-202608,201804,전북특별자치도 남원시,287.0,581444.0,0.0
52190,전북특별자치도 남원시,201801-202608,201805,전북특별자치도 남원시,356.0,632365.0,0.1
52190,전북특별자치도 남원시,201801-202608,201806,전북특별자치도 남원시,320.0,585292.0,0.1
52190,전북특별자치도 남원시,201801-202608,201807,전북특별자치도 남원시,270.0,594154.0,0.0
52190,전북특별자치도 남원시,201801-202608,201808,전북특별자치도 남원시,231.0,540391.0,0.0
52190,전북특별자치도 남원시,201801-202608,201809,전북특별자치도 남원시,373.0,620515.0,0.1
52190,전북특별자치도 남원시,201801-202608,201810,전북특별자치도 남원시,338.0,676479.0,0.0
52190,전북특별자치도 남원시,201801-202608,201811,전북특별자치도 남원시,377.0,646061.0,0.1
52190,전북특별자치도 남원시,201801-202608,201812,전북특별자치도 남원시,310.0,706241.0,0.0
52190,전북특별자치도 남원시,201801-202608,201901,전북특별자치도 남원시,246.0,558412.0,0.0
52190,전북특별자치도 남원시,201801-202608,201902,전북특별자치도 남원시,252.0,529467.0,0.0
52190,전북특별자치도 남원시,201801-202608,201903,전북특별자치도 남원시,301.0,637448.0,0.0
52190,전북특별자치도 남원시,201801-202608,201904,전북특별자치도 남원시,324.0,611147.0,0.1
52190,전북특별자치도 남원시,201801-202608,201905,전북특별자치도 남원시,372.0,692777.0,0.1
52190,전북특별자치도 남원시,201801-202608,201906,전북특별자치도 남원시,292.0,607046.0,0.0
52190,전북특별자치도 남원시,201801-202608,201907,전북특별자치도 남원시,238.0,576127.0,0.0
52190,전북특별자치도 남원시,201801-202608,201908,전북특별자치도 남원시,209.0,567015.0,0.0
52190,전북특별자치도 남원시,201801-202608,201909,전북특별자치도 남원시,239.0,603996.0,0.0
52190,전북특별자치도 남원시,201801-202608,201910,전북특별자치도 남원시,342.0,674993.0,0.1
52190,전북특별자치도 남원시,201801-202608,201911,전북특별자치도 남원시,321.0,718036.0,0.0
52190,전북특별자치도 남원시,201801-202608,201912,전북특별자치도 남원시,255.0,721004.0,0.0
52190,전북특별자치도 남원시,201801-202608,202001,전북특별자치도 남원시,185.0,565670.0,0.0
52190,전북특별자치도 남원시,201801-202608,202002,전북특별자치도 남원시,171.0,424773.0,0.0
52190,전북특별자치도 남원시,201801-202608,202003,전북특별자치도 남원시,176.0,393889.0,0.0
52190,전북특별자치도 남원시,201801-202608,202005,전북특별자치도 남원시,278.0,644919.0,0.0
52190,전북특별자치도 남원시,201801-202608,202006,전북특별자치도 남원시,241.0,565572.0,0.0
52190,전북특별자치도 남원시,201801-202608,202007,전북특별자치도 남원시,193.0,516120.0,0.0
52190,전북특별자치도 남원시,201801-202608,202008,전북특별자치도 남원시,175.0,481257.0,0.0
52190,전북특별자치도 남원시,201801-202608,202009,전북특별자치도 남원시,187.0,523918.0,0.0
52190,전북특별자치도 남원시,201801-202608,202010,전북특별자치도 남원시,254.0,636221.0,0.0
52190,전북특별자치도 남원시,201801-202608,202011,전북특별자치도 남원시,325.0,616266.0,0.1
52190,전북특별자치도 남원시,201801-202608,202012,전북특별자치도 남원시,227.0,524868.0,0.0
52190,전북특별자치도 남원시,201801-202608,202101,전북특별자치도 남원시,142.0,467757.0,0.0
52190,전북특별자치도 남원시,201801-202608,202102,전북특별자치도 남원시,134.0,497267.0,0.0
52190,전북특별자치도 남원시,201801-202608,202103,전북특별자치도 남원시,229.0,591175.0,0.0
52190,전북특별자치도 남원시,201801-202608,202104,전북특별자치도 남원시,292.0,588975.0,0.0
52190,전북특별자치도 남원시,201801-202608,202105,전북특별자치도 남원시,269.0,637607.0,0.0
52190,전북특별자치도 남원시,201801-202608,202106,전북특별자치도 남원시,222.0,582257.0,0.0
52190,전북특별자치도 남원시,201801-202608,202107,전북특별자치도 남원시,177.0,538825.0,0.0
52190,전북특별자치도 남원시,201801-202608,202108,전북특별자치도 남원시,200.0,504936.0,0.0
52190,전북특별자치도 남원시,201801-202608,202109,전북특별자치도 남원시,279.0,618134.0,0.0
52190,전북특별자치도 남원시,201801-202608,202110,전북특별자치도 남원시,284.0,725689.0,0.0
52190,전북특별자치도 남원시,201801-202608,202111,전북특별자치도 남원시,341.0,696434.0,0.0
52190,전북특별자치도 남원시,201801-202608,202112,전북특별자치도 남원시,304.0,684255.0,0.0
52190,전북특별자치도 남원시,201801-202608,202204,전북특별자치도 남원시,291.0,682496.0,0.0
52190,전북특별자치도 남원시,201801-202608,202205,전북특별자치도 남원시,270.0,762631.0,0.0
52190,전북특별자치도 남원시,201801-202608,202207,전북특별자치도 남원시,235.0,669231.0,0.0
52190,전북특별자치도 남원시,201801-202608,202210,전북특별자치도 남원시,307.0,781869.0,0.0
52190,전북특별자치도 남원시,201801-202608,202211,전북특별자치도 남원시,281.0,698144.0,0.0
52190,전북특별자치도 남원시,201801-202608,202212,전북특별자치도 남원시,420.0,770109.0,0.1
52190,전북특별자치도 남원시,201801-202608,202301,전북특별자치도 남원시,147.0,610343.0,0.0
52190,전북특별자치도 남원시,201801-202608,202302,전북특별자치도 남원시,197.0,577071.0,0.0
52190,전북특별자치도 남원시,201801-202608,202303,전북특별자치도 남원시,208.0,668955.0,0.0
52190,전북특별자치도 남원시,201801-202608,202304,전북특별자치도 남원시,200.0,666255.0,0.0
52190,전북특별자치도 남원시,201801-202608,202305,전북특별자치도 남원시,278.0,719541.0,0.0
52190,전북특별자치도 남원시,201801-202608,202306,전북특별자치도 남원시,219.0,647231.0,0.0
52190,전북특별자치도 남원시,201801-202608,202307,전북특별자치도 남원시,205.0,644899.0,0.0
52190,전북특별자치도 남원시,201801-202608,202308,전북특별자치도 남원시,199.0,575318.0,0.0
52190,전북특별자치도 남원시,201801-202608,202309,전북특별자치도 남원시,212.0,624685.0,0.0
52190,전북특별자치도 남원시,201801-202608,202310,전북특별자치도 남원시,284.0,715316.0,0.0
52190,전북특별자치도 남원시,201801-202608,202311,전북특별자치도 남원시,317.0,695656.0,0.0
52190,전북특별자치도 남원시,201801-202608,202312,전북특별자치도 남원시,268.0,750830.0,0.0
52190,전북특별자치도 남원시,201801-202608,202401,전북특별자치도 남원시,193.0,588058.0,0.0
52190,전북특별자치도 남원시,201801-202608,202402,전북특별자치도 남원시,171.0,585128.0,0.0
52190,전북특별자치도 남원시,201801-202608,202403,전북특별자치도 남원시,191.0,673635.0,0.0
52190,전북특별자치도 남원시,201801-202608,202404,전북특별자치도 남원시,223.0,668463.0,0.0
52190,전북특별자치도 남원시,201801-202608,202405,전북특별자치도 남원시,223.0,696796.0,0.0
52190,전북특별자치도 남원시,201801-202608,202406,전북특별자치도 남원시,303.0,668934.0,0.0
52190,전북특별자치도 남원시,201801-202608,202407,전북특별자치도 남원시,213.0,600192.0,0.0
52190,전북특별자치도 남원시,201801-202608,202408,전북특별자치도 남원시,152.0,584654.0,0.0
52190,전북특별자치도 남원시,201801-202608,202409,전북특별자치도 남원시,170.0,609816.0,0.0
52190,전북특별자치도 남원시,201801-202608,202410,전북특별자치도 남원시,303.0,685336.0,0.0
52190,전북특별자치도 남원시,201801-202608,202411,전북특별자치도 남원시,204.0,686712.0,0.0
52190,전북특별자치도 남원시,201801-202608,202412,전북특별자치도 남원시,229.0,743781.0,0.0
52190,전북특별자치도 남원시,201801-202608,202501,전북특별자치도 남원시,164.0,605595.0,0.0
52190,전북특별자치도 남원시,201801-202608,202502,전북특별자치도 남원시,102.0,530778.0,0.0
52190,전북특별자치도 남원시,201801-202608,202503,전북특별자치도 남원시,212.0,626429.0,0.0
52190,전북특별자치도 남원시,201801-202608,202504,전북특별자치도 남원시,194.0,574769.0,0.0
52190,전북특별자치도 남원시,201801-202608,202505,전북특별자치도 남원시,298.0,682499.0,0.0
52190,전북특별자치도 남원시,201801-202608,202507,전북특별자치도 남원시,154.0,600599.0,0.0
52190,전북특별자치도 남원시,201801-202608,202508,전북특별자치도 남원시,168.0,579721.0,0.0
52190,전북특별자치도 남원시,201801-202608,202509,전북특별자치도 남원시,146.0,591325.0,0.0
52190,전북특별자치도 남원시,201801-202608,202510,전북특별자치도 남원시,193.0,699760.0,0.0
52190,전북특별자치도 남원시,201801-202608,202511,전북특별자치도 남원시,287.0,731979.0,0.0
52190,전북특별자치도 남원시,201801-202608,202512,전북특별자치도 남원시,199.0,763750.0,0.0
52190,전북특별자치도 남원시,201801-202608,202601,전북특별자치도 남원시,129.0,660320.0,0.0
52190,전북특별자치도 남원시,201801-202608,202602,전북특별자치도 남원시,155.0,644267.0,0.0
52190,전북특별자치도 남원시,201801-202608,202004,전북특별자치도 남원시,170.0,491457.0,0.0
52190,전북특별자치도 남원시,201801-202608,202506,전북특별자치도 남원시,230.0,627702.0,0.0
52190,전북특별자치도 남원시,201801-202608,202206,전북특별자치도 남원시,273.0,661712.0,0.0
52190,전북특별자치도 남원시,201801-202608,202209,전북특별자치도 남원시,206.0,650901.0,0.0
52190,전북특별자치도 남원시,201801-202608,202202,전북특별자치도 남원시,177.0,498646.0,0.0
52190,전북특별자치도 남원시,201801-202608,202208,전북특별자치도 남원시,191.0,608804.0,0.0
52190,전북특별자치도 남원시,201801-202608,202201,전북특별자치도 남원시,230.0,622496.0,0.0
52190,전북특별자치도 남원시,201801-202608,202203,전북특별자치도 남원시,209.0,592387.0,0.0
52190,전북특별자치도 남원시,201801-202608,202607,전북특별자치도 남원시,178.0,585521.0,0.0
52190,전북특별자치도 남원시,201801-202608,202608,전북특별자치도 남원시,139.0,577930.0,0.0
43130,충청북도 충주시,201801-202608,202603,충청북도 충주시,1537.0,657084.0,0.2
43130,충청북도 충주시,201801-202608,202604,충청북도 충주시,1734.0,643947.0,0.3
43130,충청북도 충주시,201801-202608,202605,충청북도 충주시,2029.0,747542.0,0.3
43130,충청북도 충주시,201801-202608,202606,충청북도 충주시,1690.0,632535.0,0.3
43130,충청북도 충주시,201801-202608,201801,충청북도 충주시,1460.0,523339.0,0.3
43130,충청북도 충주시,201801-202608,201802,충청북도 충주시,1527.0,520192.0,0.3
43130,충청북도 충주시,201801-202608,201803,충청북도 충주시,1974.0,577789.0,0.3
43130,충청북도 충주시,201801-202608,201804,충청북도 충주시,2112.0,581444.0,0.4
43130,충청북도 충주시,201801-202608,201805,충청북도 충주시,2109.0,632365.0,0.3
43130,충청북도 충주시,201801-202608,201806,충청북도 충주시,1912.0,585292.0,0.3
43130,충청북도 충주시,201801-202608,201808,충청북도 충주시,1651.0,540391.0,0.3
43130,충청북도 충주시,201801-202608,201809,충청북도 충주시,2266.0,620515.0,0.4
43130,충청북도 충주시,201801-202608,201810,충청북도 충주시,2634.0,676479.0,0.4
43130,충청북도 충주시,201801-202608,201811,충청북도 충주시,2416.0,646061.0,0.4
43130,충청북도 충주시,201801-202608,201812,충청북도 충주시,2357.0,706241.0,0.3
43130,충청북도 충주시,201801-202608,201901,충청북도 충주시,1708.0,558412.0,0.3
43130,충청북도 충주시,201801-202608,201902,충청북도 충주시,1569.0,529467.0,0.3
43130,충청북도 충주시,201801-202608,201903,충청북도 충주시,2081.0,637448.0,0.3
43130,충청북도 충주시,201801-202608,201904,충청북도 충주시,1954.0,611147.0,0.3
43130,충청북도 충주시,201801-202608,201905,충청북도 충주시,2382.0,692777.0,0.3
43130,충청북도 충주시,201801-202608,201906,충청북도 충주시,2028.0,607046.0,0.3
43130,충청북도 충주시,201801-202608,201907,충청북도 충주시,1878.0,576127.0,0.3
43130,충청북도 충주시,201801-202608,201908,충청북도 충주시,1832.0,567015.0,0.3
43130,충청북도 충주시,201801-202608,201909,충청북도 충주시,1902.0,603996.0,0.3
43130,충청북도 충주시,201801-202608,201910,충청북도 충주시,2166.0,674993.0,0.3
43130,충청북도 충주시,201801-202608,201911,충청북도 충주시,2200.0,718036.0,0.3
43130,충청북도 충주시,201801-202608,201912,충청북도 충주시,1843.0,721004.0,0.3
43130,충청북도 충주시,201801-202608,202001,충청북도 충주시,1362.0,565670.0,0.2
43130,충청북도 충주시,201801-202608,202002,충청북도 충주시,997.0,424773.0,0.2
43130,충청북도 충주시,201801-202608,202003,충청북도 충주시,1141.0,393889.0,0.3
43130,충청북도 충주시,201801-202608,202004,충청북도 충주시,1535.0,491457.0,0.3
43130,충청북도 충주시,201801-202608,202005,충청북도 충주시,2373.0,644919.0,0.4
43130,충청북도 충주시,201801-202608,202006,충청북도 충주시,1740.0,565572.0,0.3
43130,충청북도 충주시,201801-202608,202007,충청북도 충주시,1562.0,516120.0,0.3
43130,충청북도 충주시,201801-202608,202008,충청북도 충주시,1400.0,481257.0,0.3
43130,충청북도 충주시,201801-202608,202009,충청북도 충주시,1631.0,523918.0,0.3
43130,충청북도 충주시,201801-202608,202010,충청북도 충주시,2070.0,636221.0,0.3
43130,충청북도 충주시,201801-202608,202011,충청북도 충주시,1791.0,616266.0,0.3
43130,충청북도 충주시,201801-202608,202012,충청북도 충주시,1172.0,524868.0,0.2
43130,충청북도 충주시,201801-202608,202101,충청북도 충주시,992.0,467757.0,0.2
43130,충청북도 충주시,201801-202608,202102,충청북도 충주시,1150.0,497267.0,0.2
43130,충청북도 충주시,201801-202608,202103,충청북도 충주시,1529.0,591175.0,0.3
43130,충청북도 충주시,201801-202608,202104,충청북도 충주시,1781.0,588975.0,0.3
43130,충청북도 충주시,201801-202608,202105,충청북도 충주시,1898.0,637607.0,0.3
43130,충청북도 충주시,201801-202608,202106,충청북도 충주시,1815.0,582257.0,0.3
43130,충청북도 충주시,201801-202608,202107,충청북도 충주시,1648.0,538825.0,0.3
43130,충청북도 충주시,201801-202608,202108,충청북도 충주시,1313.0,504936.0,0.3
43130,충청북도 충주시,201801-202608,202109,충청북도 충주시,2151.0,618134.0,0.3
43130,충청북도 충주시,201801-202608,202110,충청북도 충주시,2228.0,725689.0,0.3
43130,충청북도 충주시,201801-202608,202111,충청북도 충주시,2000.0,696434.0,0.3
43130,충청북도 충주시,201801-202608,202112,충청북도 충주시,1721.0,684255.0,0.3
43130,충청북도 충주시,201801-202608,202201,충청북도 충주시,1432.0,622496.0,0.2
43130,충청북도 충주시,201801-202608,202205,충청북도 충주시,2213.0,762631.0,0.3
43130,충청북도 충주시,201801-202608,202206,충청북도 충주시,1979.0,661712.0,0.3
43130,충청북도 충주시,201801-202608,202211,충청북도 충주시,1876.0,698144.0,0.3
43130,충청북도 충주시,201801-202608,202212,충청북도 충주시,1813.0,770109.0,0.2
43130,충청북도 충주시,201801-202608,202301,충청북도 충주시,1302.0,610343.0,0.2
43130,충청북도 충주시,201801-202608,202302,충청북도 충주시,1278.0,577071.0,0.2
43130,충청북도 충주시,201801-202608,202303,충청북도 충주시,1828.0,668955.0,0.3
43130,충청북도 충주시,201801-202608,202304,충청북도 충주시,2013.0,666255.0,0.3
43130,충청북도 충주시,201801-202608,202305,충청북도 충주시,2117.0,719541.0,0.3
43130,충청북도 충주시,201801-202608,202306,충청북도 충주시,1956.0,647231.0,0.3
43130,충청북도 충주시,201801-202608,202307,충청북도 충주시,1905.0,644899.0,0.3
43130,충청북도 충주시,201801-202608,202308,충청북도 충주시,1747.0,575318.0,0.3
43130,충청북도 충주시,201801-202608,202309,충청북도 충주시,1905.0,624685.0,0.3
43130,충청북도 충주시,201801-202608,202310,충청북도 충주시,2211.0,715316.0,0.3
43130,충청북도 충주시,201801-202608,202311,충청북도 충주시,1988.0,695656.0,0.3
43130,충청북도 충주시,201801-202608,202312,충청북도 충주시,1656.0,750830.0,0.2
43130,충청북도 충주시,201801-202608,202401,충청북도 충주시,1219.0,588058.0,0.2
43130,충청북도 충주시,201801-202608,202402,충청북도 충주시,1235.0,585128.0,0.2
43130,충청북도 충주시,201801-202608,202403,충청북도 충주시,1709.0,673635.0,0.3
43130,충청북도 충주시,201801-202608,202404,충청북도 충주시,1947.0,668463.0,0.3
43130,충청북도 충주시,201801-202608,202405,충청북도 충주시,2052.0,696796.0,0.3
43130,충청북도 충주시,201801-202608,202406,충청북도 충주시,1928.0,668934.0,0.3
43130,충청북도 충주시,201801-202608,202407,충청북도 충주시,1630.0,600192.0,0.3
43130,충청북도 충주시,201801-202608,202408,충청북도 충주시,1595.0,584654.0,0.3
43130,충청북도 충주시,201801-202608,202409,충청북도 충주시,1863.0,609816.0,0.3
43130,충청북도 충주시,201801-202608,202410,충청북도 충주시,2055.0,685336.0,0.3
43130,충청북도 충주시,201801-202608,202411,충청북도 충주시,1725.0,686712.0,0.3
43130,충청북도 충주시,201801-202608,202412,충청북도 충주시,1500.0,743781.0,0.2
43130,충청북도 충주시,201801-202608,202501,충청북도 충주시,1060.0,605595.0,0.2
43130,충청북도 충주시,201801-202608,202502,충청북도 충주시,885.0,530778.0,0.2
43130,충청북도 충주시,201801-202608,202503,충청북도 충주시,1499.0,626429.0,0.2
43130,충청북도 충주시,201801-202608,202504,충청북도 충주시,1582.0,574769.0,0.3
43130,충청북도 충주시,201801-202608,202505,충청북도 충주시,1882.0,682499.0,0.3
43130,충청북도 충주시,201801-202608,202506,충청북도 충주시,1593.0,627702.0,0.3
43130,충청북도 충주시,201801-202608,202507,충청북도 충주시,1560.0,600599.0,0.3
43130,충청북도 충주시,201801-202608,202508,충청북도 충주시,1505.0,579721.0,0.3
43130,충청북도 충주시,201801-202608,202509,충청북도 충주시,1529.0,591325.0,0.3
43130,충청북도 충주시,201801-202608,202510,충청북도 충주시,2147.0,699760.0,0.3
43130,충청북도 충주시,201801-202608,202511,충청북도 충주시,1891.0,731979.0,0.3
43130,충청북도 충주시,201801-202608,202512,충청북도 충주시,1473.0,763750.0,0.2
43130,충청북도 충주시,201801-202608,202601,충청북도 충주시,1072.0,660320.0,0.2
43130,충청북도 충주시,201801-202608,202602,충청북도 충주시,1046.0,644267.0,0.2
43130,충청북도 충주시,201801-202608,201807,충청북도 충주시,1923.0,594154.0,0.3
43130,충청북도 충주시,201801-202608,202207,충청북도 충주시,1836.0,669231.0,0.3
43130,충청북도 충주시,201801-202608,202209,충청북도 충주시,1934.0,650901.0,0.3
43130,충청북도 충주시,201801-202608,202203,충청북도 충주시,1545.0,592387.0,0.3
43130,충청북도 충주시,201801-202608,202202,충청북도 충주시,1071.0,498646.0,0.2
43130,충청북도 충주시,201801-202608,202204,충청북도 충주시,1840.0,682496.0,0.3
43130,충청북도 충주시,201801-202608,202208,충청북도 충주시,1596.0,608804.0,0.3
43130,충청북도 충주시,201801-202608,202210,충청북도 충주시,2382.0,781869.0,0.3
43130,충청북도 충주시,201801-202608,202607,충청북도 충주시,1393.0,585521.0,0.2
43130,충청북도 충주시,201801-202608,202608,충청북도 충주시,1433.0,577930.0,0.2
