BASE_DATE,SIDO_NM,KTO_TOB_MCLS_NM,KTO_TOB_MCLS_CD,CNSM_AMT,SPPY_CNSM_AMT
202603,전국,관광총소비,0000,15602543395.0,14544020427.0
202604,전국,관광총소비,0000,15140637142.0,13917494364.0
202605,전국,관광총소비,0000,16652747176.0,15655951457.0
202606,전국,관광총소비,0000,14979016318.0,13974168923.0
201801,전국,관광총소비,0000,11387774442.0,0.0
201802,전국,관광총소비,0000,10936359696.0,0.0
201803,전국,관광총소비,0000,12127690202.0,0.0
201804,전국,관광총소비,0000,12079685041.0,0.0
201805,전국,관광총소비,0000,13160718700.0,0.0
201806,전국,관광총소비,0000,12502791290.0,0.0
201807,전국,관광총소비,0000,13054855207.0,0.0
201808,전국,관광총소비,0000,13157382113.0,0.0
201809,전국,관광총소비,0000,13292297168.0,0.0
201810,전국,관광총소비,0000,13087160196.0,0.0
201811,전국,관광총소비,0000,12478529902.0,0.0
201812,전국,관광총소비,0000,13441752655.0,0.0
201901,전국,관광총소비,0000,12389135824.0,11387774442.0
201902,전국,관광총소비,0000,11242731228.0,10936359696.0
201903,전국,관광총소비,0000,13073038211.0,12127690202.0
201904,전국,관광총소비,0000,12462619388.0,12079685041.0
201905,전국,관광총소비,0000,13792360650.0,13160718700.0
201906,전국,관광총소비,0000,13051062492.0,12502791290.0
201907,전국,관광총소비,0000,13143617625.0,13054855207.0
201908,전국,관광총소비,0000,13980015352.0,13157382113.0
201909,전국,관광총소비,0000,12758917361.0,13292297168.0
201910,전국,관광총소비,0000,13716741616.0,13087160196.0
201911,전국,관광총소비,0000,13400050026.0,12478529902.0
201912,전국,관광총소비,0000,14044143572.0,13441752655.0
202001,전국,관광총소비,0000,12897344171.0,12389135824.0
202002,전국,관광총소비,0000,9614625751.0,11242731228.0
202003,전국,관광총소비,0000,8990319384.0,13073038211.0
202004,전국,관광총소비,0000,9985599492.0,12462619388.0
202005,전국,관광총소비,0000,11853203992.0,13792360650.0
202006,전국,관광총소비,0000,11177217612.0,13051062492.0
202007,전국,관광총소비,0000,11669766020.0,13143617625.0
202008,전국,관광총소비,0000,11493119075.0,13980015352.0
202009,전국,관광총소비,0000,10832071305.0,12758917361.0
202010,전국,관광총소비,0000,11892367312.0,13716741616.0
202011,전국,관광총소비,0000,11174645833.0,13400050026.0
202012,전국,관광총소비,0000,9420973700.0,14044143572.0
202101,전국,관광총소비,0000,9234697754.0,12897344171.0
202102,전국,관광총소비,0000,9871930035.0,9614625751.0
202103,전국,관광총소비,0000,11311051287.0,8990319384.0
202104,전국,관광총소비,0000,11544257618.0,9985599492.0
202105,전국,관광총소비,0000,12304215667.0,11853203992.0
202106,전국,관광총소비,0000,11809689637.0,11177217612.0
202107,전국,관광총소비,0000,11776951882.0,11669766020.0
202108,전국,관광총소비,0000,11577161438.0,11493119075.0
202109,전국,관광총소비,0000,12225289493.0,10832071305.0
202110,전국,관광총소비,0000,13630593422.0,11892367312.0
202111,전국,관광총소비,0000,13279274052.0,11174645833.0
202112,전국,관광총소비,0000,12631742209.0,9420973700.0
202201,전국,관광총소비,0000,12384084468.0,9234697754.0
202202,전국,관광총소비,0000,9856367402.0,9871930035.0
202203,전국,관광총소비,0000,12029765436.0,11311051287.0
202204,전국,관광총소비,0000,14006422958.0,11544257618.0
202205,전국,관광총소비,0000,15709053469.0,12304215667.0
202206,전국,관광총소비,0000,14499837901.0,11809689637.0
202207,전국,관광총소비,0000,15324142343.0,11776951882.0
202208,전국,관광총소비,0000,14819934176.0,11577161438.0
202209,전국,관광총소비,0000,14419780846.0,12225289493.0
202210,전국,관광총소비,0000,16157130192.0,13630593422.0
202211,전국,관광총소비,0000,14557722370.0,13279274052.0
202212,전국,관광총소비,0000,15239741935.0,12631742209.0
202301,전국,관광총소비,0000,14014004070.0,12384084468.0
202302,전국,관광총소비,0000,13141761429.0,9856367402.0
202303,전국,관광총소비,0000,14582793278.0,12029765436.0
202304,전국,관광총소비,0000,14653804125.0,14006422958.0
202305,전국,관광총소비,0000,15356449220.0,15709053469.0
202306,전국,관광총소비,0000,14474920846.0,14499837901.0
202307,전국,관광총소비,0000,15089924789.0,15324142343.0
202308,전국,관광총소비,0000,15163038260.0,14819934176.0
202309,전국,관광총소비,0000,15500996763.0,14419780846.0
202310,전국,관광총소비,0000,15496411824.0,16157130192.0
202311,전국,관광총소비,0000,14409059825.0,14557722370.0
202312,전국,관광총소비,0000,15440200771.0,15239741935.0
202401,전국,관광총소비,0000,13985282280.0,14014004070.0
202402,전국,관광총소비,0000,13668634959.0,13141761429.0
202403,전국,관광총소비,0000,15257000651.0,14582793278.0
202404,전국,관광총소비,0000,14779286398.0,14653804125.0
202405,전국,관광총소비,0000,15873475908.0,15356449220.0
202406,전국,관광총소비,0000,15139289560.0,14474920846.0
202407,전국,관광총소비,0000,14975561700.0,15089924789.0
202408,전국,관광총소비,0000,15729874136.0,15163038260.0
202409,전국,관광총소비,0000,15003213011.0,15500996763.0
202410,전국,관광총소비,0000,15631728908.0,15496411824.0
202411,전국,관광총소비,0000,14877640950.0,14409059825.0
202412,전국,관광총소비,0000,15350384631.0,15440200771.0
202501,전국,관광총소비,0000,14189500554.0,13985282280.0
202502,전국,관광총소비,0000,12602526019.0,13668634959.0
202503,전국,관광총소비,0000,14544020427.0,15257000651.0
202504,전국,관광총소비,0000,13917494364.0,14779286398.0
202505,전국,관광총소비,0000,15655951457.0,15873475908.0
202506,전국,관광총소비,0000,13974168923.0,15139289560.0
202507,전국,관광총소비,0000,14899034402.0,14975561700.0
202508,전국,관광총소비,0000,15229041149.0,15729874136.0
202509,전국,관광총소비,0000,14241971854.0,15003213011.0
202510,전국,관광총소비,0000,15817606235.0,15631728908.0
202511,전국,관광총소비,0000,15405325819.0,14877640950.0
202512,전국,관광총소비,0000,15775367781.0,15350384631.0
202601,전국,관광총소비,0000,15049636966.0,14189500554.0
202602,전국,관광총소비,0000,14226268805.0,12602526019.0
202607,전국,관광총소비,0000,15542690886.0,14899034402.0
202603,전국,육상운송,31,3088470273.0,2669878369.0
202603,전국,레저용품쇼핑,43,327244673.0,340137257.0
202603,전국,항공운송,33,955648409.0,629165927.0
202603,전국,문화서비스,56,127945950.0,131718243.0
202603,전국,콘도,12,22227478.0,23399382.0
202603,전국,기타숙박,14,293771950.0,229428281.0
202603,전국,대형쇼핑몰,42,2672047062.0,2697322318.0
202603,전국,기타레저,55,147777841.0,145671489.0
202603,전국,관광유원시설,52,38760779.0,39117399.0
202603,전국,렌터카,34,52327911.0,60270863.0
202603,전국,캠핑장/펜션,13,9301202.0,8310764.0
202603,전국,골프장,53,286141736.0,271881023.0
202603,전국,일반외식업,71,3707148282.0,3572791252.0
202603,전국,여행업,21,299925788.0,284813786.0
202603,전국,기타관광쇼핑,44,2249940144.0,2180894355.0
202603,전국,호텔,11,131227667.0,127777820.0
202603,전국,뷰티,62,331397333.0,305302077.0
202603,전국,제과음료업,72,712498250.0,659072037.0
202603,전국,스키장,54,296356.0,498881.0
202603,전국,수상운송,32,7846793.0,7531739.0
202603,전국,면세점,41,140597518.0,159037164.0
202604,전국,캠핑장/펜션,13,12030376.0,9081223.0
202604,전국,면세점,41,146505994.0,153059889.0
202604,전국,레저용품쇼핑,43,366680539.0,354091631.0
202604,전국,일반외식업,71,3752770554.0,3438503832.0
202604,전국,기타레저,55,141260357.0,133464385.0
202604,전국,호텔,11,128010810.0,122437526.0
202604,전국,렌터카,34,52066479.0,61778002.0
202604,전국,기타숙박,14,287594166.0,227673712.0
202604,전국,대형쇼핑몰,42,2581582977.0,2336009686.0
202604,전국,관광유원시설,52,49354821.0,49347712.0
202604,전국,여행업,21,211539321.0,286602131.0
202604,전국,기타관광쇼핑,44,2268707782.0,2133688502.0
202604,전국,뷰티,62,302783762.0,267839043.0
202604,전국,문화서비스,56,125752618.0,135331275.0
202604,전국,골프장,53,364830571.0,336492703.0
202604,전국,제과음료업,72,725587047.0,651011439.0
202604,전국,육상운송,31,3148683139.0,2620748209.0
202604,전국,수상운송,32,9757071.0,10126011.0
202604,전국,콘도,12,28519289.0,26918887.0
202604,전국,항공운송,33,436463597.0,563205325.0
202604,전국,스키장,54,155873.0,83238.0
202605,전국,골프장,53,420909947.0,399737672.0
202605,전국,기타숙박,14,298355728.0,252142777.0
202605,전국,대형쇼핑몰,42,3009073192.0,2763516301.0
202605,전국,기타레저,55,172334984.0,160772486.0
202605,전국,여행업,21,185804816.0,261744590.0
202605,전국,기타관광쇼핑,44,2478985017.0,2380347456.0
202605,전국,호텔,11,165127588.0,156127442.0
202605,전국,렌터카,34,52326355.0,64631929.0
202605,전국,뷰티,62,335639255.0,301504374.0
202605,전국,제과음료업,72,806653521.0,735300117.0
202605,전국,문화서비스,56,146657636.0,166372622.0
202605,전국,레저용품쇼핑,43,407241606.0,421412211.0
202605,전국,관광유원시설,52,61698198.0,58126592.0
202605,전국,육상운송,31,3252611250.0,2713987304.0
202605,전국,캠핑장/펜션,13,12665426.0,10911637.0
202605,전국,일반외식업,71,4287956819.0,3982796550.0
202605,전국,면세점,41,148218577.0,194734793.0
202605,전국,콘도,12,42252296.0,37024801.0
202605,전국,수상운송,32,10604495.0,11521150.0
202605,전국,항공운송,33,357335758.0,582971323.0
202605,전국,스키장,54,294713.0,267329.0
202606,전국,항공운송,33,474350756.0,528099015.0
202606,전국,문화서비스,56,124573199.0,142186177.0
202606,전국,기타숙박,14,297023215.0,241117599.0
202606,전국,대형쇼핑몰,42,2448148565.0,2484345090.0
202606,전국,여행업,21,215978288.0,243591030.0
202606,전국,기타관광쇼핑,44,2246357614.0,2125717171.0
202606,전국,제과음료업,72,712062572.0,662745149.0
202606,전국,렌터카,34,55416451.0,63521450.0
202606,전국,캠핑장/펜션,13,10953554.0,9744541.0
202606,전국,육상운송,31,3181806207.0,2511616699.0
202606,전국,레저용품쇼핑,43,324319376.0,336228404.0
202606,전국,일반외식업,71,3675118492.0,3454481623.0
202606,전국,기타레저,55,151547886.0,148071241.0
202606,전국,호텔,11,135855028.0,133085152.0
202606,전국,관광유원시설,52,38473721.0,41675400.0
202606,전국,뷰티,62,315883248.0,280466775.0
202606,전국,골프장,53,396457446.0,371432509.0
202606,전국,수상운송,32,8097252.0,8927711.0
202606,전국,면세점,41,125150744.0,147988702.0
202606,전국,콘도,12,41114795.0,38769309.0
202606,전국,스키장,54,327908.0,358175.0
201801,전국,제과음료업,72,359837518.0,0.0
201801,전국,레저용품쇼핑,43,222983054.0,0.0
201801,전국,대형쇼핑몰,42,2141925954.0,0.0
201801,전국,캠핑장/펜션,13,8380476.0,0.0
201801,전국,기타레저,55,121853412.0,0.0
201801,전국,관광유원시설,52,22259539.0,0.0
201801,전국,여행업,21,198808402.0,0.0
201801,전국,렌터카,34,12602710.0,0.0
201801,전국,육상운송,31,2618806336.0,0.0
201801,전국,호텔,11,106662958.0,0.0
201801,전국,기타숙박,14,98068542.0,0.0
201801,전국,문화서비스,56,152098763.0,0.0
201801,전국,뷰티,62,241230483.0,0.0
201801,전국,기타관광쇼핑,44,1681962876.0,0.0
201801,전국,수상운송,32,7783207.0,0.0
201801,전국,골프장,53,50610382.0,0.0
201801,전국,일반외식업,71,2482296576.0,0.0
201801,전국,면세점,41,187570076.0,0.0
201801,전국,콘도,12,66257353.0,0.0
201801,전국,항공운송,33,594844203.0,0.0
201801,전국,스키장,54,10931622.0,0.0
201802,전국,호텔,11,88897235.0,0.0
201802,전국,골프장,53,71389940.0,0.0
201802,전국,레저용품쇼핑,43,215699877.0,0.0
201802,전국,기타숙박,14,89869931.0,0.0
201802,전국,문화서비스,56,116347482.0,0.0
201802,전국,뷰티,62,243697404.0,0.0
201802,전국,육상운송,31,2437259837.0,0.0
201802,전국,기타관광쇼핑,44,1763721819.0,0.0
201802,전국,캠핑장/펜션,13,7466225.0,0.0
201802,전국,렌터카,34,12639442.0,0.0
201802,전국,기타레저,55,116175454.0,0.0
201802,전국,관광유원시설,52,23732286.0,0.0
201802,전국,일반외식업,71,2282562682.0,0.0
201802,전국,면세점,41,170885812.0,0.0
201802,전국,여행업,21,153425802.0,0.0
201802,전국,대형쇼핑몰,42,2293326490.0,0.0
201802,전국,수상운송,32,8181733.0,0.0
201802,전국,제과음료업,72,349724438.0,0.0
201802,전국,콘도,12,45852867.0,0.0
201802,전국,항공운송,33,438042077.0,0.0
201802,전국,스키장,54,7460862.0,0.0
201803,전국,면세점,41,153830658.0,0.0
201803,전국,육상운송,31,2663638139.0,0.0
201803,전국,기타관광쇼핑,44,1845436798.0,0.0
201803,전국,캠핑장/펜션,13,8783802.0,0.0
201803,전국,렌터카,34,13734606.0,0.0
201803,전국,기타레저,55,132080889.0,0.0
201803,전국,호텔,11,93507876.0,0.0
201803,전국,골프장,53,186689981.0,0.0
201803,전국,레저용품쇼핑,43,299658276.0,0.0
201803,전국,기타숙박,14,104249061.0,0.0
201803,전국,문화서비스,56,102650639.0,0.0
201803,전국,관광유원시설,52,30473640.0,0.0
201803,전국,뷰티,62,272735347.0,0.0
201803,전국,일반외식업,71,2749848450.0,0.0
201803,전국,여행업,21,133201710.0,0.0
201803,전국,대형쇼핑몰,42,2411221545.0,0.0
201803,전국,콘도,12,21830168.0,0.0
201803,전국,제과음료업,72,418448415.0,0.0
201803,전국,수상운송,32,11102183.0,0.0
201803,전국,스키장,54,1123814.0,0.0
201803,전국,항공운송,33,473444204.0,0.0
201804,전국,레저용품쇼핑,43,303615213.0,0.0
201804,전국,항공운송,33,483976086.0,0.0
201804,전국,여행업,21,143246578.0,0.0
201804,전국,대형쇼핑몰,42,2285000920.0,0.0
201804,전국,캠핑장/펜션,13,9045849.0,0.0
201804,전국,기타레저,55,129674968.0,0.0
201804,전국,제과음료업,72,425516862.0,0.0
201804,전국,렌터카,34,14126780.0,0.0
201804,전국,호텔,11,94562539.0,0.0
201804,전국,기타숙박,14,105419680.0,0.0
201804,전국,문화서비스,56,122323990.0,0.0
201804,전국,면세점,41,181584045.0,0.0
201804,전국,뷰티,62,250698923.0,0.0
201804,전국,육상운송,31,2631117540.0,0.0
201804,전국,기타관광쇼핑,44,1829800996.0,0.0
201804,전국,골프장,53,233368061.0,0.0
201804,전국,관광유원시설,52,34703478.0,0.0
201804,전국,일반외식업,71,2761574149.0,0.0
201804,전국,콘도,12,25540822.0,0.0
201804,전국,수상운송,32,14735798.0,0.0
201804,전국,스키장,54,51766.0,0.0
201805,전국,레저용품쇼핑,43,327936283.0,0.0
201805,전국,항공운송,33,521185686.0,0.0
201805,전국,여행업,21,155573164.0,0.0
201805,전국,대형쇼핑몰,42,2529886178.0,0.0
201805,전국,캠핑장/펜션,13,10232833.0,0.0
201805,전국,렌터카,34,15754592.0,0.0
201805,전국,기타레저,55,144813347.0,0.0
201805,전국,제과음료업,72,456960430.0,0.0
201805,전국,호텔,11,109614499.0,0.0
201805,전국,기타숙박,14,112837603.0,0.0
201805,전국,문화서비스,56,133966166.0,0.0
201805,전국,면세점,41,185741781.0,0.0
201805,전국,뷰티,62,271384968.0,0.0
201805,전국,육상운송,31,2803354429.0,0.0
201805,전국,기타관광쇼핑,44,1985245381.0,0.0
201805,전국,골프장,53,268913130.0,0.0
201805,전국,관광유원시설,52,45396021.0,0.0
201805,전국,일반외식업,71,3031387134.0,0.0
201805,전국,콘도,12,33722371.0,0.0
201805,전국,수상운송,32,16663132.0,0.0
201805,전국,스키장,54,149572.0,0.0
201806,전국,일반외식업,71,2835978093.0,0.0
201806,전국,여행업,21,150103301.0,0.0
201806,전국,대형쇼핑몰,42,2333096178.0,0.0
201806,전국,호텔,11,101364919.0,0.0
201806,전국,골프장,53,272071410.0,0.0
201806,전국,기타숙박,14,109689801.0,0.0
201806,전국,문화서비스,56,124126702.0,0.0
201806,전국,뷰티,62,263191555.0,0.0
201806,전국,기타관광쇼핑,44,1904899564.0,0.0
201806,전국,항공운송,33,546317196.0,0.0
201806,전국,렌터카,34,15053042.0,0.0
201806,전국,제과음료업,72,438019841.0,0.0
201806,전국,레저용품쇼핑,43,285191475.0,0.0
201806,전국,관광유원시설,52,35604028.0,0.0
201806,전국,캠핑장/펜션,13,9888046.0,0.0
201806,전국,기타레저,55,138835571.0,0.0
201806,전국,육상운송,31,2704012419.0,0.0
201806,전국,수상운송,32,15261463.0,0.0
201806,전국,콘도,12,34666964.0,0.0
201806,전국,면세점,41,185237684.0,0.0
201806,전국,스키장,54,182039.0,0.0
201807,전국,기타숙박,14,121462620.0,0.0
201807,전국,문화서비스,56,153517023.0,0.0
201807,전국,면세점,41,197348579.0,0.0
201807,전국,뷰티,62,264768334.0,0.0
201807,전국,기타관광쇼핑,44,1950404482.0,0.0
201807,전국,일반외식업,71,2960385667.0,0.0
201807,전국,여행업,21,195389152.0,0.0
201807,전국,대형쇼핑몰,42,2423392261.0,0.0
201807,전국,호텔,11,117028972.0,0.0
201807,전국,골프장,53,215944191.0,0.0
201807,전국,항공운송,33,552232829.0,0.0
201807,전국,수상운송,32,16975153.0,0.0
201807,전국,기타레저,55,145476418.0,0.0
201807,전국,제과음료업,72,458555815.0,0.0
201807,전국,레저용품쇼핑,43,267938077.0,0.0
201807,전국,캠핑장/펜션,13,11208061.0,0.0
201807,전국,렌터카,34,17483052.0,0.0
201807,전국,콘도,12,57477709.0,0.0
201807,전국,육상운송,31,2886490650.0,0.0
201807,전국,관광유원시설,52,41094919.0,0.0
201807,전국,스키장,54,281244.0,0.0
201808,전국,면세점,41,205422065.0,0.0
201808,전국,뷰티,62,258530397.0,0.0
201808,전국,콘도,12,70737320.0,0.0
201808,전국,항공운송,33,500052265.0,0.0
201808,전국,기타관광쇼핑,44,2079341490.0,0.0
201808,전국,일반외식업,71,3103046812.0,0.0
201808,전국,여행업,21,143009879.0,0.0
201808,전국,대형쇼핑몰,42,2233325447.0,0.0
201808,전국,호텔,11,143265280.0,0.0
201808,전국,골프장,53,187563435.0,0.0
201808,전국,기타숙박,14,135170921.0,0.0
201808,전국,문화서비스,56,206557020.0,0.0
201808,전국,제과음료업,72,474416149.0,0.0
201808,전국,레저용품쇼핑,43,228844621.0,0.0
201808,전국,관광유원시설,52,47695516.0,0.0
201808,전국,캠핑장/펜션,13,12861128.0,0.0
201808,전국,렌터카,34,19695287.0,0.0
201808,전국,기타레저,55,161703431.0,0.0
201808,전국,육상운송,31,2928289953.0,0.0
201808,전국,수상운송,32,17357922.0,0.0
201809,전국,면세점,41,183808898.0,0.0
201809,전국,육상운송,31,2804333251.0,0.0
201809,전국,기타관광쇼핑,44,2281277542.0,0.0
201809,전국,캠핑장/펜션,13,8958433.0,0.0
201809,전국,렌터카,34,14516778.0,0.0
201809,전국,기타레저,55,144730000.0,0.0
201809,전국,호텔,11,104574794.0,0.0
201809,전국,레저용품쇼핑,43,302263958.0,0.0
201809,전국,기타숙박,14,111812848.0,0.0
201809,전국,문화서비스,56,128934269.0,0.0
201809,전국,관광유원시설,52,39848171.0,0.0
201809,전국,골프장,53,248529672.0,0.0
201809,전국,뷰티,62,267313512.0,0.0
201809,전국,일반외식업,71,2928272297.0,0.0
201809,전국,여행업,21,151230887.0,0.0
201809,전국,대형쇼핑몰,42,2633543334.0,0.0
201809,전국,콘도,12,34551394.0,0.0
201809,전국,제과음료업,72,459956591.0,0.0
201809,전국,수상운송,32,15322046.0,0.0
201809,전국,항공운송,33,428167439.0,0.0
201809,전국,스키장,54,351054.0,0.0
201810,전국,면세점,41,168124395.0,0.0
201810,전국,뷰티,62,251110855.0,0.0
201810,전국,콘도,12,31032113.0,0.0
201810,전국,항공운송,33,451566887.0,0.0
201810,전국,기타관광쇼핑,44,1949223281.0,0.0
201810,전국,일반외식업,71,2981246444.0,0.0
201810,전국,대형쇼핑몰,42,2529499360.0,0.0
201810,전국,호텔,11,102188521.0,0.0
201810,전국,골프장,53,265502028.0,0.0
201810,전국,기타숙박,14,116753921.0,0.0
201810,전국,문화서비스,56,115951760.0,0.0
201810,전국,여행업,21,131956803.0,0.0
201810,전국,제과음료업,72,450999515.0,0.0
201810,전국,레저용품쇼핑,43,376057567.0,0.0
201810,전국,관광유원시설,52,45695189.0,0.0
201810,전국,캠핑장/펜션,13,9270258.0,0.0
201810,전국,렌터카,34,14874659.0,0.0
201810,전국,기타레저,55,140907524.0,0.0
201810,전국,육상운송,31,2939476347.0,0.0
201810,전국,수상운송,32,15403490.0,0.0
201810,전국,스키장,54,319281.0,0.0
201811,전국,기타숙박,14,110302491.0,0.0
201811,전국,문화서비스,56,127944437.0,0.0
201811,전국,면세점,41,160029390.0,0.0
201811,전국,뷰티,62,251991131.0,0.0
201811,전국,기타관광쇼핑,44,1860856770.0,0.0
201811,전국,일반외식업,71,2840002391.0,0.0
201811,전국,여행업,21,107624633.0,0.0
201811,전국,대형쇼핑몰,42,2398098664.0,0.0
201811,전국,호텔,11,96153672.0,0.0
201811,전국,골프장,53,219074759.0,0.0
201811,전국,항공운송,33,445688105.0,0.0
201811,전국,수상운송,32,11518198.0,0.0
201811,전국,기타레저,55,136617870.0,0.0
201811,전국,제과음료업,72,430048930.0,0.0
201811,전국,레저용품쇼핑,43,351314858.0,0.0
201811,전국,렌터카,34,13909331.0,0.0
201811,전국,콘도,12,24321876.0,0.0
201811,전국,캠핑장/펜션,13,8412855.0,0.0
201811,전국,육상운송,31,2855490787.0,0.0
201811,전국,관광유원시설,52,28687995.0,0.0
201811,전국,스키장,54,440758.0,0.0
201812,전국,면세점,41,157447202.0,0.0
201812,전국,육상운송,31,2787549939.0,0.0
201812,전국,기타관광쇼핑,44,1932028069.0,0.0
201812,전국,캠핑장/펜션,13,8532897.0,0.0
201812,전국,렌터카,34,14814608.0,0.0
201812,전국,기타레저,55,165546613.0,0.0
201812,전국,호텔,11,149048235.0,0.0
201812,전국,레저용품쇼핑,43,346767958.0,0.0
201812,전국,기타숙박,14,121916089.0,0.0
201812,전국,문화서비스,56,156201358.0,0.0
201812,전국,뷰티,62,279847169.0,0.0
201812,전국,관광유원시설,52,27304612.0,0.0
201812,전국,골프장,53,98144056.0,0.0
201812,전국,일반외식업,71,3242519604.0,0.0
201812,전국,여행업,21,142612464.0,0.0
201812,전국,대형쇼핑몰,42,2739006634.0,0.0
201812,전국,항공운송,33,536044888.0,0.0
201812,전국,제과음료업,72,476440064.0,0.0
201812,전국,수상운송,32,9153391.0,0.0
201812,전국,콘도,12,43499081.0,0.0
201812,전국,스키장,54,7327725.0,0.0
201901,전국,레저용품쇼핑,43,235306665.0,222983054.0
201901,전국,항공운송,33,571235754.0,594844203.0
201901,전국,콘도,12,48680749.0,66257353.0
201901,전국,대형쇼핑몰,42,2243024495.0,2141925954.0
201901,전국,호텔,11,118073371.0,106662958.0
201901,전국,뷰티,62,265681322.0,241230483.0
201901,전국,육상운송,31,2622290266.0,2618806336.0
201901,전국,문화서비스,56,134235839.0,152098763.0
201901,전국,일반외식업,71,2973914004.0,2482296576.0
201901,전국,기타레저,55,159165208.0,121853412.0
201901,전국,기타숙박,14,109572507.0,98068542.0
201901,전국,기타관광쇼핑,44,1953455438.0,1681962876.0
201901,전국,렌터카,34,14257411.0,12602710.0
201901,전국,캠핑장/펜션,13,7548805.0,8380476.0
201901,전국,골프장,53,68415450.0,50610382.0
201901,전국,관광유원시설,52,25762715.0,22259539.0
201901,전국,여행업,21,202364376.0,198808402.0
201901,전국,제과음료업,72,443524771.0,359837518.0
201901,전국,수상운송,32,9714702.0,7783207.0
201901,전국,면세점,41,172173654.0,187570076.0
201901,전국,스키장,54,10738320.0,10931622.0
201902,전국,레저용품쇼핑,43,223363364.0,215699877.0
201902,전국,호텔,11,102884058.0,88897235.0
201902,전국,뷰티,62,245838615.0,243697404.0
201902,전국,대형쇼핑몰,42,2158249423.0,2293326490.0
201902,전국,여행업,21,123829767.0,153425802.0
201902,전국,일반외식업,71,2676975155.0,2282562682.0
201902,전국,문화서비스,56,151666547.0,116347482.0
201902,전국,기타숙박,14,99824154.0,89869931.0
201902,전국,기타레저,55,151002210.0,116175454.0
201902,전국,기타관광쇼핑,44,1769026843.0,1763721819.0
201902,전국,렌터카,34,15167612.0,12639442.0
201902,전국,캠핑장/펜션,13,6881978.0,7466225.0
201902,전국,육상운송,31,2292672203.0,2437259837.0
201902,전국,제과음료업,72,420636424.0,349724438.0
201902,전국,면세점,41,162047766.0,170885812.0
201902,전국,수상운송,32,9465878.0,8181733.0
201902,전국,골프장,53,95082772.0,71389940.0
201902,전국,관광유원시설,52,28665250.0,23732286.0
201902,전국,콘도,12,38666153.0,45852867.0
201902,전국,항공운송,33,463315413.0,438042077.0
201902,전국,스키장,54,7469644.0,7460862.0
201903,전국,골프장,53,213548503.0,186689981.0
201903,전국,대형쇼핑몰,42,2605584253.0,2411221545.0
201903,전국,여행업,21,122759871.0,133201710.0
201903,전국,호텔,11,102763007.0,93507876.0
201903,전국,뷰티,62,294878501.0,272735347.0
201903,전국,제과음료업,72,497891184.0,418448415.0
201903,전국,문화서비스,56,116463493.0,102650639.0
201903,전국,기타숙박,14,116214625.0,104249061.0
201903,전국,기타레저,55,160324989.0,132080889.0
201903,전국,렌터카,34,15607264.0,13734606.0
201903,전국,캠핑장/펜션,13,8684646.0,8783802.0
201903,전국,기타관광쇼핑,44,1993123504.0,1845436798.0
201903,전국,레저용품쇼핑,43,294605786.0,299658276.0
201903,전국,관광유원시설,52,28280569.0,30473640.0
201903,전국,면세점,41,160435761.0,153830658.0
201903,전국,육상운송,31,2654915253.0,2663638139.0
201903,전국,일반외식업,71,3187436202.0,2749848450.0
201903,전국,콘도,12,21815465.0,21830168.0
201903,전국,수상운송,32,12311986.0,11102183.0
201903,전국,항공운송,33,464793544.0,473444204.0
201903,전국,스키장,54,599803.0,1123814.0
201904,전국,문화서비스,56,112410080.0,122323990.0
201904,전국,대형쇼핑몰,42,2334188081.0,2285000920.0
201904,전국,여행업,21,281808319.0,143246578.0
201904,전국,제과음료업,72,461248434.0,425516862.0
201904,전국,육상운송,31,2538598357.0,2631117540.0
201904,전국,일반외식업,71,2898329564.0,2761574149.0
201904,전국,기타레저,55,140010075.0,129674968.0
201904,전국,기타숙박,14,174543298.0,105419680.0
201904,전국,기타관광쇼핑,44,1817025764.0,1829800996.0
201904,전국,렌터카,34,21222458.0,14126780.0
201904,전국,캠핑장/펜션,13,7857210.0,9045849.0
201904,전국,골프장,53,239680084.0,233368061.0
201904,전국,레저용품쇼핑,43,336930291.0,303615213.0
201904,전국,호텔,11,96994594.0,94562539.0
201904,전국,관광유원시설,52,39073658.0,34703478.0
201904,전국,수상운송,32,11187761.0,14735798.0
201904,전국,뷰티,62,250104992.0,250698923.0
201904,전국,면세점,41,228983893.0,181584045.0
201904,전국,콘도,12,23116772.0,25540822.0
201904,전국,항공운송,33,449213598.0,483976086.0
201904,전국,스키장,54,92105.0,51766.0
201905,전국,호텔,11,110355074.0,109614499.0
201905,전국,면세점,41,248416732.0,185741781.0
201905,전국,육상운송,31,2760748396.0,2803354429.0
201905,전국,여행업,21,297489364.0,155573164.0
201905,전국,뷰티,62,269375081.0,271384968.0
201905,전국,일반외식업,71,3215307041.0,3031387134.0
201905,전국,기타레저,55,157055884.0,144813347.0
201905,전국,기타숙박,14,189234788.0,112837603.0
201905,전국,기타관광쇼핑,44,1993727972.0,1985245381.0
201905,전국,렌터카,34,23660864.0,15754592.0
201905,전국,캠핑장/펜션,13,9025075.0,10232833.0
201905,전국,레저용품쇼핑,43,377012030.0,327936283.0
201905,전국,골프장,53,279170263.0,268913130.0
201905,전국,대형쇼핑몰,42,2613356979.0,2529886178.0
201905,전국,관광유원시설,52,46329645.0,45396021.0
201905,전국,제과음료업,72,508834237.0,456960430.0
201905,전국,문화서비스,56,129261162.0,133966166.0
201905,전국,수상운송,32,11833980.0,16663132.0
201905,전국,항공운송,33,523151352.0,521185686.0
201905,전국,콘도,12,28829738.0,33722371.0
201906,전국,대형쇼핑몰,42,2362414729.0,2333096178.0
201906,전국,수상운송,32,10253750.0,15261463.0
201906,전국,여행업,21,289479241.0,150103301.0
201906,전국,호텔,11,110897405.0,101364919.0
201906,전국,뷰티,62,264610177.0,263191555.0
201906,전국,면세점,41,237163922.0,185237684.0
201906,전국,제과음료업,72,486531761.0,438019841.0
201906,전국,문화서비스,56,148601870.0,124126702.0
201906,전국,기타숙박,14,203952534.0,109689801.0
201906,전국,기타레저,55,161199277.0,138835571.0
201906,전국,기타관광쇼핑,44,1909082166.0,1904899564.0
201906,전국,렌터카,34,24795401.0,15053042.0
201906,전국,캠핑장/펜션,13,9070896.0,9888046.0
201906,전국,레저용품쇼핑,43,315307353.0,285191475.0
201906,전국,육상운송,31,2624934473.0,2704012419.0
201906,전국,관광유원시설,52,42146608.0,35604028.0
201906,전국,일반외식업,71,3061263016.0,2835978093.0
201906,전국,항공운송,33,477722321.0,546317196.0
201906,전국,골프장,53,276221687.0,272071410.0
201906,전국,콘도,12,35128744.0,34666964.0
201906,전국,스키장,54,285160.0,182039.0
201907,전국,대형쇼핑몰,42,2239635987.0,2423392261.0
201907,전국,여행업,21,360702672.0,195389152.0
201907,전국,제과음료업,72,491311977.0,458555815.0
201907,전국,문화서비스,56,150722216.0,153517023.0
201907,전국,육상운송,31,2694825692.0,2886490650.0
201907,전국,기타숙박,14,245523483.0,121462620.0
201907,전국,기타레저,55,165549650.0,145476418.0
201907,전국,렌터카,34,34518493.0,17483052.0
201907,전국,캠핑장/펜션,13,9925906.0,11208061.0
201907,전국,기타관광쇼핑,44,1890895139.0,1950404482.0
201907,전국,골프장,53,229403427.0,215944191.0
201907,전국,레저용품쇼핑,43,297332813.0,267938077.0
201907,전국,항공운송,33,513911874.0,552232829.0
201907,전국,호텔,11,118754492.0,117028972.0
201907,전국,뷰티,62,260593689.0,264768334.0
201907,전국,면세점,41,254350141.0,197348579.0
201907,전국,일반외식업,71,3081872030.0,2960385667.0
201907,전국,관광유원시설,52,45867412.0,41094919.0
201907,전국,스키장,54,237036.0,281244.0
201907,전국,콘도,12,48363609.0,57477709.0
201907,전국,수상운송,32,9319887.0,16975153.0
201908,전국,호텔,11,152644615.0,143265280.0
201908,전국,면세점,41,218424205.0,205422065.0
201908,전국,육상운송,31,2932312432.0,2928289953.0
201908,전국,문화서비스,56,159474532.0,206557020.0
201908,전국,일반외식업,71,3417213744.0,3103046812.0
201908,전국,기타레저,55,193938121.0,161703431.0
201908,전국,기타숙박,14,249115434.0,135170921.0
201908,전국,기타관광쇼핑,44,2123126664.0,2079341490.0
201908,전국,렌터카,34,34566282.0,19695287.0
201908,전국,캠핑장/펜션,13,12614940.0,12861128.0
201908,전국,항공운송,33,394823249.0,500052265.0
201908,전국,골프장,53,229765880.0,187563435.0
201908,전국,레저용품쇼핑,43,270599805.0,228844621.0
201908,전국,관광유원시설,52,60325013.0,47695516.0
201908,전국,대형쇼핑몰,42,2381658420.0,2233325447.0
201908,전국,여행업,21,249622634.0,143009879.0
201908,전국,제과음료업,72,541159284.0,474416149.0
201908,전국,뷰티,62,274100637.0,258530397.0
201908,전국,콘도,12,70752532.0,70737320.0
201908,전국,수상운송,32,13326350.0,17357922.0
201908,전국,스키장,54,450579.0,495777.0
201909,전국,기타레저,55,155393392.0,144730000.0
201909,전국,여행업,21,269114331.0,151230887.0
201909,전국,호텔,11,103014128.0,104574794.0
201909,전국,뷰티,62,249089010.0,267313512.0
201909,전국,면세점,41,234926824.0,183808898.0
201909,전국,일반외식업,71,2873633299.0,2928272297.0
201909,전국,문화서비스,56,102539723.0,128934269.0
201909,전국,기타숙박,14,177254598.0,111812848.0
201909,전국,기타관광쇼핑,44,2052114872.0,2281277542.0
201909,전국,캠핑장/펜션,13,7659816.0,8958433.0
201909,전국,레저용품쇼핑,43,300324572.0,302263958.0
201909,전국,항공운송,33,373767212.0,428167439.0
201909,전국,골프장,53,223221968.0,248529672.0
201909,전국,대형쇼핑몰,42,2510257823.0,2633543334.0
201909,전국,관광유원시설,52,39823363.0,39848171.0
201909,전국,육상운송,31,2544932118.0,2804333251.0
201909,전국,렌터카,34,25344211.0,14516778.0
201909,전국,제과음료업,72,478207687.0,459956591.0
201909,전국,콘도,12,29520083.0,34551394.0
201909,전국,수상운송,32,8515421.0,15322046.0
201909,전국,스키장,54,262911.0,351054.0
201910,전국,호텔,11,116004731.0,102188521.0
201910,전국,면세점,41,234924678.0,168124395.0
201910,전국,육상운송,31,2816914906.0,2939476347.0
201910,전국,뷰티,62,258168640.0,251110855.0
201910,전국,일반외식업,71,3284089182.0,2981246444.0
201910,전국,기타레저,55,163724260.0,140907524.0
201910,전국,기타숙박,14,191227327.0,116753921.0
201910,전국,기타관광쇼핑,44,1985314416.0,1949223281.0
201910,전국,캠핑장/펜션,13,9346373.0,9270258.0
201910,전국,레저용품쇼핑,43,387324749.0,376057567.0
201910,전국,골프장,53,282732594.0,265502028.0
201910,전국,대형쇼핑몰,42,2564208926.0,2529499360.0
201910,전국,여행업,21,258429204.0,131956803.0
201910,전국,관광유원시설,52,61953300.0,45695189.0
201910,전국,제과음료업,72,513840500.0,450999515.0
201910,전국,문화서비스,56,110674598.0,115951760.0
201910,전국,렌터카,34,27706760.0,14874659.0
201910,전국,수상운송,32,12177664.0,15403490.0
201910,전국,항공운송,33,403252260.0,451566887.0
201910,전국,콘도,12,34491868.0,31032113.0
201910,전국,스키장,54,234679.0,319281.0
201911,전국,대형쇼핑몰,42,2697735194.0,2398098664.0
201911,전국,수상운송,32,9684001.0,11518198.0
201911,전국,여행업,21,258682463.0,107624633.0
201911,전국,호텔,11,111939208.0,96153672.0
201911,전국,뷰티,62,258434957.0,251991131.0
201911,전국,면세점,41,213249133.0,160029390.0
201911,전국,제과음료업,72,481464815.0,430048930.0
201911,전국,문화서비스,56,121080723.0,127944437.0
201911,전국,기타숙박,14,184255917.0,110302491.0
201911,전국,기타레저,55,154307677.0,136617870.0
201911,전국,기타관광쇼핑,44,1893171006.0,1860856770.0
201911,전국,렌터카,34,23516322.0,13909331.0
201911,전국,캠핑장/펜션,13,8192502.0,8412855.0
201911,전국,레저용품쇼핑,43,429395038.0,351314858.0
201911,전국,관광유원시설,52,34988408.0,28687995.0
201911,전국,육상운송,31,2751567676.0,2855490787.0
201911,전국,일반외식업,71,3158646842.0,2840002391.0
201911,전국,항공운송,33,344717430.0,445688105.0
201911,전국,골프장,53,237048245.0,219074759.0
201911,전국,콘도,12,27549206.0,24321876.0
201911,전국,스키장,54,423265.0,440758.0
201912,전국,대형쇼핑몰,42,2795458895.0,2739006634.0
201912,전국,여행업,21,349159234.0,142612464.0
201912,전국,제과음료업,72,517053435.0,476440064.0
201912,전국,문화서비스,56,134981291.0,156201358.0
201912,전국,육상운송,31,2816409860.0,2787549939.0
201912,전국,기타숙박,14,204061488.0,121916089.0
201912,전국,기타레저,55,177110205.0,165546613.0
201912,전국,렌터카,34,27989507.0,14814608.0
201912,전국,캠핑장/펜션,13,8144275.0,8532897.0
201912,전국,기타관광쇼핑,44,1903425372.0,1932028069.0
201912,전국,골프장,53,116449953.0,98144056.0
201912,전국,레저용품쇼핑,43,359049038.0,346767958.0
201912,전국,항공운송,33,416122867.0,536044888.0
201912,전국,호텔,11,149027447.0,149048235.0
201912,전국,뷰티,62,284175235.0,279847169.0
201912,전국,면세점,41,228414303.0,157447202.0
201912,전국,일반외식업,71,3467897152.0,3242519604.0
201912,전국,관광유원시설,52,31743057.0,27304612.0
201912,전국,스키장,54,6191611.0,7327725.0
201912,전국,콘도,12,44354500.0,43499081.0
201912,전국,수상운송,32,6924846.0,9153391.0
202001,전국,캠핑장/펜션,13,6933184.0,7548805.0
202001,전국,제과음료업,72,478912006.0,443524771.0
202001,전국,기타레저,55,170116782.0,159165208.0
202001,전국,대형쇼핑몰,42,2382581563.0,2243024495.0
202001,전국,관광유원시설,52,25156317.0,25762715.0
202001,전국,레저용품쇼핑,43,256680800.0,235306665.0
202001,전국,렌터카,34,28042310.0,14257411.0
202001,전국,여행업,21,368855692.0,202364376.0
202001,전국,육상운송,31,2670485212.0,2622290266.0
202001,전국,면세점,41,216056977.0,172173654.0
202001,전국,기타숙박,14,174651649.0,109572507.0
202001,전국,호텔,11,119335496.0,118073371.0
202001,전국,문화서비스,56,110094030.0,134235839.0
202001,전국,골프장,53,83576732.0,68415450.0
202001,전국,기타관광쇼핑,44,2022618867.0,1953455438.0
202001,전국,일반외식업,71,3028261620.0,2973914004.0
202001,전국,뷰티,62,257129658.0,265681322.0
202001,전국,수상운송,32,6701611.0,9714702.0
202001,전국,콘도,12,53749820.0,48680749.0
202001,전국,항공운송,33,428286970.0,571235754.0
202001,전국,스키장,54,9116878.0,10738320.0
202002,전국,여행업,21,91220950.0,123829767.0
202002,전국,캠핑장/펜션,13,5458430.0,6881978.0
202002,전국,제과음료업,72,383697700.0,420636424.0
202002,전국,기타레저,55,122398340.0,151002210.0
202002,전국,렌터카,34,20337925.0,15167612.0
202002,전국,관광유원시설,52,9959674.0,28665250.0
202002,전국,대형쇼핑몰,42,1728608586.0,2158249423.0
202002,전국,레저용품쇼핑,43,210808001.0,223363364.0
202002,전국,항공운송,33,232053756.0,463315413.0
202002,전국,면세점,41,102394553.0,162047766.0
202002,전국,육상운송,31,2114017352.0,2292672203.0
202002,전국,기타숙박,14,138193886.0,99824154.0
202002,전국,호텔,11,73055508.0,102884058.0
202002,전국,문화서비스,56,64221860.0,151666547.0
202002,전국,뷰티,62,205354146.0,245838615.0
202002,전국,골프장,53,109822822.0,95082772.0
202002,전국,기타관광쇼핑,44,1611402884.0,1769026843.0
202002,전국,일반외식업,71,2357836475.0,2676975155.0
202002,전국,수상운송,32,4856124.0,9465878.0
202002,전국,콘도,12,24976691.0,38666153.0
202002,전국,스키장,54,3950089.0,7469644.0
202003,전국,여행업,21,26755829.0,122759871.0
202003,전국,캠핑장/펜션,13,5201147.0,8684646.0
202003,전국,제과음료업,72,372943429.0,497891184.0
202003,전국,기타레저,55,92452771.0,160324989.0
202003,전국,렌터카,34,19342367.0,15607264.0
202003,전국,관광유원시설,52,10724309.0,28280569.0
202003,전국,대형쇼핑몰,42,1688542394.0,2605584253.0
202003,전국,레저용품쇼핑,43,256918610.0,294605786.0
202003,전국,항공운송,33,122440495.0,464793544.0
202003,전국,기타관광쇼핑,44,1703867850.0,1993123504.0
202003,전국,육상운송,31,1953355897.0,2654915253.0
202003,전국,면세점,41,33230629.0,160435761.0
202003,전국,기타숙박,14,119509127.0,116214625.0
202003,전국,호텔,11,40805826.0,102763007.0
202003,전국,문화서비스,56,31807239.0,116463493.0
202003,전국,뷰티,62,187276061.0,294878501.0
202003,전국,골프장,53,191809152.0,213548503.0
202003,전국,일반외식업,71,2118117009.0,3187436202.0
202003,전국,수상운송,32,4948326.0,12311986.0
202003,전국,콘도,12,10080437.0,21815465.0
202003,전국,스키장,54,190479.0,599803.0
202004,전국,여행업,21,13794601.0,281808319.0
202004,전국,캠핑장/펜션,13,5770623.0,7857210.0
202004,전국,제과음료업,72,422173457.0,461248434.0
202004,전국,기타레저,55,102389990.0,140010075.0
202004,전국,렌터카,34,22392558.0,21222458.0
202004,전국,관광유원시설,52,14811381.0,39073658.0
202004,전국,대형쇼핑몰,42,1991024312.0,2334188081.0
202004,전국,레저용품쇼핑,43,344537393.0,336930291.0
202004,전국,항공운송,33,86360234.0,449213598.0
202004,전국,기타관광쇼핑,44,1799990445.0,1817025764.0
202004,전국,육상운송,31,1958998114.0,2538598357.0
202004,전국,기타숙박,14,150162881.0,174543298.0
202004,전국,호텔,11,51407798.0,96994594.0
202004,전국,문화서비스,56,31398897.0,112410080.0
202004,전국,뷰티,62,204604804.0,250104992.0
202004,전국,골프장,53,262882741.0,239680084.0
202004,전국,일반외식업,71,2481676111.0,2898329564.0
202004,전국,수상운송,32,6285317.0,11187761.0
202004,전국,콘도,12,13790076.0,23116772.0
202004,전국,면세점,41,21119061.0,228983893.0
202004,전국,스키장,54,28698.0,92105.0
202005,전국,여행업,21,14156360.0,297489364.0
202005,전국,호텔,11,81465904.0,110355074.0
202005,전국,콘도,12,26465835.0,28829738.0
202005,전국,일반외식업,71,3044781817.0,3215307041.0
202005,전국,문화서비스,56,43664069.0,129261162.0
202005,전국,뷰티,62,257166909.0,269375081.0
202005,전국,기타관광쇼핑,44,2096586378.0,1993727972.0
202005,전국,골프장,53,309903666.0,279170263.0
202005,전국,대형쇼핑몰,42,2457220716.0,2613356979.0
202005,전국,기타숙박,14,175168921.0,189234788.0
202005,전국,캠핑장/펜션,13,7429614.0,9025075.0
202005,전국,제과음료업,72,499834688.0,508834237.0
202005,전국,기타레저,55,133211349.0,157055884.0
202005,전국,관광유원시설,52,27049212.0,46329645.0
202005,전국,레저용품쇼핑,43,464888567.0,377012030.0
202005,전국,렌터카,34,27533030.0,23660864.0
202005,전국,스키장,54,78525.0,184996.0
202005,전국,수상운송,32,9166406.0,11833980.0
202005,전국,육상운송,31,2032165572.0,2760748396.0
202005,전국,면세점,41,34683062.0,248416732.0
202005,전국,항공운송,33,110583394.0,523151352.0
202006,전국,기타레저,55,122612818.0,161199277.0
202006,전국,문화서비스,56,47669203.0,148601870.0
202006,전국,뷰티,62,233482031.0,264610177.0
202006,전국,골프장,53,309994446.0,276221687.0
202006,전국,레저용품쇼핑,43,350028936.0,315307353.0
202006,전국,육상운송,31,2146927016.0,2624934473.0
202006,전국,기타관광쇼핑,44,1912160122.0,1909082166.0
202006,전국,렌터카,34,31709535.0,24795401.0
202006,전국,캠핑장/펜션,13,7403251.0,9070896.0
202006,전국,기타숙박,14,200243363.0,203952534.0
202006,전국,호텔,11,87863939.0,110897405.0
202006,전국,여행업,21,16951025.0,289479241.0
202006,전국,일반외식업,71,2798139361.0,3061263016.0
202006,전국,대형쇼핑몰,42,2236542233.0,2362414729.0
202006,전국,제과음료업,72,478724407.0,486531761.0
202006,전국,관광유원시설,52,18746207.0,42146608.0
202006,전국,수상운송,32,7666467.0,10253750.0
202006,전국,면세점,41,40631668.0,237163922.0
202006,전국,콘도,12,27722279.0,35128744.0
202006,전국,스키장,54,177965.0,285160.0
202006,전국,항공운송,33,101821342.0,477722321.0
202007,전국,대형쇼핑몰,42,2139387163.0,2239635987.0
202007,전국,레저용품쇼핑,43,316481003.0,297332813.0
202007,전국,항공운송,33,149297430.0,513911874.0
202007,전국,렌터카,34,49223046.0,34518493.0
202007,전국,캠핑장/펜션,13,8125374.0,9925906.0
202007,전국,제과음료업,72,501791737.0,491311977.0
202007,전국,기타레저,55,133984453.0,165549650.0
202007,전국,관광유원시설,52,20269454.0,45867412.0
202007,전국,문화서비스,56,60118087.0,150722216.0
202007,전국,뷰티,62,234244461.0,260593689.0
202007,전국,기타관광쇼핑,44,1951436802.0,1890895139.0
202007,전국,육상운송,31,2273512759.0,2694825692.0
202007,전국,면세점,41,44166651.0,254350141.0
202007,전국,기타숙박,14,300033835.0,245523483.0
202007,전국,호텔,11,107676628.0,118754492.0
202007,전국,일반외식업,71,3021188669.0,3081872030.0
202007,전국,골프장,53,282931724.0,229403427.0
202007,전국,여행업,21,24645617.0,360702672.0
202007,전국,콘도,12,43464671.0,48363609.0
202007,전국,수상운송,32,7603774.0,9319887.0
202008,전국,면세점,41,51499704.0,218424205.0
202008,전국,기타숙박,14,250392647.0,249115434.0
202008,전국,여행업,21,22518049.0,249622634.0
202008,전국,호텔,11,131420638.0,152644615.0
202008,전국,문화서비스,56,74702744.0,159474532.0
202008,전국,뷰티,62,218763575.0,274100637.0
202008,전국,일반외식업,71,2878287430.0,3417213744.0
202008,전국,골프장,53,261534637.0,229765880.0
202008,전국,기타관광쇼핑,44,2083793635.0,2123126664.0
202008,전국,대형쇼핑몰,42,2154175152.0,2381658420.0
202008,전국,관광유원시설,52,23215859.0,60325013.0
202008,전국,레저용품쇼핑,43,262380288.0,270599805.0
202008,전국,렌터카,34,47218725.0,34566282.0
202008,전국,콘도,12,65312221.0,70752532.0
202008,전국,캠핑장/펜션,13,10087681.0,12614940.0
202008,전국,제과음료업,72,484668828.0,541159284.0
202008,전국,기타레저,55,117264656.0,193938121.0
202008,전국,육상운송,31,2227275052.0,2932312432.0
202008,전국,항공운송,33,117671488.0,394823249.0
202008,전국,스키장,54,265768.0,450579.0
202008,전국,수상운송,32,10670300.0,13326350.0
202009,전국,골프장,53,290001201.0,223221968.0
202009,전국,면세점,41,41124000.0,234926824.0
202009,전국,대형쇼핑몰,42,2315503916.0,2510257823.0
202009,전국,여행업,21,15177632.0,269114331.0
202009,전국,호텔,11,69793925.0,103014128.0
202009,전국,기타숙박,14,167222948.0,177254598.0
202009,전국,일반외식업,71,2319650090.0,2873633299.0
202009,전국,문화서비스,56,44049942.0,102539723.0
202009,전국,뷰티,62,214691230.0,249089010.0
202009,전국,콘도,12,24132403.0,29520083.0
202009,전국,기타관광쇼핑,44,2255836810.0,2052114872.0
202009,전국,스키장,54,83207.0,262911.0
202009,전국,기타레저,55,61154402.0,155393392.0
202009,전국,레저용품쇼핑,43,315944357.0,300324572.0
202009,전국,렌터카,34,33269795.0,25344211.0
202009,전국,캠핑장/펜션,13,6272233.0,7659816.0
202009,전국,제과음료업,72,419490671.0,478207687.0
202009,전국,관광유원시설,52,14459476.0,39823363.0
202009,전국,육상운송,31,2134336751.0,2544932118.0
202009,전국,수상운송,32,6948818.0,8515421.0
202009,전국,항공운송,33,82927498.0,373767212.0
202010,전국,렌터카,34,40647234.0,27706760.0
202010,전국,여행업,21,18423837.0,258429204.0
202010,전국,캠핑장/펜션,13,7788854.0,9346373.0
202010,전국,제과음료업,72,492477874.0,513840500.0
202010,전국,기타레저,55,122103781.0,163724260.0
202010,전국,관광유원시설,52,33025599.0,61953300.0
202010,전국,대형쇼핑몰,42,2571797421.0,2564208926.0
202010,전국,레저용품쇼핑,43,425308262.0,387324749.0
202010,전국,항공운송,33,115021581.0,403252260.0
202010,전국,기타관광쇼핑,44,1970674397.0,1985314416.0
202010,전국,육상운송,31,2201846072.0,2816914906.0
202010,전국,면세점,41,53448306.0,234924678.0
202010,전국,기타숙박,14,194779944.0,191227327.0
202010,전국,호텔,11,99848410.0,116004731.0
202010,전국,문화서비스,56,58146014.0,110674598.0
202010,전국,뷰티,62,213268046.0,258168640.0
202010,전국,골프장,53,337666948.0,282732594.0
202010,전국,일반외식업,71,2888971140.0,3284089182.0
202010,전국,수상운송,32,10549839.0,12177664.0
202010,전국,콘도,12,36347730.0,34491868.0
202010,전국,스키장,54,226023.0,234679.0
202011,전국,기타레저,55,108815860.0,154307677.0
202011,전국,문화서비스,56,49833137.0,121080723.0
202011,전국,뷰티,62,204000162.0,258434957.0
202011,전국,골프장,53,279606042.0,237048245.0
202011,전국,레저용품쇼핑,43,395391711.0,429395038.0
202011,전국,육상운송,31,2134150473.0,2751567676.0
202011,전국,기타관광쇼핑,44,1887144801.0,1893171006.0
202011,전국,렌터카,34,44081737.0,23516322.0
202011,전국,캠핑장/펜션,13,6561873.0,8192502.0
202011,전국,기타숙박,14,192075213.0,184255917.0
202011,전국,호텔,11,97190108.0,111939208.0
202011,전국,일반외식업,71,2614694124.0,3158646842.0
202011,전국,면세점,41,59153012.0,213249133.0
202011,전국,대형쇼핑몰,42,2480889892.0,2697735194.0
202011,전국,여행업,21,19106689.0,258682463.0
202011,전국,제과음료업,72,431421809.0,481464815.0
202011,전국,관광유원시설,52,20045688.0,34988408.0
202011,전국,수상운송,32,7926602.0,9684001.0
202011,전국,콘도,12,30178445.0,27549206.0
202011,전국,스키장,54,143247.0,423265.0
202011,전국,항공운송,33,112235210.0,344717430.0
202012,전국,면세점,41,43567815.0,228414303.0
202012,전국,항공운송,33,57069239.0,416122867.0
202012,전국,기타숙박,14,166706752.0,204061488.0
202012,전국,여행업,21,12714901.0,349159234.0
202012,전국,호텔,11,77703675.0,149027447.0
202012,전국,문화서비스,56,32925230.0,134981291.0
202012,전국,뷰티,62,188174451.0,284175235.0
202012,전국,일반외식업,71,1779766596.0,3467897152.0
202012,전국,골프장,53,138454761.0,116449953.0
202012,전국,기타관광쇼핑,44,1915595204.0,1903425372.0
202012,전국,대형쇼핑몰,42,2225560320.0,2795458895.0
202012,전국,관광유원시설,52,7628761.0,31743057.0
202012,전국,레저용품쇼핑,43,311197927.0,359049038.0
202012,전국,렌터카,34,28411824.0,27989507.0
202012,전국,육상운송,31,2018943528.0,2816409860.0
202012,전국,콘도,12,20115507.0,44354500.0
202012,전국,캠핑장/펜션,13,5219543.0,8144275.0
202012,전국,제과음료업,72,336462817.0,517053435.0
202012,전국,기타레저,55,47870958.0,177110205.0
202012,전국,수상운송,32,5405245.0,6924846.0
202012,전국,스키장,54,1478645.0,6191611.0
202101,전국,기타숙박,14,158135588.0,174651649.0
202101,전국,기타레저,55,53926894.0,170116782.0
202101,전국,일반외식업,71,1817609723.0,3028261620.0
202101,전국,문화서비스,56,34500254.0,110094030.0
202101,전국,제과음료업,72,342791462.0,478912006.0
202101,전국,렌터카,34,26284313.0,28042310.0
202101,전국,대형쇼핑몰,42,2176180933.0,2382581563.0
202101,전국,기타관광쇼핑,44,1884081592.0,2022618867.0
202101,전국,관광유원시설,52,8004980.0,25156317.0
202101,전국,레저용품쇼핑,43,236477853.0,256680800.0
202101,전국,뷰티,62,184411474.0,257129658.0
202101,전국,호텔,11,66824320.0,119335496.0
202101,전국,캠핑장/펜션,13,4714109.0,6933184.0
202101,전국,여행업,21,12844333.0,368855692.0
202101,전국,육상운송,31,2007172886.0,2670485212.0
202101,전국,골프장,53,87188662.0,83576732.0
202101,전국,수상운송,32,4472142.0,6701611.0
202101,전국,콘도,12,19683935.0,53749820.0
202101,전국,면세점,41,34778698.0,216056977.0
202101,전국,항공운송,33,72401327.0,428286970.0
202102,전국,육상운송,31,1988768936.0,2114017352.0
202102,전국,캠핑장/펜션,13,5180944.0,5458430.0
202102,전국,여행업,21,15302494.0,91220950.0
202102,전국,호텔,11,90480620.0,73055508.0
202102,전국,문화서비스,56,44914578.0,64221860.0
202102,전국,뷰티,62,190373584.0,205354146.0
202102,전국,기타레저,55,81862631.0,122398340.0
202102,전국,일반외식업,71,2047386128.0,2357836475.0
202102,전국,레저용품쇼핑,43,264085881.0,210808001.0
202102,전국,제과음료업,72,410128310.0,383697700.0
202102,전국,렌터카,34,32498533.0,20337925.0
202102,전국,대형쇼핑몰,42,2279585372.0,1728608586.0
202102,전국,골프장,53,162951993.0,109822822.0
202102,전국,기타관광쇼핑,44,1889032871.0,1611402884.0
202102,전국,관광유원시설,52,20337150.0,9959674.0
202102,전국,기타숙박,14,175214948.0,138193886.0
202102,전국,콘도,12,29079361.0,24976691.0
202102,전국,수상운송,32,5647563.0,4856124.0
202102,전국,면세점,41,46072987.0,102394553.0
202102,전국,스키장,54,2759173.0,3950089.0
202102,전국,항공운송,33,90265979.0,232053756.0
202103,전국,항공운송,33,122404674.0,122440495.0
202103,전국,면세점,41,57656828.0,33230629.0
202103,전국,캠핑장/펜션,13,5440507.0,5201147.0
202103,전국,여행업,21,20498458.0,26755829.0
202103,전국,문화서비스,56,53025056.0,31807239.0
202103,전국,제과음료업,72,472896459.0,372943429.0
202103,전국,레저용품쇼핑,43,347494293.0,256918610.0
202103,전국,기타레저,55,97587305.0,92452771.0
202103,전국,골프장,53,277527456.0,191809152.0
202103,전국,기타관광쇼핑,44,1926699850.0,1703867850.0
202103,전국,관광유원시설,52,21062487.0,10724309.0
202103,전국,렌터카,34,46130229.0,19342367.0
202103,전국,대형쇼핑몰,42,2507631001.0,1688542394.0
202103,전국,일반외식업,71,2500839197.0,2118117009.0
202103,전국,호텔,11,92042231.0,40805826.0
202103,전국,육상운송,31,2319994367.0,1953355897.0
202103,전국,뷰티,62,218045132.0,187276061.0
202103,전국,기타숙박,14,195468137.0,119509127.0
202103,전국,콘도,12,21657488.0,10080437.0
202103,전국,스키장,54,63379.0,190479.0
202103,전국,수상운송,32,6886752.0,4948326.0
202104,전국,기타숙박,14,209752529.0,150162881.0
202104,전국,기타레저,55,94612174.0,102389990.0
202104,전국,골프장,53,332081213.0,262882741.0
202104,전국,문화서비스,56,52384197.0,31398897.0
202104,전국,뷰티,62,211292125.0,204604804.0
202104,전국,기타관광쇼핑,44,1982797747.0,1799990445.0
202104,전국,관광유원시설,52,31721592.0,14811381.0
202104,전국,렌터카,34,60236112.0,22392558.0
202104,전국,대형쇼핑몰,42,2404817254.0,1991024312.0
202104,전국,일반외식업,71,2572184409.0,2481676111.0
202104,전국,육상운송,31,2358535083.0,1958998114.0
202104,전국,레저용품쇼핑,43,376910914.0,344537393.0
202104,전국,호텔,11,100632510.0,51407798.0
202104,전국,캠핑장/펜션,13,6247265.0,5770623.0
202104,전국,여행업,21,23198702.0,13794601.0
202104,전국,제과음료업,72,496625499.0,422173457.0
202104,전국,수상운송,32,8891287.0,6285317.0
202104,전국,콘도,12,30271660.0,13790076.0
202104,전국,항공운송,33,124186007.0,86360234.0
202104,전국,면세점,41,66844127.0,21119061.0
202105,전국,기타숙박,14,230456749.0,175168921.0
202105,전국,기타레저,55,112471210.0,133211349.0
202105,전국,골프장,53,351692676.0,309903666.0
202105,전국,문화서비스,56,66651425.0,43664069.0
202105,전국,뷰티,62,220193936.0,257166909.0
202105,전국,기타관광쇼핑,44,2097520039.0,2096586378.0
202105,전국,관광유원시설,52,38199781.0,27049212.0
202105,전국,렌터카,34,55242306.0,27533030.0
202105,전국,대형쇼핑몰,42,2666924814.0,2457220716.0
202105,전국,일반외식업,71,2769565877.0,3044781817.0
202105,전국,육상운송,31,2384594730.0,2032165572.0
202105,전국,레저용품쇼핑,43,381661263.0,464888567.0
202105,전국,호텔,11,128217463.0,81465904.0
202105,전국,캠핑장/펜션,13,7122137.0,7429614.0
202105,전국,여행업,21,23621509.0,14156360.0
202105,전국,제과음료업,72,524698807.0,499834688.0
202105,전국,수상운송,32,9717831.0,9166406.0
202105,전국,콘도,12,40998343.0,26465835.0
202105,전국,항공운송,33,131485240.0,110583394.0
202105,전국,면세점,41,63064833.0,34683062.0
202105,전국,스키장,54,114698.0,78525.0
202106,전국,기타숙박,14,276538085.0,200243363.0
202106,전국,기타레저,55,109838600.0,122612818.0
202106,전국,골프장,53,362313349.0,309994446.0
202106,전국,문화서비스,56,66909575.0,47669203.0
202106,전국,뷰티,62,227493661.0,233482031.0
202106,전국,기타관광쇼핑,44,1986947817.0,1912160122.0
202106,전국,관광유원시설,52,30515467.0,18746207.0
202106,전국,렌터카,34,57491879.0,31709535.0
202106,전국,대형쇼핑몰,42,2354045840.0,2236542233.0
202106,전국,일반외식업,71,2632647603.0,2798139361.0
202106,전국,육상운송,31,2417720159.0,2146927016.0
202106,전국,레저용품쇼핑,43,342441114.0,350028936.0
202106,전국,호텔,11,120561860.0,87863939.0
202106,전국,캠핑장/펜션,13,6962391.0,7403251.0
202106,전국,여행업,21,31321977.0,16951025.0
202106,전국,제과음료업,72,511370300.0,478724407.0
202106,전국,수상운송,32,9099467.0,7666467.0
202106,전국,콘도,12,43105463.0,27722279.0
202106,전국,항공운송,33,166088171.0,101821342.0
202106,전국,스키장,54,262689.0,177965.0
202106,전국,면세점,41,56014171.0,40631668.0
202107,전국,캠핑장/펜션,13,8221854.0,8125374.0
202107,전국,여행업,21,31282004.0,24645617.0
202107,전국,기타관광쇼핑,44,2088496149.0,1951436802.0
202107,전국,렌터카,34,57120150.0,49223046.0
202107,전국,대형쇼핑몰,42,2283228012.0,2139387163.0
202107,전국,기타레저,55,100084273.0,133984453.0
202107,전국,일반외식업,71,2472120191.0,3021188669.0
202107,전국,육상운송,31,2545555959.0,2273512759.0
202107,전국,기타숙박,14,326947087.0,300033835.0
202107,전국,항공운송,33,131616991.0,149297430.0
202107,전국,골프장,53,333732457.0,282931724.0
202107,전국,레저용품쇼핑,43,330902683.0,316481003.0
202107,전국,면세점,41,44074476.0,44166651.0
202107,전국,문화서비스,56,72199908.0,60118087.0
202107,전국,뷰티,62,221762876.0,234244461.0
202107,전국,호텔,11,127300977.0,107676628.0
202107,전국,관광유원시설,52,21254901.0,20269454.0
202107,전국,제과음료업,72,514175854.0,501791737.0
202107,전국,수상운송,32,8116832.0,7603774.0
202107,전국,콘도,12,58450677.0,43464671.0
202108,전국,콘도,12,67238530.0,65312221.0
202108,전국,골프장,53,314380603.0,261534637.0
202108,전국,레저용품쇼핑,43,319916592.0,262380288.0
202108,전국,기타관광쇼핑,44,2152391950.0,2083793635.0
202108,전국,관광유원시설,52,29907364.0,23215859.0
202108,전국,문화서비스,56,74358075.0,74702744.0
202108,전국,제과음료업,72,520200650.0,484668828.0
202108,전국,기타숙박,14,279413348.0,250392647.0
202108,전국,렌터카,34,48026541.0,47218725.0
202108,전국,기타레저,55,97885015.0,117264656.0
202108,전국,캠핑장/펜션,13,9128027.0,10087681.0
202108,전국,여행업,21,31297588.0,22518049.0
202108,전국,대형쇼핑몰,42,2231165517.0,2154175152.0
202108,전국,육상운송,31,2472210729.0,2227275052.0
202108,전국,일반외식업,71,2402074559.0,2878287430.0
202108,전국,호텔,11,133344731.0,131420638.0
202108,전국,항공운송,33,121916169.0,117671488.0
202108,전국,면세점,41,52206090.0,51499704.0
202108,전국,뷰티,62,209918096.0,218763575.0
202108,전국,수상운송,32,9890793.0,10670300.0
202108,전국,스키장,54,290469.0,265768.0
202109,전국,콘도,12,40842194.0,24132403.0
202109,전국,골프장,53,347937270.0,290001201.0
202109,전국,레저용품쇼핑,43,404321732.0,315944357.0
202109,전국,기타관광쇼핑,44,2383079779.0,2255836810.0
202109,전국,관광유원시설,52,33683096.0,14459476.0
202109,전국,문화서비스,56,67255827.0,44049942.0
202109,전국,제과음료업,72,542021297.0,419490671.0
202109,전국,기타숙박,14,229240964.0,167222948.0
202109,전국,렌터카,34,44834444.0,33269795.0
202109,전국,기타레저,55,98260018.0,61154402.0
202109,전국,캠핑장/펜션,13,6605060.0,6272233.0
202109,전국,여행업,21,31987774.0,15177632.0
202109,전국,대형쇼핑몰,42,2526124417.0,2315503916.0
202109,전국,육상운송,31,2468586814.0,2134336751.0
202109,전국,일반외식업,71,2455793215.0,2319650090.0
202109,전국,호텔,11,113321817.0,69793925.0
202109,전국,항공운송,33,130703564.0,82927498.0
202109,전국,면세점,41,52699409.0,41124000.0
202109,전국,뷰티,62,238568595.0,214691230.0
202109,전국,수상운송,32,9268650.0,6948818.0
202109,전국,스키장,54,153557.0,83207.0
202110,전국,기타관광쇼핑,44,2196130708.0,1970674397.0
202110,전국,대형쇼핑몰,42,2959716808.0,2571797421.0
202110,전국,기타레저,55,116170172.0,122103781.0
202110,전국,일반외식업,71,2961120735.0,2888971140.0
202110,전국,캠핑장/펜션,13,8283741.0,7788854.0
202110,전국,여행업,21,48126172.0,18423837.0
202110,전국,호텔,11,141222371.0,99848410.0
202110,전국,육상운송,31,2715622740.0,2201846072.0
202110,전국,뷰티,62,237379304.0,213268046.0
202110,전국,기타숙박,14,291089812.0,194779944.0
202110,전국,레저용품쇼핑,43,471765574.0,425308262.0
202110,전국,문화서비스,56,81701494.0,58146014.0
202110,전국,렌터카,34,55447853.0,40647234.0
202110,전국,관광유원시설,52,49606694.0,33025599.0
202110,전국,골프장,53,402259934.0,337666948.0
202110,전국,제과음료업,72,574140825.0,492477874.0
202110,전국,콘도,12,50560650.0,36347730.0
202110,전국,수상운송,32,11984008.0,10549839.0
202110,전국,면세점,41,69515144.0,53448306.0
202110,전국,항공운송,33,188495631.0,115021581.0
202110,전국,스키장,54,253053.0,226023.0
202111,전국,항공운송,33,232188845.0,112235210.0
202111,전국,면세점,41,72792308.0,59153012.0
202111,전국,육상운송,31,2795991352.0,2134150473.0
202111,전국,뷰티,62,227504850.0,204000162.0
202111,전국,기타관광쇼핑,44,2037983442.0,1887144801.0
202111,전국,기타숙박,14,275779828.0,192075213.0
202111,전국,레저용품쇼핑,43,469951601.0,395391711.0
202111,전국,문화서비스,56,81906820.0,49833137.0
202111,전국,호텔,11,136198783.0,97190108.0
202111,전국,기타레저,55,134388466.0,108815860.0
202111,전국,일반외식업,71,3031098346.0,2614694124.0
202111,전국,제과음료업,72,526732553.0,431421809.0
202111,전국,캠핑장/펜션,13,7256877.0,6561873.0
202111,전국,관광유원시설,52,32783830.0,20045688.0
202111,전국,렌터카,34,52901750.0,44081737.0
202111,전국,대형쇼핑몰,42,2732667166.0,2480889892.0
202111,전국,골프장,53,324279346.0,279606042.0
202111,전국,여행업,21,57210484.0,19106689.0
202111,전국,콘도,12,40642394.0,30178445.0
202111,전국,수상운송,32,8886876.0,7926602.0
202111,전국,스키장,54,128134.0,143247.0
202112,전국,기타숙박,14,271426530.0,166706752.0
202112,전국,기타레저,55,103125212.0,47870958.0
202112,전국,일반외식업,71,2735861434.0,1779766596.0
202112,전국,문화서비스,56,86724073.0,32925230.0
202112,전국,제과음료업,72,527650258.0,336462817.0
202112,전국,렌터카,34,46169128.0,28411824.0
202112,전국,대형쇼핑몰,42,2791670193.0,2225560320.0
202112,전국,기타관광쇼핑,44,2078589765.0,1915595204.0
202112,전국,관광유원시설,52,24736321.0,7628761.0
202112,전국,레저용품쇼핑,43,403359295.0,311197927.0
202112,전국,항공운송,33,153266418.0,57069239.0
202112,전국,뷰티,62,236870189.0,188174451.0
202112,전국,호텔,11,156685949.0,77703675.0
202112,전국,캠핑장/펜션,13,6401170.0,5219543.0
202112,전국,여행업,21,37259177.0,12714901.0
202112,전국,육상운송,31,2658062659.0,2018943528.0
202112,전국,골프장,53,190198780.0,138454761.0
202112,전국,수상운송,32,6122803.0,5405245.0
202112,전국,콘도,12,49137595.0,20115507.0
202112,전국,면세점,41,63854582.0,43567815.0
202112,전국,스키장,54,4570677.0,1478645.0
202201,전국,호텔,11,142110602.0,66824320.0
202201,전국,캠핑장/펜션,13,6160237.0,4714109.0
202201,전국,기타숙박,14,271217256.0,158135588.0
202201,전국,여행업,21,38419860.0,12844333.0
202201,전국,렌터카,34,48699941.0,26284313.0
202201,전국,레저용품쇼핑,43,345560334.0,236477853.0
202201,전국,골프장,53,134807703.0,87188662.0
202201,전국,기타레저,55,88566914.0,53926894.0
202201,전국,문화서비스,56,76219481.0,34500254.0
202201,전국,육상운송,31,2522393136.0,2007172886.0
202201,전국,수상운송,32,7947232.0,4472142.0
202201,전국,대형쇼핑몰,42,2769190321.0,2176180933.0
202201,전국,기타관광쇼핑,44,2309346966.0,1884081592.0
202201,전국,뷰티,62,222203989.0,184411474.0
202201,전국,일반외식업,71,2525320931.0,1817609723.0
202201,전국,제과음료업,72,522041270.0,342791462.0
202201,전국,관광유원시설,52,23972272.0,8004980.0
202201,전국,콘도,12,65141093.0,19683935.0
202201,전국,항공운송,33,189326051.0,72401327.0
202202,전국,호텔,11,117456837.0,90480620.0
202202,전국,캠핑장/펜션,13,5242942.0,5180944.0
202202,전국,기타숙박,14,227652319.0,175214948.0
202202,전국,여행업,21,33840273.0,15302494.0
202202,전국,렌터카,34,43078407.0,32498533.0
202202,전국,레저용품쇼핑,43,279269248.0,264085881.0
202202,전국,골프장,53,158815065.0,162951993.0
202202,전국,기타레저,55,74069294.0,81862631.0
202202,전국,문화서비스,56,60291177.0,44914578.0
202202,전국,육상운송,31,2133742475.0,1988768936.0
202202,전국,수상운송,32,6565735.0,5647563.0
202202,전국,대형쇼핑몰,42,2176987139.0,2279585372.0
202202,전국,기타관광쇼핑,44,1640365879.0,1889032871.0
202202,전국,뷰티,62,183059518.0,190373584.0
202202,전국,일반외식업,71,2010407421.0,2047386128.0
202202,전국,제과음료업,72,426405062.0,410128310.0
202202,전국,관광유원시설,52,19773577.0,20337150.0
202202,전국,콘도,12,48005605.0,29079361.0
202202,전국,항공운송,33,149857256.0,90265979.0
202202,전국,면세점,41,54504621.0,46072987.0
202203,전국,호텔,11,106695982.0,92042231.0
202203,전국,캠핑장/펜션,13,5426596.0,5440507.0
202203,전국,기타숙박,14,242836862.0,195468137.0
202203,전국,여행업,21,55277317.0,20498458.0
202203,전국,렌터카,34,49382427.0,46130229.0
202203,전국,레저용품쇼핑,43,401664955.0,347494293.0
202203,전국,기타관광쇼핑,44,1972596822.0,1926699850.0
202203,전국,골프장,53,297178880.0,277527456.0
202203,전국,기타레저,55,95579076.0,97587305.0
202203,전국,문화서비스,56,64110914.0,53025056.0
202203,전국,육상운송,31,2633570732.0,2319994367.0
202203,전국,수상운송,32,7546811.0,6886752.0
202203,전국,대형쇼핑몰,42,2526120602.0,2507631001.0
202203,전국,뷰티,62,222047055.0,218045132.0
202203,전국,일반외식업,71,2479395705.0,2500839197.0
202203,전국,제과음료업,72,492706923.0,472896459.0
202203,전국,관광유원시설,52,21665402.0,21062487.0
202203,전국,콘도,12,24153242.0,21657488.0
202203,전국,항공운송,33,272250950.0,122404674.0
202203,전국,면세점,41,59381166.0,57656828.0
202204,전국,호텔,11,138309636.0,100632510.0
202204,전국,캠핑장/펜션,13,7191545.0,6247265.0
202204,전국,기타숙박,14,288489757.0,209752529.0
202204,전국,여행업,21,84485883.0,23198702.0
202204,전국,육상운송,31,2934771788.0,2358535083.0
202204,전국,레저용품쇼핑,43,446186956.0,376910914.0
202204,전국,기타관광쇼핑,44,2121486577.0,1982797747.0
202204,전국,기타레저,55,130731294.0,94612174.0
202204,전국,문화서비스,56,83555374.0,52384197.0
202204,전국,대형쇼핑몰,42,2729251605.0,2404817254.0
202204,전국,골프장,53,387463508.0,332081213.0
202204,전국,뷰티,62,238926103.0,211292125.0
202204,전국,일반외식업,71,3199559425.0,2572184409.0
202204,전국,제과음료업,72,597725633.0,496625499.0
202204,전국,렌터카,34,61687158.0,60236112.0
202204,전국,관광유원시설,52,56831476.0,31721592.0
202204,전국,콘도,12,38362948.0,30271660.0
202204,전국,수상운송,32,11213024.0,8891287.0
202204,전국,스키장,54,122407.0,35211.0
202204,전국,항공운송,33,372193086.0,124186007.0
202204,전국,면세점,41,77877776.0,66844127.0
202205,전국,호텔,11,163993423.0,128217463.0
202205,전국,캠핑장/펜션,13,8320635.0,7122137.0
202205,전국,기타숙박,14,315224438.0,230456749.0
202205,전국,여행업,21,130366148.0,23621509.0
202205,전국,렌터카,34,67001555.0,55242306.0
202205,전국,대형쇼핑몰,42,2919207732.0,2666924814.0
202205,전국,레저용품쇼핑,43,503059111.0,381661263.0
202205,전국,기타관광쇼핑,44,2305335964.0,2097520039.0
202205,전국,관광유원시설,52,69748481.0,38199781.0
202205,전국,골프장,53,443119902.0,351692676.0
202205,전국,기타레저,55,162669579.0,112471210.0
202205,전국,문화서비스,56,157080163.0,66651425.0
202205,전국,뷰티,62,256445933.0,220193936.0
202205,전국,육상운송,31,3202444134.0,2384594730.0
202205,전국,수상운송,32,12178150.0,9717831.0
202205,전국,일반외식업,71,3756620892.0,2769565877.0
202205,전국,제과음료업,72,665170769.0,524698807.0
202205,전국,콘도,12,53306133.0,40998343.0
202205,전국,면세점,41,86206557.0,63064833.0
202205,전국,항공운송,33,431066510.0,131485240.0
202205,전국,스키장,54,487260.0,114698.0
202206,전국,캠핑장/펜션,13,8289989.0,6962391.0
202206,전국,기타숙박,14,349734188.0,276538085.0
202206,전국,여행업,21,150518765.0,31321977.0
202206,전국,대형쇼핑몰,42,2579236585.0,2354045840.0
202206,전국,레저용품쇼핑,43,397479371.0,342441114.0
202206,전국,관광유원시설,52,48990114.0,30515467.0
202206,전국,골프장,53,397978084.0,362313349.0
202206,전국,기타레저,55,157668571.0,109838600.0
202206,전국,문화서비스,56,161693203.0,66909575.0
202206,전국,육상운송,31,3055005506.0,2417720159.0
202206,전국,기타관광쇼핑,44,2130003470.0,1986947817.0
202206,전국,뷰티,62,254818243.0,227493661.0
202206,전국,일반외식업,71,3413176744.0,2632647603.0
202206,전국,제과음료업,72,611624080.0,511370300.0
202206,전국,호텔,11,152212846.0,120561860.0
202206,전국,항공운송,33,414702445.0,166088171.0
202206,전국,렌터카,34,61232084.0,57491879.0
202206,전국,콘도,12,56370786.0,43105463.0
202206,전국,수상운송,32,10337782.0,9099467.0
202206,전국,면세점,41,88113541.0,56014171.0
202207,전국,호텔,11,183102685.0,127300977.0
202207,전국,캠핑장/펜션,13,9906728.0,8221854.0
202207,전국,기타숙박,14,414645647.0,326947087.0
202207,전국,육상운송,31,3321014916.0,2545555959.0
202207,전국,레저용품쇼핑,43,366986548.0,330902683.0
202207,전국,기타관광쇼핑,44,2242595484.0,2088496149.0
202207,전국,기타레저,55,167865286.0,100084273.0
202207,전국,문화서비스,56,165508161.0,72199908.0
202207,전국,여행업,21,156398072.0,31282004.0
202207,전국,렌터카,34,63085847.0,57120150.0
202207,전국,대형쇼핑몰,42,2691463434.0,2283228012.0
202207,전국,관광유원시설,52,59651071.0,21254901.0
202207,전국,골프장,53,377162328.0,333732457.0
202207,전국,뷰티,62,257336691.0,221762876.0
202207,전국,일반외식업,71,3638933002.0,2472120191.0
202207,전국,제과음료업,72,662455874.0,514175854.0
202207,전국,수상운송,32,9943125.0,8116832.0
202207,전국,콘도,12,86797814.0,58450677.0
202207,전국,면세점,41,91219581.0,44074476.0
202207,전국,항공운송,33,357040007.0,131616991.0
202207,전국,스키장,54,1030042.0,307572.0
202208,전국,캠핑장/펜션,13,11088025.0,9128027.0
202208,전국,기타숙박,14,364774378.0,279413348.0
202208,전국,여행업,21,140420472.0,31297588.0
202208,전국,대형쇼핑몰,42,2546741765.0,2231165517.0
202208,전국,레저용품쇼핑,43,353074177.0,319916592.0
202208,전국,관광유원시설,52,67406504.0,29907364.0
202208,전국,골프장,53,334618427.0,314380603.0
202208,전국,기타레저,55,166030361.0,97885015.0
202208,전국,문화서비스,56,149194051.0,74358075.0
202208,전국,육상운송,31,3057202621.0,2472210729.0
202208,전국,기타관광쇼핑,44,2333391722.0,2152391950.0
202208,전국,뷰티,62,245794213.0,209918096.0
202208,전국,일반외식업,71,3570648791.0,2402074559.0
202208,전국,제과음료업,72,653305048.0,520200650.0
202208,전국,호텔,11,191058562.0,133344731.0
202208,전국,렌터카,34,60753123.0,48026541.0
202208,전국,수상운송,32,12456417.0,9890793.0
202208,전국,면세점,41,99619036.0,52206090.0
202208,전국,콘도,12,100423222.0,67238530.0
202208,전국,항공운송,33,360731749.0,121916169.0
202209,전국,호텔,11,140993708.0,113321817.0
202209,전국,기타숙박,14,295929625.0,229240964.0
202209,전국,면세점,41,79224876.0,52699409.0
202209,전국,대형쇼핑몰,42,2674029459.0,2526124417.0
202209,전국,레저용품쇼핑,43,375547653.0,404321732.0
202209,전국,기타관광쇼핑,44,2384035778.0,2383079779.0
202209,전국,문화서비스,56,116774378.0,67255827.0
202209,전국,캠핑장/펜션,13,7384414.0,6605060.0
202209,전국,여행업,21,162559643.0,31987774.0
202209,전국,육상운송,31,2875253208.0,2468586814.0
202209,전국,수상운송,32,9473086.0,9268650.0
202209,전국,골프장,53,383198074.0,347937270.0
202209,전국,기타레저,55,153276788.0,98260018.0
202209,전국,뷰티,62,259027353.0,238568595.0
202209,전국,일반외식업,71,3309509493.0,2455793215.0
202209,전국,제과음료업,72,633173836.0,542021297.0
202209,전국,렌터카,34,53088991.0,44834444.0
202209,전국,관광유원시설,52,62977388.0,33683096.0
202209,전국,콘도,12,45970093.0,40842194.0
202209,전국,항공운송,33,397942628.0,130703564.0
202209,전국,스키장,54,410375.0,153557.0
202210,전국,호텔,11,172971635.0,141222371.0
202210,전국,캠핑장/펜션,13,9427916.0,8283741.0
202210,전국,기타숙박,14,342243820.0,291089812.0
202210,전국,여행업,21,186900784.0,48126172.0
202210,전국,렌터카,34,52093026.0,55447853.0
202210,전국,레저용품쇼핑,43,467295293.0,471765574.0
202210,전국,기타관광쇼핑,44,2385393475.0,2196130708.0
202210,전국,골프장,53,446480605.0,402259934.0
202210,전국,기타레저,55,171291038.0,116170172.0
202210,전국,문화서비스,56,115736196.0,81701494.0
202210,전국,육상운송,31,3125780819.0,2715622740.0
202210,전국,수상운송,32,14102974.0,11984008.0
202210,전국,대형쇼핑몰,42,3105687729.0,2959716808.0
202210,전국,뷰티,62,264837701.0,237379304.0
202210,전국,일반외식업,71,3936684429.0,2961120735.0
202210,전국,제과음료업,72,690724756.0,574140825.0
202210,전국,관광유원시설,52,82010469.0,49606694.0
202210,전국,콘도,12,52343080.0,50560650.0
202210,전국,항공운송,33,444269447.0,188495631.0
202210,전국,스키장,54,478990.0,253053.0
202210,전국,면세점,41,90376011.0,69515144.0
202211,전국,호텔,11,142023858.0,136198783.0
202211,전국,캠핑장/펜션,13,7526856.0,7256877.0
202211,전국,기타숙박,14,313451672.0,275779828.0
202211,전국,여행업,21,178227559.0,57210484.0
202211,전국,육상운송,31,3017832791.0,2795991352.0
202211,전국,항공운송,33,462506402.0,232188845.0
202211,전국,렌터카,34,50241669.0,52901750.0
202211,전국,대형쇼핑몰,42,2718495487.0,2732667166.0
202211,전국,레저용품쇼핑,43,422955585.0,469951601.0
202211,전국,기타관광쇼핑,44,2164150360.0,2037983442.0
202211,전국,관광유원시설,52,40248787.0,32783830.0
202211,전국,골프장,53,365857729.0,324279346.0
202211,전국,기타레저,55,143260147.0,134388466.0
202211,전국,문화서비스,56,101737006.0,81906820.0
202211,전국,뷰티,62,248122738.0,227504850.0
202211,전국,일반외식업,71,3428571909.0,3031098346.0
202211,전국,제과음료업,72,602230087.0,526732553.0
202211,전국,콘도,12,39487888.0,40642394.0
202211,전국,수상운송,32,9736449.0,8886876.0
202211,전국,스키장,54,493247.0,128134.0
202211,전국,면세점,41,100564144.0,72792308.0
202212,전국,호텔,11,177883820.0,156685949.0
202212,전국,캠핑장/펜션,13,6757068.0,6401170.0
202212,전국,기타숙박,14,324332420.0,271426530.0
202212,전국,여행업,21,243259640.0,37259177.0
202212,전국,항공운송,33,485022057.0,153266418.0
202212,전국,렌터카,34,51166387.0,46169128.0
202212,전국,대형쇼핑몰,42,3081517958.0,2791670193.0
202212,전국,레저용품쇼핑,43,401748560.0,403359295.0
202212,전국,기타관광쇼핑,44,2190796734.0,2078589765.0
202212,전국,관광유원시설,52,32870152.0,24736321.0
202212,전국,골프장,53,138546013.0,190198780.0
202212,전국,기타레저,55,151970772.0,103125212.0
202212,전국,문화서비스,56,157618537.0,86724073.0
202212,전국,육상운송,31,3029131420.0,2658062659.0
202212,전국,뷰티,62,282110297.0,236870189.0
202212,전국,일반외식업,71,3679688625.0,2735861434.0
202212,전국,제과음료업,72,623812465.0,527650258.0
202212,전국,콘도,12,55296785.0,49137595.0
202212,전국,수상운송,32,6867468.0,6122803.0
202212,전국,스키장,54,5089207.0,4570677.0
202212,전국,면세점,41,114255551.0,63854582.0
202301,전국,면세점,41,131033450.0,64816376.0
202301,전국,육상운송,31,2681186373.0,2522393136.0
202301,전국,레저용품쇼핑,43,292839796.0,345560334.0
202301,전국,기타레저,55,151028847.0,88566914.0
202301,전국,기타숙박,14,293043862.0,271217256.0
202301,전국,관광유원시설,52,31827276.0,23972272.0
202301,전국,골프장,53,95867472.0,134807703.0
202301,전국,호텔,11,156306432.0,142110602.0
202301,전국,캠핑장/펜션,13,6201836.0,6160237.0
202301,전국,기타관광쇼핑,44,2281629673.0,2309346966.0
202301,전국,문화서비스,56,132124061.0,76219481.0
202301,전국,렌터카,34,50678020.0,48699941.0
202301,전국,콘도,12,67213532.0,65141093.0
202301,전국,일반외식업,71,3320788152.0,2525320931.0
202301,전국,뷰티,62,253898303.0,222203989.0
202301,전국,제과음료업,72,600375024.0,522041270.0
202301,전국,여행업,21,272862016.0,38419860.0
202301,전국,대형쇼핑몰,42,2641480375.0,2769190321.0
202301,전국,수상운송,32,7111627.0,7947232.0
202301,전국,항공운송,33,537979409.0,189326051.0
202301,전국,스키장,54,8528533.0,10622501.0
202302,전국,콘도,12,53740659.0,48005605.0
202302,전국,기타숙박,14,269909491.0,227652319.0
202302,전국,면세점,41,123171078.0,54504621.0
202302,전국,골프장,53,168960125.0,158815065.0
202302,전국,일반외식업,71,3278554979.0,2010407421.0
202302,전국,대형쇼핑몰,42,2369957130.0,2176987139.0
202302,전국,기타관광쇼핑,44,1894387450.0,1640365879.0
202302,전국,문화서비스,56,105787139.0,60291177.0
202302,전국,렌터카,34,47824869.0,43078407.0
202302,전국,캠핑장/펜션,13,6382666.0,5242942.0
202302,전국,호텔,11,141286731.0,117456837.0
202302,전국,육상운송,31,2451686797.0,2133742475.0
202302,전국,레저용품쇼핑,43,306271800.0,279269248.0
202302,전국,기타레저,55,142405196.0,74069294.0
202302,전국,여행업,21,293561622.0,33840273.0
202302,전국,관광유원시설,52,40929998.0,19773577.0
202302,전국,제과음료업,72,583538875.0,426405062.0
202302,전국,수상운송,32,7331488.0,6565735.0
202302,전국,뷰티,62,248839441.0,183059518.0
202302,전국,항공운송,33,601222166.0,149857256.0
202302,전국,스키장,54,6011729.0,6977552.0
202303,전국,호텔,11,119830587.0,106695982.0
202303,전국,캠핑장/펜션,13,6474112.0,5426596.0
202303,전국,뷰티,62,293508421.0,222047055.0
202303,전국,육상운송,31,2666636975.0,2633570732.0
202303,전국,레저용품쇼핑,43,385214633.0,401664955.0
202303,전국,기타레저,55,151612194.0,95579076.0
202303,전국,기타숙박,14,290421480.0,242836862.0
202303,전국,여행업,21,309398243.0,55277317.0
202303,전국,면세점,41,124010760.0,59381166.0
202303,전국,골프장,53,330076459.0,297178880.0
202303,전국,항공운송,33,553421740.0,272250950.0
202303,전국,제과음료업,72,660039331.0,492706923.0
202303,전국,렌터카,34,53498630.0,49382427.0
202303,전국,대형쇼핑몰,42,2678785839.0,2526120602.0
202303,전국,기타관광쇼핑,44,2197366931.0,1972596822.0
202303,전국,문화서비스,56,109772479.0,64110914.0
202303,전국,관광유원시설,52,34637606.0,21665402.0
202303,전국,수상운송,32,9228286.0,7546811.0
202303,전국,일반외식업,71,3580728595.0,2479395705.0
202303,전국,콘도,12,27846520.0,24153242.0
202303,전국,스키장,54,283456.0,177018.0
202304,전국,대형쇼핑몰,42,2652507169.0,2729251605.0
202304,전국,수상운송,32,11277033.0,11213024.0
202304,전국,기타관광쇼핑,44,2195688213.0,2121486577.0
202304,전국,문화서비스,56,123259008.0,83555374.0
202304,전국,일반외식업,71,3613078273.0,3199559425.0
202304,전국,골프장,53,381497090.0,387463508.0
202304,전국,기타숙박,14,324683827.0,288489757.0
202304,전국,뷰티,62,263495512.0,238926103.0
202304,전국,여행업,21,307052434.0,84485883.0
202304,전국,호텔,11,137314033.0,138309636.0
202304,전국,캠핑장/펜션,13,7547053.0,7191545.0
202304,전국,관광유원시설,52,52126153.0,56831476.0
202304,전국,제과음료업,72,666744404.0,597725633.0
202304,전국,렌터카,34,53374306.0,61687158.0
202304,전국,콘도,12,37958602.0,38362948.0
202304,전국,육상운송,31,2609148487.0,2934771788.0
202304,전국,레저용품쇼핑,43,398408842.0,446186956.0
202304,전국,기타레저,55,151991962.0,130731294.0
202304,전국,면세점,41,136630321.0,77877776.0
202304,전국,항공운송,33,529750922.0,372193086.0
202304,전국,스키장,54,270479.0,122407.0
202305,전국,캠핑장/펜션,13,8161146.0,8320635.0
202305,전국,대형쇼핑몰,42,2763870975.0,2919207732.0
202305,전국,제과음료업,72,702189558.0,665170769.0
202305,전국,레저용품쇼핑,43,433841554.0,503059111.0
202305,전국,기타레저,55,158427754.0,162669579.0
202305,전국,여행업,21,333871227.0,130366148.0
202305,전국,항공운송,33,531873131.0,431066510.0
202305,전국,육상운송,31,2673675269.0,3202444134.0
202305,전국,호텔,11,151509244.0,163993423.0
202305,전국,면세점,41,154555274.0,86206557.0
202305,전국,골프장,53,407839960.0,443119902.0
202305,전국,기타숙박,14,320689860.0,315224438.0
202305,전국,관광유원시설,52,58378274.0,69748481.0
202305,전국,뷰티,62,278730150.0,256445933.0
202305,전국,일반외식업,71,3772162933.0,3756620892.0
202305,전국,기타관광쇼핑,44,2343741042.0,2305335964.0
202305,전국,문화서비스,56,151465135.0,157080163.0
202305,전국,렌터카,34,54252796.0,67001555.0
202305,전국,콘도,12,45963252.0,53306133.0
202305,전국,수상운송,32,10832759.0,12178150.0
202306,전국,면세점,41,146213462.0,88113541.0
202306,전국,골프장,53,407219212.0,397978084.0
202306,전국,대형쇼핑몰,42,2464205140.0,2579236585.0
202306,전국,기타관광쇼핑,44,2257505336.0,2130003470.0
202306,전국,문화서비스,56,178969128.0,161693203.0
202306,전국,뷰티,62,292360755.0,254818243.0
202306,전국,일반외식업,71,3555531121.0,3413176744.0
202306,전국,여행업,21,327899622.0,150518765.0
202306,전국,항공운송,33,510753371.0,414702445.0
202306,전국,호텔,11,138119377.0,152212846.0
202306,전국,제과음료업,72,671476268.0,611624080.0
202306,전국,캠핑장/펜션,13,8108082.0,8289989.0
202306,전국,레저용품쇼핑,43,349627346.0,397479371.0
202306,전국,기타레저,55,159558408.0,157668571.0
202306,전국,관광유원시설,52,52657742.0,48990114.0
202306,전국,기타숙박,14,327789773.0,349734188.0
202306,전국,렌터카,34,54624227.0,61232084.0
202306,전국,스키장,54,643043.0,651504.0
202306,전국,콘도,12,50570710.0,56370786.0
202306,전국,육상운송,31,2510545867.0,3055005506.0
202306,전국,수상운송,32,10542855.0,10337782.0
202307,전국,기타관광쇼핑,44,2293749982.0,2242595484.0
202307,전국,문화서비스,56,170477879.0,165508161.0
202307,전국,육상운송,31,2625681762.0,3321014916.0
202307,전국,레저용품쇼핑,43,335913432.0,366986548.0
202307,전국,기타레저,55,167973924.0,167865286.0
202307,전국,렌터카,34,62872255.0,63085847.0
202307,전국,기타숙박,14,392242960.0,414645647.0
202307,전국,관광유원시설,52,59746837.0,59651071.0
202307,전국,호텔,11,162427811.0,183102685.0
202307,전국,캠핑장/펜션,13,9141889.0,9906728.0
202307,전국,수상운송,32,7753567.0,9943125.0
202307,전국,일반외식업,71,3695578894.0,3638933002.0
202307,전국,대형쇼핑몰,42,2620900096.0,2691463434.0
202307,전국,뷰티,62,286532961.0,257336691.0
202307,전국,골프장,53,325410958.0,377162328.0
202307,전국,제과음료업,72,695394140.0,662455874.0
202307,전국,여행업,21,413386492.0,156398072.0
202307,전국,항공운송,33,545951539.0,357040007.0
202307,전국,면세점,41,143198770.0,91219581.0
202307,전국,콘도,12,74576822.0,86797814.0
202307,전국,스키장,54,1011819.0,1030042.0
202308,전국,관광유원시설,52,72392996.0,67406504.0
202308,전국,기타숙박,14,355032822.0,364774378.0
202308,전국,면세점,41,147198257.0,99619036.0
202308,전국,육상운송,31,2850604799.0,3057202621.0
202308,전국,레저용품쇼핑,43,299183208.0,353074177.0
202308,전국,기타레저,55,171757432.0,166030361.0
202308,전국,골프장,53,315058418.0,334618427.0
202308,전국,기타관광쇼핑,44,2410282408.0,2333391722.0
202308,전국,문화서비스,56,160920643.0,149194051.0
202308,전국,렌터카,34,61776486.0,60753123.0
202308,전국,일반외식업,71,3743683974.0,3570648791.0
202308,전국,수상운송,32,9172383.0,12456417.0
202308,전국,제과음료업,72,714434473.0,653305048.0
202308,전국,캠핑장/펜션,13,10630145.0,11088025.0
202308,전국,여행업,21,345860946.0,140420472.0
202308,전국,호텔,11,181899750.0,191058562.0
202308,전국,콘도,12,94128254.0,100423222.0
202308,전국,대형쇼핑몰,42,2409801034.0,2546741765.0
202308,전국,뷰티,62,276466916.0,245794213.0
202308,전국,항공운송,33,531414796.0,360731749.0
202308,전국,스키장,54,1338120.0,1201512.0
202309,전국,여행업,21,367918610.0,162559643.0
202309,전국,항공운송,33,460499693.0,397942628.0
202309,전국,호텔,11,145529667.0,140993708.0
202309,전국,뷰티,62,285552109.0,259027353.0
202309,전국,대형쇼핑몰,42,2676459685.0,2674029459.0
202309,전국,기타관광쇼핑,44,2676136143.0,2384035778.0
202309,전국,문화서비스,56,118139943.0,116774378.0
202309,전국,면세점,41,156038499.0,79224876.0
202309,전국,골프장,53,375625650.0,383198074.0
202309,전국,기타숙박,14,307329141.0,295929625.0
202309,전국,레저용품쇼핑,43,338621685.0,375547653.0
202309,전국,기타레저,55,164547806.0,153276788.0
202309,전국,제과음료업,72,697149931.0,633173836.0
202309,전국,육상운송,31,2963390512.0,2875253208.0
202309,전국,캠핑장/펜션,13,7481205.0,7384414.0
202309,전국,관광유원시설,52,61878395.0,62977388.0
202309,전국,수상운송,32,9303375.0,9473086.0
202309,전국,일반외식업,71,3587694286.0,3309509493.0
202309,전국,렌터카,34,57653768.0,53088991.0
202309,전국,콘도,12,43596929.0,45970093.0
202309,전국,스키장,54,449729.0,410375.0
202310,전국,렌터카,34,52949509.0,52093026.0
202310,전국,제과음료업,72,684469010.0,690724756.0
202310,전국,레저용품쇼핑,43,465466829.0,467295293.0
202310,전국,기타레저,55,161107054.0,171291038.0
202310,전국,여행업,21,347752943.0,186900784.0
202310,전국,관광유원시설,52,71315236.0,82010469.0
202310,전국,대형쇼핑몰,42,2841936417.0,3105687729.0
202310,전국,기타관광쇼핑,44,2305222788.0,2385393475.0
202310,전국,문화서비스,56,119703603.0,115736196.0
202310,전국,기타숙박,14,301557354.0,342243820.0
202310,전국,골프장,53,436355317.0,446480605.0
202310,전국,육상운송,31,2923096793.0,3125780819.0
202310,전국,면세점,41,139177937.0,90376011.0
202310,전국,일반외식업,71,3671966684.0,3936684429.0
202310,전국,호텔,11,149851311.0,172971635.0
202310,전국,뷰티,62,272759699.0,264837701.0
202310,전국,캠핑장/펜션,13,8209165.0,9427916.0
202310,전국,콘도,12,47019140.0,52343080.0
202310,전국,수상운송,32,11794685.0,14102974.0
202310,전국,항공운송,33,484204127.0,444269447.0
202310,전국,스키장,54,496222.0,478990.0
202311,전국,호텔,11,128311015.0,142023858.0
202311,전국,캠핑장/펜션,13,6520543.0,7526856.0
202311,전국,뷰티,62,262060127.0,248122738.0
202311,전국,육상운송,31,2780550289.0,3017832791.0
202311,전국,레저용품쇼핑,43,431506549.0,422955585.0
202311,전국,기타레저,55,138254818.0,143260147.0
202311,전국,기타숙박,14,285130635.0,313451672.0
202311,전국,여행업,21,359441428.0,178227559.0
202311,전국,골프장,53,322123995.0,365857729.0
202311,전국,면세점,41,139991417.0,100564144.0
202311,전국,항공운송,33,500126577.0,462506402.0
202311,전국,제과음료업,72,596938922.0,602230087.0
202311,전국,렌터카,34,47787398.0,50241669.0
202311,전국,대형쇼핑몰,42,2780764852.0,2718495487.0
202311,전국,기타관광쇼핑,44,2136804137.0,2164150360.0
202311,전국,문화서비스,56,110162112.0,101737006.0
202311,전국,관광유원시설,52,36830346.0,40248787.0
202311,전국,수상운송,32,6910455.0,9736449.0
202311,전국,일반외식업,71,3304692316.0,3428571909.0
202311,전국,콘도,12,33983953.0,39487888.0
202311,전국,스키장,54,167939.0,493247.0
202312,전국,콘도,12,53445875.0,55296785.0
202312,전국,기타숙박,14,317233220.0,324332420.0
202312,전국,면세점,41,158619721.0,114255551.0
202312,전국,골프장,53,144714553.0,138546013.0
202312,전국,일반외식업,71,3824650700.0,3679688625.0
202312,전국,대형쇼핑몰,42,3079140893.0,3081517958.0
202312,전국,기타관광쇼핑,44,2267325295.0,2190796734.0
202312,전국,문화서비스,56,163149871.0,157618537.0
202312,전국,렌터카,34,54362865.0,51166387.0
202312,전국,캠핑장/펜션,13,6489909.0,6757068.0
202312,전국,관광유원시설,52,38903346.0,32870152.0
202312,전국,호텔,11,184844643.0,177883820.0
202312,전국,육상운송,31,2731580932.0,3029131420.0
202312,전국,레저용품쇼핑,43,356199593.0,401748560.0
202312,전국,기타레저,55,158791144.0,151970772.0
202312,전국,여행업,21,378576058.0,243259640.0
202312,전국,제과음료업,72,665997058.0,623812465.0
202312,전국,수상운송,32,6175912.0,6867468.0
202312,전국,뷰티,62,300541495.0,282110297.0
202312,전국,항공운송,33,543910169.0,485022057.0
202312,전국,스키장,54,5547520.0,5089207.0
202401,전국,호텔,11,147930788.0,156306432.0
202401,전국,콘도,12,58700471.0,67213532.0
202401,전국,여행업,21,435338820.0,272862016.0
202401,전국,기타관광쇼핑,44,2117985990.0,2281629673.0
202401,전국,대형쇼핑몰,42,2530776455.0,2641480375.0
202401,전국,문화서비스,56,116872064.0,132124061.0
202401,전국,골프장,53,97587410.0,95867472.0
202401,전국,레저용품쇼핑,43,265445180.0,292839796.0
202401,전국,기타숙박,14,277433378.0,293043862.0
202401,전국,관광유원시설,52,40567963.0,31827276.0
202401,전국,뷰티,62,266066466.0,253898303.0
202401,전국,면세점,41,152341246.0,131033450.0
202401,전국,기타레저,55,141124111.0,151028847.0
202401,전국,육상운송,31,2587531288.0,2681186373.0
202401,전국,항공운송,33,734230158.0,537979409.0
202401,전국,일반외식업,71,3344937510.0,3320788152.0
202401,전국,수상운송,32,6165520.0,7111627.0
202401,전국,렌터카,34,50294214.0,50678020.0
202401,전국,제과음료업,72,600944217.0,600375024.0
202401,전국,캠핑장/펜션,13,5447597.0,6201836.0
202401,전국,스키장,54,7561436.0,8528533.0
202402,전국,호텔,11,153274719.0,141286731.0
202402,전국,콘도,12,49833328.0,53740659.0
202402,전국,여행업,21,347994173.0,293561622.0
202402,전국,기타관광쇼핑,44,2218162122.0,1894387450.0
202402,전국,대형쇼핑몰,42,2519453037.0,2369957130.0
202402,전국,문화서비스,56,142407310.0,105787139.0
202402,전국,골프장,53,146990557.0,168960125.0
202402,전국,레저용품쇼핑,43,294069119.0,306271800.0
202402,전국,기타숙박,14,269844829.0,269909491.0
202402,전국,관광유원시설,52,56101417.0,40929998.0
202402,전국,뷰티,62,266722608.0,248839441.0
202402,전국,면세점,41,152481101.0,123171078.0
202402,전국,기타레저,55,145004421.0,142405196.0
202402,전국,육상운송,31,2442513579.0,2451686797.0
202402,전국,항공운송,33,552126316.0,601222166.0
202402,전국,일반외식업,71,3235893493.0,3278554979.0
202402,전국,수상운송,32,6088025.0,7331488.0
202402,전국,캠핑장/펜션,13,5589732.0,6382666.0
202402,전국,렌터카,34,48014093.0,47824869.0
202402,전국,제과음료업,72,610610449.0,583538875.0
202402,전국,스키장,54,5460530.0,6011729.0
202403,전국,호텔,11,129917386.0,119830587.0
202403,전국,콘도,12,29758418.0,27846520.0
202403,전국,여행업,21,328562290.0,309398243.0
202403,전국,기타관광쇼핑,44,2262789464.0,2197366931.0
202403,전국,대형쇼핑몰,42,2877512715.0,2678785839.0
202403,전국,문화서비스,56,152187719.0,109772479.0
202403,전국,골프장,53,305443643.0,330076459.0
202403,전국,레저용품쇼핑,43,366809732.0,385214633.0
202403,전국,기타숙박,14,285395913.0,290421480.0
202403,전국,관광유원시설,52,39444310.0,34637606.0
202403,전국,뷰티,62,312276021.0,293508421.0
202403,전국,면세점,41,162493465.0,124010760.0
202403,전국,기타레저,55,159510479.0,151612194.0
202403,전국,육상운송,31,2723119266.0,2666636975.0
202403,전국,항공운송,33,673100674.0,553421740.0
202403,전국,일반외식업,71,3701413131.0,3580728595.0
202403,전국,수상운송,32,8447294.0,9228286.0
202403,전국,캠핑장/펜션,13,8263258.0,6474112.0
202403,전국,렌터카,34,52295423.0,53498630.0
202403,전국,제과음료업,72,677804582.0,660039331.0
202403,전국,스키장,54,455468.0,283456.0
202404,전국,호텔,11,125468672.0,137314033.0
202404,전국,콘도,12,35178202.0,37958602.0
202404,전국,여행업,21,323945615.0,307052434.0
202404,전국,기타관광쇼핑,44,2223870119.0,2195688213.0
202404,전국,대형쇼핑몰,42,2613267410.0,2652507169.0
202404,전국,문화서비스,56,150467744.0,123259008.0
202404,전국,골프장,53,371384014.0,381497090.0
202404,전국,레저용품쇼핑,43,407929983.0,398408842.0
202404,전국,기타숙박,14,284540975.0,324683827.0
202404,전국,관광유원시설,52,52278637.0,52126153.0
202404,전국,뷰티,62,271681222.0,263495512.0
202404,전국,면세점,41,159487692.0,136630321.0
202404,전국,기타레저,55,145338109.0,151991962.0
202404,전국,육상운송,31,2698901141.0,2609148487.0
202404,전국,일반외식업,71,3553880109.0,3613078273.0
202404,전국,수상운송,32,11171778.0,11277033.0
202404,전국,캠핑장/펜션,13,8519350.0,7547053.0
202404,전국,렌터카,34,54916966.0,53374306.0
202404,전국,제과음료업,72,668722330.0,666744404.0
202404,전국,스키장,54,128818.0,270479.0
202404,전국,항공운송,33,618207511.0,529750922.0
202405,전국,면세점,41,172547229.0,154555274.0
202405,전국,기타레저,55,159869332.0,158427754.0
202405,전국,육상운송,31,2845976976.0,2673675269.0
202405,전국,기타관광쇼핑,44,2417719007.0,2343741042.0
202405,전국,캠핑장/펜션,13,9678229.0,8161146.0
202405,전국,골프장,53,426542702.0,407839960.0
202405,전국,기타숙박,14,309360483.0,320689860.0
202405,전국,렌터카,34,57645265.0,54252796.0
202405,전국,뷰티,62,293242456.0,278730150.0
202405,전국,레저용품쇼핑,43,416385743.0,433841554.0
202405,전국,항공운송,33,694281512.0,531873131.0
202405,전국,일반외식업,71,3868234484.0,3772162933.0
202405,전국,대형쇼핑몰,42,2735498913.0,2763870975.0
202405,전국,문화서비스,56,156161215.0,151465135.0
202405,전국,관광유원시설,52,54335447.0,58378274.0
202405,전국,여행업,21,333309864.0,333871227.0
202405,전국,호텔,11,154808080.0,151509244.0
202405,전국,제과음료업,72,713532422.0,702189558.0
202405,전국,콘도,12,43647411.0,45963252.0
202405,전국,수상운송,32,10360061.0,10832759.0
202406,전국,레저용품쇼핑,43,356473452.0,349627346.0
202406,전국,항공운송,33,650431626.0,510753371.0
202406,전국,일반외식업,71,3657285185.0,3555531121.0
202406,전국,대형쇼핑몰,42,2643730865.0,2464205140.0
202406,전국,문화서비스,56,166689158.0,178969128.0
202406,전국,캠핑장/펜션,13,9856666.0,8108082.0
202406,전국,기타레저,55,160777162.0,159558408.0
202406,전국,기타숙박,14,329837018.0,327789773.0
202406,전국,여행업,21,335257630.0,327899622.0
202406,전국,호텔,11,141673848.0,138119377.0
202406,전국,기타관광쇼핑,44,2283297811.0,2257505336.0
202406,전국,렌터카,34,61331094.0,54624227.0
202406,전국,육상운송,31,2666925763.0,2510545867.0
202406,전국,골프장,53,414394554.0,407219212.0
202406,전국,뷰티,62,297960756.0,292360755.0
202406,전국,수상운송,32,9054766.0,10542855.0
202406,전국,면세점,41,163176328.0,146213462.0
202406,전국,관광유원시설,52,47709651.0,52657742.0
202406,전국,콘도,12,50459426.0,50570710.0
202406,전국,제과음료업,72,692451451.0,671476268.0
202406,전국,스키장,54,515348.0,643043.0
202407,전국,캠핑장/펜션,13,9967528.0,9141889.0
202407,전국,뷰티,62,277503891.0,286532961.0
202407,전국,여행업,21,435177861.0,413386492.0
202407,전국,일반외식업,71,3538621109.0,3695578894.0
202407,전국,기타관광쇼핑,44,2217486510.0,2293749982.0
202407,전국,호텔,11,149769566.0,162427811.0
202407,전국,골프장,53,299299126.0,325410958.0
202407,전국,기타숙박,14,397889209.0,392242960.0
202407,전국,렌터카,34,67640477.0,62872255.0
202407,전국,대형쇼핑몰,42,2434624144.0,2620900096.0
202407,전국,문화서비스,56,161304257.0,170477879.0
202407,전국,기타레저,55,154327873.0,167973924.0
202407,전국,제과음료업,72,666887165.0,695394140.0
202407,전국,레저용품쇼핑,43,327153391.0,335913432.0
202407,전국,관광유원시설,52,48894701.0,59746837.0
202407,전국,콘도,12,56568751.0,74576822.0
202407,전국,육상운송,31,2739591987.0,2625681762.0
202407,전국,수상운송,32,7658389.0,7753567.0
202407,전국,면세점,41,171956120.0,143198770.0
202407,전국,항공운송,33,812522704.0,545951539.0
202407,전국,스키장,54,716942.0,1011819.0
202408,전국,캠핑장/펜션,13,13104648.0,10630145.0
202408,전국,뷰티,62,289338060.0,276466916.0
202408,전국,여행업,21,372919197.0,345860946.0
202408,전국,일반외식업,71,3797256094.0,3743683974.0
202408,전국,기타관광쇼핑,44,2437097200.0,2410282408.0
202408,전국,호텔,11,178274094.0,181899750.0
202408,전국,골프장,53,309175919.0,315058418.0
202408,전국,기타숙박,14,370689444.0,355032822.0
202408,전국,렌터카,34,71671638.0,61776486.0
202408,전국,대형쇼핑몰,42,2525357479.0,2409801034.0
202408,전국,문화서비스,56,166704409.0,160920643.0
202408,전국,기타레저,55,170467901.0,171757432.0
202408,전국,제과음료업,72,725526640.0,714434473.0
202408,전국,레저용품쇼핑,43,326599305.0,299183208.0
202408,전국,관광유원시설,52,63138779.0,72392996.0
202408,전국,콘도,12,73191142.0,94128254.0
202408,전국,육상운송,31,2914477251.0,2850604799.0
202408,전국,수상운송,32,9982648.0,9172383.0
202408,전국,면세점,41,177246207.0,147198257.0
202408,전국,항공운송,33,736348492.0,531414796.0
202408,전국,스키장,54,1307588.0,1338120.0
202409,전국,기타숙박,14,306474335.0,307329141.0
202409,전국,뷰티,62,273448324.0,285552109.0
202409,전국,캠핑장/펜션,13,10211639.0,7481205.0
202409,전국,제과음료업,72,674745730.0,697149931.0
202409,전국,기타레저,55,162680796.0,164547806.0
202409,전국,육상운송,31,2634795836.0,2963390512.0
202409,전국,호텔,11,137946388.0,145529667.0
202409,전국,여행업,21,365060206.0,367918610.0
202409,전국,렌터카,34,65016899.0,57653768.0
202409,전국,레저용품쇼핑,43,327633157.0,338621685.0
202409,전국,항공운송,33,708301728.0,460499693.0
202409,전국,일반외식업,71,3442394953.0,3587694286.0
202409,전국,대형쇼핑몰,42,2622082601.0,2676459685.0
202409,전국,문화서비스,56,149250610.0,118139943.0
202409,전국,기타관광쇼핑,44,2494618451.0,2676136143.0
202409,전국,관광유원시설,52,50857919.0,61878395.0
202409,전국,콘도,12,38881548.0,43596929.0
202409,전국,수상운송,32,9109094.0,9303375.0
202409,전국,골프장,53,357292975.0,375625650.0
202409,전국,면세점,41,171951618.0,156038499.0
202409,전국,스키장,54,458205.0,449729.0
202410,전국,레저용품쇼핑,43,428123456.0,465466829.0
202410,전국,기타관광쇼핑,44,2308670931.0,2305222788.0
202410,전국,기타레저,55,157964342.0,161107054.0
202410,전국,골프장,53,421588198.0,436355317.0
202410,전국,기타숙박,14,317523686.0,301557354.0
202410,전국,뷰티,62,271954488.0,272759699.0
202410,전국,일반외식업,71,3689719032.0,3671966684.0
202410,전국,대형쇼핑몰,42,2733729154.0,2841936417.0
202410,전국,문화서비스,56,138153754.0,119703603.0
202410,전국,캠핑장/펜션,13,10181422.0,8209165.0
202410,전국,여행업,21,380931203.0,347752943.0
202410,전국,호텔,11,147514665.0,149851311.0
202410,전국,렌터카,34,58816768.0,52949509.0
202410,전국,관광유원시설,52,60326037.0,71315236.0
202410,전국,수상운송,32,10195836.0,11794685.0
202410,전국,제과음료업,72,676403458.0,684469010.0
202410,전국,육상운송,31,2676500210.0,2923096793.0
202410,전국,콘도,12,36410219.0,47019140.0
202410,전국,항공운송,33,938524541.0,484204127.0
202410,전국,면세점,41,168161052.0,139177937.0
202410,전국,스키장,54,336458.0,496222.0
202411,전국,레저용품쇼핑,43,452048728.0,431506549.0
202411,전국,기타숙박,14,314734262.0,285130635.0
202411,전국,대형쇼핑몰,42,2795538359.0,2780764852.0
202411,전국,문화서비스,56,126879548.0,110162112.0
202411,전국,호텔,11,144458010.0,128311015.0
202411,전국,캠핑장/펜션,13,8025091.0,6520543.0
202411,전국,렌터카,34,53361914.0,47787398.0
202411,전국,기타레저,55,142754936.0,138254818.0
202411,전국,육상운송,31,2580291024.0,2780550289.0
202411,전국,기타관광쇼핑,44,2186847216.0,2136804137.0
202411,전국,골프장,53,331044895.0,322123995.0
202411,전국,뷰티,62,270687542.0,262060127.0
202411,전국,일반외식업,71,3485979109.0,3304692316.0
202411,전국,여행업,21,303632117.0,359441428.0
202411,전국,제과음료업,72,623082065.0,596938922.0
202411,전국,관광유원시설,52,41365308.0,36830346.0
202411,전국,콘도,12,32624282.0,33983953.0
202411,전국,면세점,41,156508999.0,139991417.0
202411,전국,항공운송,33,819643128.0,500126577.0
202411,전국,수상운송,32,7956284.0,6910455.0
202411,전국,스키장,54,178132.0,167939.0
202412,전국,기타레저,55,148946647.0,158791144.0
202412,전국,육상운송,31,2726572442.0,2731580932.0
202412,전국,기타관광쇼핑,44,2160396031.0,2267325295.0
202412,전국,캠핑장/펜션,13,6533168.0,6489909.0
202412,전국,골프장,53,131762490.0,144714553.0
202412,전국,기타숙박,14,315011913.0,317233220.0
202412,전국,렌터카,34,56311412.0,54362865.0
202412,전국,뷰티,62,301335375.0,300541495.0
202412,전국,레저용품쇼핑,43,358455329.0,356199593.0
202412,전국,항공운송,33,889749347.0,543910169.0
202412,전국,일반외식업,71,3695223854.0,3824650700.0
202412,전국,대형쇼핑몰,42,2995728145.0,3079140893.0
202412,전국,문화서비스,56,146907386.0,163149871.0
202412,전국,관광유원시설,52,30931719.0,38903346.0
202412,전국,여행업,21,354189361.0,378576058.0
202412,전국,호텔,11,178038254.0,184844643.0
202412,전국,제과음료업,72,642983876.0,665997058.0
202412,전국,콘도,12,48742938.0,53445875.0
202412,전국,스키장,54,4891201.0,5547520.0
202412,전국,면세점,41,150749894.0,158619721.0
202412,전국,수상운송,32,6923851.0,6175912.0
202501,전국,대형쇼핑몰,42,2733636363.0,2530776455.0
202501,전국,여행업,21,306884003.0,435338820.0
202501,전국,수상운송,32,6479500.0,6165520.0
202501,전국,레저용품쇼핑,43,266310323.0,265445180.0
202501,전국,콘도,12,65262226.0,58700471.0
202501,전국,렌터카,34,54635556.0,50294214.0
202501,전국,문화서비스,56,124082034.0,116872064.0
202501,전국,캠핑장/펜션,13,6331985.0,5447597.0
202501,전국,기타관광쇼핑,44,2301515880.0,2117985990.0
202501,전국,기타레저,55,146258054.0,141124111.0
202501,전국,기타숙박,14,224547171.0,277433378.0
202501,전국,관광유원시설,52,30742419.0,40567963.0
202501,전국,육상운송,31,2582164213.0,2587531288.0
202501,전국,골프장,53,91006884.0,97587410.0
202501,전국,호텔,11,158230245.0,147930788.0
202501,전국,뷰티,62,266214527.0,266066466.0
202501,전국,일반외식업,71,3281011849.0,3344937510.0
202501,전국,제과음료업,72,604983574.0,600944217.0
202501,전국,면세점,41,156602985.0,152341246.0
202501,전국,항공운송,33,774161983.0,734230158.0
202501,전국,스키장,54,8438781.0,7561436.0
202502,전국,여행업,21,298063865.0,347994173.0
202502,전국,레저용품쇼핑,43,281361661.0,294069119.0
202502,전국,호텔,11,134040729.0,153274719.0
202502,전국,항공운송,33,651590810.0,552126316.0
202502,전국,기타관광쇼핑,44,1822720812.0,2218162122.0
202502,전국,기타레저,55,132004939.0,145004421.0
202502,전국,캠핑장/펜션,13,6219441.0,5589732.0
202502,전국,기타숙박,14,215297592.0,269844829.0
202502,전국,육상운송,31,2498433698.0,2442513579.0
202502,전국,대형쇼핑몰,42,2241152323.0,2519453037.0
202502,전국,골프장,53,102050023.0,146990557.0
202502,전국,일반외식업,71,3013878420.0,3235893493.0
202502,전국,렌터카,34,51444314.0,48014093.0
202502,전국,문화서비스,56,115356832.0,142407310.0
202502,전국,제과음료업,72,552904915.0,610610449.0
202502,전국,관광유원시설,52,30856984.0,56101417.0
202502,전국,뷰티,62,259656966.0,266722608.0
202502,전국,면세점,41,141732865.0,152481101.0
202502,전국,콘도,12,42708745.0,49833328.0
202502,전국,수상운송,32,5450691.0,6088025.0
202502,전국,스키장,54,5599393.0,5460530.0
202503,전국,캠핑장/펜션,13,8310764.0,8263258.0
202503,전국,기타숙박,14,229428281.0,285395913.0
202503,전국,기타관광쇼핑,44,2180894355.0,2262789464.0
202503,전국,기타레저,55,145671489.0,159510479.0
202503,전국,렌터카,34,60270863.0,52295423.0
202503,전국,문화서비스,56,131718243.0,152187719.0
202503,전국,관광유원시설,52,39117399.0,39444310.0
202503,전국,제과음료업,72,659072037.0,677804582.0
202503,전국,여행업,21,284813786.0,328562290.0
202503,전국,레저용품쇼핑,43,340137257.0,366809732.0
202503,전국,호텔,11,127777820.0,129917386.0
202503,전국,항공운송,33,629165927.0,673100674.0
202503,전국,면세점,41,159037164.0,162493465.0
202503,전국,육상운송,31,2669878369.0,2723119266.0
202503,전국,대형쇼핑몰,42,2697322318.0,2877512715.0
202503,전국,골프장,53,271881023.0,305443643.0
202503,전국,뷰티,62,305302077.0,312276021.0
202503,전국,일반외식업,71,3572791252.0,3701413131.0
202503,전국,콘도,12,23399382.0,29758418.0
202503,전국,수상운송,32,7531739.0,8447294.0
202503,전국,스키장,54,498881.0,455468.0
202504,전국,기타숙박,14,227673712.0,284540975.0
202504,전국,여행업,21,286602131.0,323945615.0
202504,전국,레저용품쇼핑,43,354091631.0,407929983.0
202504,전국,호텔,11,122437526.0,125468672.0
202504,전국,기타관광쇼핑,44,2133688502.0,2223870119.0
202504,전국,기타레저,55,133464385.0,145338109.0
202504,전국,관광유원시설,52,49347712.0,52278637.0
202504,전국,육상운송,31,2620748209.0,2698901141.0
202504,전국,대형쇼핑몰,42,2336009686.0,2613267410.0
202504,전국,골프장,53,336492703.0,371384014.0
202504,전국,캠핑장/펜션,13,9081223.0,8519350.0
202504,전국,항공운송,33,563205325.0,618207511.0
202504,전국,콘도,12,26918887.0,35178202.0
202504,전국,렌터카,34,61778002.0,54916966.0
202504,전국,문화서비스,56,135331275.0,150467744.0
202504,전국,일반외식업,71,3438503832.0,3553880109.0
202504,전국,뷰티,62,267839043.0,271681222.0
202504,전국,제과음료업,72,651011439.0,668722330.0
202504,전국,면세점,41,153059889.0,159487692.0
202504,전국,수상운송,32,10126011.0,11171778.0
202504,전국,스키장,54,83238.0,128818.0
202505,전국,호텔,11,156127442.0,154808080.0
202505,전국,기타관광쇼핑,44,2380347456.0,2417719007.0
202505,전국,기타레저,55,160772486.0,159869332.0
202505,전국,렌터카,34,64631929.0,57645265.0
202505,전국,문화서비스,56,166372622.0,156161215.0
202505,전국,대형쇼핑몰,42,2763516301.0,2735498913.0
202505,전국,여행업,21,261744590.0,333309864.0
202505,전국,레저용품쇼핑,43,421412211.0,416385743.0
202505,전국,기타숙박,14,252142777.0,309360483.0
202505,전국,콘도,12,37024801.0,43647411.0
202505,전국,캠핑장/펜션,13,10911637.0,9678229.0
202505,전국,제과음료업,72,735300117.0,713532422.0
202505,전국,골프장,53,399737672.0,426542702.0
202505,전국,뷰티,62,301504374.0,293242456.0
202505,전국,관광유원시설,52,58126592.0,54335447.0
202505,전국,육상운송,31,2713987304.0,2845976976.0
202505,전국,수상운송,32,11521150.0,10360061.0
202505,전국,면세점,41,194734793.0,172547229.0
202505,전국,일반외식업,71,3982796550.0,3868234484.0
202505,전국,스키장,54,267329.0,339076.0
202505,전국,항공운송,33,582971323.0,694281512.0
202506,전국,기타숙박,14,241117599.0,329837018.0
202506,전국,렌터카,34,63521450.0,61331094.0
202506,전국,문화서비스,56,142186177.0,166689158.0
202506,전국,캠핑장/펜션,13,9744541.0,9856666.0
202506,전국,관광유원시설,52,41675400.0,47709651.0
202506,전국,육상운송,31,2511616699.0,2666925763.0
202506,전국,대형쇼핑몰,42,2484345090.0,2643730865.0
202506,전국,골프장,53,371432509.0,414394554.0
202506,전국,뷰티,62,280466775.0,297960756.0
202506,전국,호텔,11,133085152.0,141673848.0
202506,전국,항공운송,33,528099015.0,650431626.0
202506,전국,기타관광쇼핑,44,2125717171.0,2283297811.0
202506,전국,기타레저,55,148071241.0,160777162.0
202506,전국,여행업,21,243591030.0,335257630.0
202506,전국,수상운송,32,8927711.0,9054766.0
202506,전국,레저용품쇼핑,43,336228404.0,356473452.0
202506,전국,면세점,41,147988702.0,163176328.0
202506,전국,일반외식업,71,3454481623.0,3657285185.0
202506,전국,제과음료업,72,662745149.0,692451451.0
202506,전국,콘도,12,38769309.0,50459426.0
202507,전국,캠핑장/펜션,13,10486075.0,9967528.0
202507,전국,기타숙박,14,304085728.0,397889209.0
202507,전국,대형쇼핑몰,42,2447848626.0,2434624144.0
202507,전국,여행업,21,298127135.0,435177861.0
202507,전국,레저용품쇼핑,43,326618721.0,327153391.0
202507,전국,뷰티,62,300111461.0,277503891.0
202507,전국,문화서비스,56,162413268.0,161304257.0
202507,전국,호텔,11,152107687.0,149769566.0
202507,전국,항공운송,33,593676508.0,812522704.0
202507,전국,기타관광쇼핑,44,2254139699.0,2217486510.0
202507,전국,기타레저,55,157589438.0,154327873.0
202507,전국,골프장,53,292326661.0,299299126.0
202507,전국,렌터카,34,79707792.0,67640477.0
202507,전국,수상운송,32,8649066.0,7658389.0
202507,전국,육상운송,31,2840755799.0,2739591987.0
202507,전국,제과음료업,72,706059645.0,666887165.0
202507,전국,관광유원시설,52,46832501.0,48894701.0
202507,전국,일반외식업,71,3680235469.0,3538621109.0
202507,전국,콘도,12,63823108.0,56568751.0
202507,전국,면세점,41,172846355.0,171956120.0
202508,전국,기타숙박,14,287627009.0,370689444.0
202508,전국,여행업,21,275915154.0,372919197.0
202508,전국,레저용품쇼핑,43,316071381.0,326599305.0
202508,전국,호텔,11,174195025.0,178274094.0
202508,전국,기타관광쇼핑,44,2368915041.0,2437097200.0
202508,전국,기타레저,55,175449603.0,170467901.0
202508,전국,육상운송,31,2811752538.0,2914477251.0
202508,전국,대형쇼핑몰,42,2453239430.0,2525357479.0
202508,전국,골프장,53,297162842.0,309175919.0
202508,전국,캠핑장/펜션,13,15197190.0,13104648.0
202508,전국,항공운송,33,493998785.0,736348492.0
202508,전국,콘도,12,75293678.0,73191142.0
202508,전국,렌터카,34,74518101.0,71671638.0
202508,전국,문화서비스,56,166863733.0,166704409.0
202508,전국,일반외식업,71,3930216280.0,3797256094.0
202508,전국,뷰티,62,320041978.0,289338060.0
202508,전국,관광유원시설,52,59677090.0,63138779.0
202508,전국,제과음료업,72,754169009.0,725526640.0
202508,전국,면세점,41,167828075.0,177246207.0
202508,전국,수상운송,32,10101585.0,9982648.0
202509,전국,캠핑장/펜션,13,11905713.0,10211639.0
202509,전국,기타숙박,14,254458171.0,306474335.0
202509,전국,일반외식업,71,3394189866.0,3442394953.0
202509,전국,제과음료업,72,645084878.0,674745730.0
202509,전국,뷰티,62,281899292.0,273448324.0
202509,전국,대형쇼핑몰,42,2424277486.0,2622082601.0
202509,전국,골프장,53,326616198.0,357292975.0
202509,전국,여행업,21,371445824.0,365060206.0
202509,전국,레저용품쇼핑,43,314432704.0,327633157.0
202509,전국,호텔,11,134998572.0,137946388.0
202509,전국,기타관광쇼핑,44,2292734008.0,2494618451.0
202509,전국,기타레저,55,135996920.0,162680796.0
202509,전국,렌터카,34,67454467.0,65016899.0
202509,전국,문화서비스,56,136107352.0,149250610.0
202509,전국,관광유원시설,52,39892482.0,50857919.0
202509,전국,수상운송,32,8338643.0,9109094.0
202509,전국,콘도,12,32464848.0,38881548.0
202509,전국,항공운송,33,480586732.0,708301728.0
202509,전국,육상운송,31,2734056341.0,2634795836.0
202509,전국,면세점,41,154844663.0,171951618.0
202509,전국,스키장,54,186695.0,458205.0
202510,전국,여행업,21,269276314.0,380931203.0
202510,전국,레저용품쇼핑,43,416600605.0,428123456.0
202510,전국,호텔,11,159055788.0,147514665.0
202510,전국,항공운송,33,436763646.0,938524541.0
202510,전국,기타관광쇼핑,44,2548412480.0,2308670931.0
202510,전국,기타레저,55,167405558.0,157964342.0
202510,전국,캠핑장/펜션,13,12704670.0,10181422.0
202510,전국,기타숙박,14,262081512.0,317523686.0
202510,전국,육상운송,31,2757854481.0,2676500210.0
202510,전국,대형쇼핑몰,42,2953456924.0,2733729154.0
202510,전국,골프장,53,400819778.0,421588198.0
202510,전국,일반외식업,71,3897074798.0,3689719032.0
202510,전국,렌터카,34,61587761.0,58816768.0
202510,전국,문화서비스,56,138521942.0,138153754.0
202510,전국,제과음료업,72,735972092.0,676403458.0
202510,전국,관광유원시설,52,69069757.0,60326037.0
202510,전국,뷰티,62,298589276.0,271954488.0
202510,전국,면세점,41,175565498.0,168161052.0
202510,전국,콘도,12,44084729.0,36410219.0
202510,전국,수상운송,32,12415835.0,10195836.0
202510,전국,스키장,54,292790.0,336458.0
202511,전국,육상운송,31,2908472209.0,2580291024.0
202511,전국,대형쇼핑몰,42,2990287132.0,2795538359.0
202511,전국,골프장,53,353134729.0,331044895.0
202511,전국,호텔,11,149943822.0,144458010.0
202511,전국,항공운송,33,493279802.0,819643128.0
202511,전국,기타관광쇼핑,44,2295101663.0,2186847216.0
202511,전국,기타레저,55,146328309.0,142754936.0
202511,전국,콘도,12,32694339.0,32624282.0
202511,전국,렌터카,34,53360366.0,53361914.0
202511,전국,문화서비스,56,110252027.0,126879548.0
202511,전국,기타숙박,14,245352266.0,314734262.0
202511,전국,뷰티,62,308309281.0,270687542.0
202511,전국,여행업,21,252170640.0,303632117.0
202511,전국,레저용품쇼핑,43,428216348.0,452048728.0
202511,전국,캠핑장/펜션,13,9256513.0,8025091.0
202511,전국,관광유원시설,52,43399944.0,41365308.0
202511,전국,제과음료업,72,680206150.0,623082065.0
202511,전국,수상운송,32,10037216.0,7956284.0
202511,전국,일반외식업,71,3736846455.0,3485979109.0
202511,전국,면세점,41,158383733.0,156508999.0
202511,전국,스키장,54,292874.0,178132.0
202512,전국,문화서비스,56,137778988.0,146907386.0
202512,전국,캠핑장/펜션,13,7481608.0,6533168.0
202512,전국,레저용품쇼핑,43,353619529.0,358455329.0
202512,전국,기타관광쇼핑,44,2269875275.0,2160396031.0
202512,전국,기타레저,55,153243818.0,148946647.0
202512,전국,뷰티,62,327883244.0,301335375.0
202512,전국,기타숙박,14,253632431.0,315011913.0
202512,전국,일반외식업,71,3922745369.0,3695223854.0
202512,전국,렌터카,34,55956882.0,56311412.0
202512,전국,대형쇼핑몰,42,3061641716.0,2995728145.0
202512,전국,여행업,21,321192716.0,354189361.0
202512,전국,면세점,41,159648764.0,150749894.0
202512,전국,관광유원시설,52,32399312.0,30931719.0
202512,전국,호텔,11,185220245.0,178038254.0
202512,전국,육상운송,31,3003065516.0,2726572442.0
202512,전국,골프장,53,137843039.0,131762490.0
202512,전국,항공운송,33,622535930.0,889749347.0
202512,전국,제과음료업,72,704012001.0,642983876.0
202512,전국,스키장,54,4976064.0,4891201.0
202512,전국,콘도,12,53515737.0,48742938.0
202512,전국,수상운송,32,7099597.0,6923851.0
202601,전국,호텔,11,162424861.0,158230245.0
202601,전국,골프장,53,77008560.0,91006884.0
202601,전국,여행업,21,339884876.0,306884003.0
202601,전국,기타관광쇼핑,44,2210990393.0,2301515880.0
202601,전국,뷰티,62,306402401.0,266214527.0
202601,전국,일반외식업,71,3673656406.0,3281011849.0
202601,전국,항공운송,33,637560439.0,774161983.0
202601,전국,대형쇼핑몰,42,2867551949.0,2733636363.0
202601,전국,기타숙박,14,286530510.0,224547171.0
202601,전국,면세점,41,163680003.0,156602985.0
202601,전국,문화서비스,56,116762080.0,124082034.0
202601,전국,수상운송,32,6347384.0,6479500.0
202601,전국,레저용품쇼핑,43,305967390.0,266310323.0
202601,전국,캠핑장/펜션,13,6909935.0,6331985.0
202601,전국,기타레저,55,150665841.0,146258054.0
202601,전국,제과음료업,72,694175990.0,604983574.0
202601,전국,렌터카,34,50196806.0,54635556.0
202601,전국,관광유원시설,52,28040805.0,30742419.0
202601,전국,육상운송,31,2892639460.0,2582164213.0
202601,전국,스키장,54,7063758.0,8438781.0
202601,전국,콘도,12,65177118.0,65262226.0
202602,전국,렌터카,34,48385954.0,51444314.0
202602,전국,레저용품쇼핑,43,261543939.0,281361661.0
202602,전국,관광유원시설,52,34428348.0,30856984.0
202602,전국,호텔,11,154691353.0,134040729.0
202602,전국,기타관광쇼핑,44,2310513353.0,1822720812.0
202602,전국,기타숙박,14,282436985.0,215297592.0
202602,전국,면세점,41,152120144.0,141732865.0
202602,전국,문화서비스,56,129529657.0,115356832.0
202602,전국,캠핑장/펜션,13,7130287.0,6219441.0
202602,전국,육상운송,31,2556676382.0,2498433698.0
202602,전국,기타레저,55,147563366.0,132004939.0
202602,전국,골프장,53,137909010.0,102050023.0
202602,전국,뷰티,62,294997272.0,259656966.0
202602,전국,대형쇼핑몰,42,2755803711.0,2241152323.0
202602,전국,수상운송,32,6921981.0,5450691.0
202602,전국,여행업,21,257797101.0,298063865.0
202602,전국,일반외식업,71,3405366390.0,3013878420.0
202602,전국,항공운송,33,543857294.0,651590810.0
202602,전국,제과음료업,72,682195954.0,552904915.0
202602,전국,스키장,54,4963783.0,5599393.0
202602,전국,콘도,12,51436542.0,42708745.0
201905,전국,스키장,54,184996.0,149572.0
202007,전국,스키장,54,182680.0,237036.0
202104,전국,스키장,54,35211.0,28698.0
202107,전국,스키장,54,307572.0,182680.0
202201,전국,면세점,41,64816376.0,34778698.0
202201,전국,스키장,54,10622501.0,2212275.0
202507,전국,스키장,54,593659.0,716942.0
202203,전국,스키장,54,177018.0,63379.0
201808,전국,스키장,54,495777.0,0.0
202101,전국,스키장,54,2212275.0,9116878.0
202206,전국,스키장,54,651504.0,262689.0
202305,전국,스키장,54,417925.0,487260.0
202405,전국,스키장,54,339076.0,417925.0
202506,전국,스키장,54,358175.0,515348.0
202508,전국,스키장,54,807624.0,1307588.0
202202,전국,스키장,54,6977552.0,2759173.0
202208,전국,스키장,54,1201512.0,290469.0
202607,전국,캠핑장/펜션,13,12672141.0,10486075.0
202607,전국,육상운송,31,3022001942.0,2840755799.0
202607,전국,렌터카,34,65790718.0,79707792.0
202607,전국,레저용품쇼핑,43,327215949.0,326618721.0
202607,전국,관광유원시설,52,49765241.0,46832501.0
202607,전국,기타레저,55,162553633.0,157589438.0
202607,전국,호텔,11,157049632.0,152107687.0
202607,전국,기타숙박,14,417004038.0,304085728.0
202607,전국,기타관광쇼핑,44,2367295033.0,2254139699.0
202607,전국,문화서비스,56,156617724.0,162413268.0
202607,전국,면세점,41,138240524.0,172846355.0
202607,전국,뷰티,62,316644996.0,300111461.0
202607,전국,골프장,53,298137272.0,292326661.0
202607,전국,여행업,21,305802708.0,298127135.0
202607,전국,수상운송,32,8314213.0,8649066.0
202607,전국,일반외식업,71,3885587467.0,3680235469.0
202607,전국,대형쇼핑몰,42,2389100582.0,2447848626.0
202607,전국,제과음료업,72,746381529.0,706059645.0
202607,전국,콘도,12,63979399.0,63823108.0
202607,전국,항공운송,33,651970539.0,593676508.0
202607,전국,스키장,54,565607.0,593659.0
202608,전국,관광총소비,0000,0.0,15229041149.0
202608,전국,기타숙박,14,0.0,287627009.0
202608,전국,여행업,21,0.0,275915154.0
202608,전국,레저용품쇼핑,43,0.0,316071381.0
202608,전국,호텔,11,0.0,174195025.0
202608,전국,기타관광쇼핑,44,0.0,2368915041.0
202608,전국,기타레저,55,0.0,175449603.0
202608,전국,육상운송,31,0.0,2811752538.0
202608,전국,대형쇼핑몰,42,0.0,2453239430.0
202608,전국,골프장,53,0.0,297162842.0
202608,전국,캠핑장/펜션,13,0.0,15197190.0
202608,전국,항공운송,33,0.0,493998785.0
202608,전국,콘도,12,0.0,75293678.0
202608,전국,렌터카,34,0.0,74518101.0
202608,전국,문화서비스,56,0.0,166863733.0
202608,전국,일반외식업,71,0.0,3930216280.0
202608,전국,뷰티,62,0.0,320041978.0
202608,전국,관광유원시설,52,0.0,59677090.0
202608,전국,제과음료업,72,0.0,754169009.0
202608,전국,면세점,41,0.0,167828075.0
202608,전국,수상운송,32,0.0,10101585.0
202608,전국,스키장,54,0.0,807624.0
