region,year,vis,stay_hours,overnight_vis,overnight_hours,daytrip_vis,daytrip_hours,n1,n2,n3to6,n7p,overnight_ex7_vis,overnight_ex7_hours,avg_stay,daytrip_stay,overnight_stay,overnight_ex7_stay,daytrip_share,overnight_share,n1_share_all,n2_share_all,n3to6_share_all,n7_share_all,n1_share_ovn,n2_share_ovn,n3to6_share_ovn,n7_share_ovn
가평군,2018,13735344.0,240286554.48999998,3132883.0,178217738.7499999,10602461.0,62068815.739999995,2614987.0,397343.0,95888.0,24665.0,3108218.0,127120293.75999999,17.494032511308053,5.8541894886479655,56.88617760382367,40.89812675944866,77.19108454800987,22.808915451990135,19.038380109009285,2.892850736028162,0.6981113833042696,0.17957322364842118,83.46902836780052,12.682982415877007,3.060695212684291,0.7872940036381825
가평군,2019,12562461.0,267555019.27,2954074.0,209063094.27,9608387.0,58491925.00000001,2453447.0,362140.0,106074.0,32413.0,2921661.0,138279936.78000006,21.297978100787738,6.08759045612963,70.77110941364367,47.329220186736265,76.48491008250691,23.515089917493075,19.529986998566603,2.8827154169871654,0.8443727705900939,0.2580147313492157,83.05299731827978,12.259002313415305,3.5907698994676505,1.0972304688372736
가평군,2020,12967306.0,242681620.20999998,2814578.0,187024721.09999996,10152728.0,55656899.11,2351033.0,347259.0,86298.0,29988.0,2784590.0,122808982.02999999,18.714883431454457,5.4819649566106765,66.44858344661259,44.10307514930384,78.29481312463822,21.705186875361775,18.13046595800238,2.6779579351331724,0.6655044617594433,0.23125852046678008,83.53056834807919,12.33787089929645,3.0661079565036036,1.0654527961207683
가평군,2021,13619813.0,230721022.56000006,2571395.0,175769259.04000002,11048418.0,54951763.52,2119289.0,344694.0,81038.0,26374.0,2545021.0,118321854.34,16.940102082165158,4.973722348303622,68.35560426927796,46.49150413297179,81.12018865457257,18.87981134542743,15.560338456923015,2.5308276993230376,0.5950008271038669,0.19364436207751162,82.41787045553095,13.404941675627432,3.1515189226081564,1.0256689462334647
가평군,2022,15736211.0,281198283.38,3518097.0,213474537.78000003,12218114.0,67723745.6,2928904.0,461249.0,98119.0,29825.0,3488272.0,147286851.14,17.869503871039857,5.542896849710192,60.67898007928719,42.22344219143461,77.64330307975662,22.35669692024338,18.61251097865935,2.931131261521595,0.6235236678003364,0.18953101226210045,83.25250838734691,13.110752773445416,2.7889793828879648,0.8477594563197093
가평군,2023,13917562.0,279163857.87,3603150.0,214938522.12999997,10314412.0,64225335.74,2985981.0,474887.0,110882.0,31400.0,3571750.0,149090422.47,20.058387946825746,6.226756866023967,59.65294870599336,41.74156155106041,74.11076738871363,25.889232611286374,21.4547705984712,3.4121421553573823,0.7967056299084566,0.2256142275493366,82.87140418800216,13.179773253958341,3.0773628630503866,0.8714596949891068
가평군,2024,13925123.0,228882773.81999993,3078607.0,174031502.98,10846516.0,54851270.839999996,2541084.0,415158.0,96979.0,25386.0,3053221.0,124313953.21,16.436678786966546,5.057040513285556,56.529301395079,40.71567476117844,77.8917069529655,22.108293047034486,18.24819787947295,2.9813596619577436,0.6964319094344804,0.1823035961693121,82.54005788981836,13.485254857148055,3.150093532561967,0.8245937204716289
가평군,2025,14150869.0,232134720.11999997,2848350.0,178553468.67,11302519.0,53581251.449999996,2312127.0,413870.0,95867.0,26486.0,2821864.0,123598749.41,16.40427313121194,4.740646881460672,62.68663214492601,43.800392013931216,79.87155417805083,20.128445821949168,16.339116700182863,2.9246967094388334,0.6774636949857992,0.18716871734166998,81.17425878139976,14.530166587673566,3.365702950831183,0.9298716800954938
가평군,2026,14050012.0,220819230.37,2713371.0,169478361.59000006,11336641.0,51340868.78,2206171.0,391244.0,91767.0,24189.0,2689182.0,119399129.75,15.716657777231791,4.528754926613624,62.460445545411986,44.39979508638687,80.68776738411326,19.312232615886735,15.70227128631634,2.7846524259196364,0.6531453496267476,0.17216355402401082,81.30738479920365,14.419111872279904,3.382029217530518,0.8914741109859285
삼척시,2018,5575028.0,168223763.60999998,1210225.0,145159312.76999995,4364803.0,23064450.84,816481.0,262758.0,99642.0,31344.0,1178881.0,77986915.06000002,30.17451456925418,5.284190567134416,119.94407054060191,66.15333953130131,78.29203727766031,21.70796272233969,14.645325548140745,4.713124310765793,1.787291471899334,0.5622213915338183,67.46522340887026,21.711499927699396,8.233345039145613,2.5899316242847403
삼척시,2019,5671729.0,184573889.26999998,1111965.0,162565139.82999998,4559764.0,22008749.44,743380.0,233824.0,98849.0,35912.0,1076053.0,81864034.36,32.54279061464326,4.826729944795389,146.19627401042297,76.07806897987366,80.3946027745684,19.60539722543161,13.106761624189026,4.122622925037497,1.7428371489540488,0.6331755272510375,66.85282360505951,21.027999982013824,8.889578359031084,3.229598053895581
삼척시,2020,5434747.0,168665794.86,1061462.0,147462204.50000006,4373285.0,21203590.36,696007.0,236683.0,94927.0,33845.0,1027617.0,74924932.80999999,31.03470959365726,4.848435526154824,138.9236774373459,72.91134032426477,80.46897123269952,19.531028767300484,12.806612708926469,4.354995733932049,1.7466682441703358,0.6227520802716299,65.57059979537657,22.297830727807497,8.943042709018316,3.1885267677976223
삼척시,2021,5253828.0,150923776.28999996,1063035.0,130169343.20999998,4190793.0,20754433.08,699765.0,243338.0,90583.0,29349.0,1033686.0,68509250.30999999,28.726440281257773,4.952388027755129,122.4506655096022,66.27665491261368,79.76646742146869,20.23353257853131,13.319145582992059,4.631632402126602,1.7241333366832718,0.558621256729379,65.82708941850457,22.890873771794908,8.521168164735874,2.760868644964653
삼척시,2022,5891855.0,182182416.9,1213134.0,159858525.70000002,4678721.0,22323891.2,783050.0,286609.0,105477.0,37998.0,1175136.0,78871765.80000001,30.92106253463468,4.771366191743427,131.77318062143178,67.11713861204151,79.40998208543829,20.590017914561713,13.290381382433885,4.864495137779189,1.790217172690095,0.6449242216585439,64.54769217580251,23.625502211627076,8.69458773721617,3.1322178753542476
삼척시,2023,6134683.0,178244200.46000004,1316726.0,155295248.14000002,4817957.0,22948952.32,850574.0,319123.0,112577.0,34452.0,1282274.0,81854806.39999999,29.055160708385426,4.76321235743698,117.94044329647932,63.835659461238386,78.53636447066621,21.46363552933379,13.865003293568714,5.2019476801001785,1.8350907455201841,0.5615938101447133,64.59764597949763,24.236097715090306,8.549766618111892,2.616489687300167
삼척시,2024,6301076.0,159450521.94,1210263.0,137831331.27999997,5090813.0,21619190.659999996,779792.0,297304.0,103095.0,30072.0,1180191.0,73947468.66000001,25.30528467518881,4.2467068933783265,113.88543752886767,62.65720435082119,80.79275666568694,19.20724333431306,12.375537130483746,4.71830525453113,1.6361491275458349,0.47725182175234837,64.43161527701004,24.56523912571069,8.51839641466359,2.4847491826156793
삼척시,2025,6537903.0,158703759.99999997,1199717.0,136440798.45,5338186.0,22262961.55,767802.0,301252.0,102760.0,27903.0,1171814.0,74006969.03999999,24.27441337077041,4.1705106472498334,113.72748610714025,63.15590105596963,81.64981952164172,18.350180478358276,11.743857319388189,4.607777141997977,1.5717577945099523,0.4267882224621564,63.99859300151619,25.110255168510577,8.565353329160127,2.3257985008131086
삼척시,2026,6278488.0,156876290.21,1175755.0,135788493.11999997,5102733.0,21087797.09,746252.0,299449.0,101783.0,28271.0,1147484.0,73820645.33,24.986316802707915,4.132647561610612,115.4904662280832,64.33261407566467,81.27327789748105,18.72672210251895,11.885855320580369,4.769444490456938,1.6211387200230374,0.450283571458606,63.470025643097415,25.46865631020068,8.656820511075862,2.4044975356260445
속초시,2018,10240805.0,225693240.3,2584644.0,183618829.07,7656161.0,42074411.230000004,1891857.0,511903.0,140997.0,39887.0,2544757.0,111715638.13,22.038622969581006,5.495497185861165,71.0422128037749,43.900316662848354,74.76132003294663,25.238679967053372,18.473713736371312,4.998659773328367,1.3768155921336263,0.38949086522006815,73.19603782958117,19.805551557583946,5.455180674785386,1.5432299380494954
속초시,2019,10426078.0,248524656.08,2545700.0,206554704.49999997,7880378.0,41969951.58,1863583.0,498735.0,141200.0,42182.0,2503518.0,120062655.51000004,23.83683069319067,5.325880507254855,81.13866696782809,47.957576302626954,75.58334015916628,24.416659840833724,17.87424763175568,4.783534134312059,1.354296409445623,0.4045816653203631,73.20513021958597,19.591271555957103,5.546608005656598,1.65699021880033
속초시,2020,10690084.0,262136733.38,2526993.0,220390763.8,8163091.0,41745969.58,1814268.0,518496.0,148857.0,45372.0,2481621.0,127041076.32000004,24.52148489946384,5.113990470031511,87.21463169862362,51.19277936477812,76.36133635619701,23.63866364380299,16.971503685097332,4.850251878282715,1.3924773650048026,0.4244307154181389,71.7955293109241,20.51829981325631,5.890677180348343,1.7954936954712577
속초시,2021,10301653.0,232247227.01000002,2484783.0,193157936.58,7816870.0,39089290.43,1767901.0,523702.0,152222.0,40958.0,2443825.0,116011380.74999996,22.544656377961868,5.0006320215124465,77.736340187453,47.47123085736497,75.87976415047177,24.12023584952823,17.161333234578954,5.083669581959323,1.4776463544248675,0.3975866785650808,71.14911040521446,21.076367634517784,6.126168764032915,1.6483531962348423
속초시,2022,12099441.0,282001239.67,3088011.0,235794630.61,9011430.0,46206609.06,2131183.0,723094.0,183447.0,50287.0,3037724.0,137638048.89,23.3069643192607,5.127555677622753,76.35809283386621,45.30959655650085,74.47806886285076,25.521931137149227,17.613896377526864,5.97625956438814,1.5161609532208968,0.41561424201332936,69.01474768062678,23.416173064150357,5.940620030174763,1.6284592250480974
속초시,2023,12072752.0,271572260.98,3198545.0,225236526.82,8874207.0,46335734.16,2205458.0,754866.0,191912.0,46309.0,3152236.0,137911521.89000002,22.494644218650397,5.221394335291029,70.41843301251038,43.75037969555579,73.50608212609686,26.49391787390315,18.268063487098882,6.252642313865141,1.5896292742532938,0.383582798685834,68.95191407343026,23.6002932583409,5.999978115049187,1.447814553179649
속초시,2024,12185388.0,235829241.0,3051463.0,191606018.61,9133925.0,44223222.39,2107597.0,732767.0,175268.0,35831.0,3015632.0,125090229.96999997,19.353445372441158,4.841645009128058,62.79152610075889,41.480601734561766,74.95801528847501,25.041984711524982,17.2961008709776,6.01348927092022,1.43834566449587,0.29404890513129334,69.06841079180708,24.013628872445775,5.743736692858475,1.1742236428886734
속초시,2025,12976431.0,252680540.8599999,3169681.0,203865407.85,9806750.0,48815133.01,2166431.0,786275.0,180821.0,36154.0,3133527.0,132055169.87,19.47226790324704,4.977707498406709,64.31732652276365,42.14266220460203,75.5735533136962,24.42644668630381,16.695122102525726,6.059254659466844,1.393457106965698,0.2786128173455398,68.34854990139387,24.806124023206124,5.704706561953711,1.1406195134463057
속초시,2026,13205805.0,246739830.58,3249743.0,198883524.14,9956062.0,47856306.44,2198735.0,823774.0,191863.0,35371.0,3214372.0,132308086.47,18.68419460835595,4.806750544542611,61.19976999411953,41.16141083546024,75.39155697058982,24.608443029410175,16.649761222432105,6.2379688326459455,1.452868643751744,0.2678443305803773,67.65873485995661,25.34889682045626,5.903943788785759,1.0884245308013587
양양군,2018,6548375.0,117936635.38999999,1464361.0,93792798.13,5084014.0,24143837.26,1069713.0,296492.0,79965.0,18191.0,1446170.0,60807276.38999999,18.01006133430049,4.748971434775751,64.0503251110894,42.047115062544506,77.637795636322,22.36220436367801,16.335548895718404,4.527718708839979,1.2211426498940576,0.2777941092255712,73.04981490219966,20.247193144313457,5.460743628108097,1.2422483253787828
양양군,2019,6676496.0,119420018.17999998,1371840.0,95913490.52,5304656.0,23506527.659999996,1002134.0,279924.0,72568.0,17214.0,1354626.0,60550444.54,17.886630678727283,4.431301041952579,69.91594538721716,44.69901252449015,79.45269494657077,20.547305053429223,15.00987943376286,4.192678315092228,1.0869174489133222,0.2578298556608137,73.05035572661535,20.405003498950315,5.289829717751341,1.254811056682995
양양군,2020,7278951.0,133963233.84,1426609.0,109371027.33,5852342.0,24592206.509999998,1021756.0,305123.0,79231.0,20499.0,1406110.0,66116286.41999998,18.404195033048033,4.20211370251431,76.66503388805202,47.02070707128175,80.40089842616058,19.599101573839416,14.037132548357587,4.191854018525472,1.0884947570055081,0.28162024995085144,71.62130618831088,21.387990682800964,5.553799254035268,1.4369038748528855
양양군,2021,7054040.0,136012473.36,1612492.0,108481481.07,5441548.0,27530992.29,1138427.0,367295.0,88044.0,18726.0,1593766.0,70717592.31,19.28150015593901,5.059404472771351,67.27567086844462,44.371377172056626,77.14087246457349,22.859127535426506,16.138652460150496,5.206874358523626,1.2481358200407142,0.2654648967116716,70.60047429692673,22.778097503739552,5.460120112223812,1.1613080871098895
양양군,2022,8008249.0,160994078.70000002,2027312.0,127504376.66000001,5980937.0,33489702.039999995,1409356.0,487472.0,110099.0,20385.0,2006927.0,85443850.02999999,20.103530584526034,5.5994072567559225,62.893317190447256,42.57446834389093,74.68470323537643,25.31529676462358,17.598803433809312,6.087123414868843,1.3748198888421177,0.2545500271033031,69.51845596533735,24.045238226775158,5.430787170401004,1.0055186374864846
양양군,2023,8000698.0,152196945.99999997,1987085.0,119615422.09,6013613.0,32581523.91,1393987.0,471057.0,103357.0,18684.0,1968401.0,81930298.87999998,19.022958496871144,5.417961533274589,60.19642948842149,41.62276836884353,75.16360447550952,24.836395524490488,17.423317315564216,5.88769879827985,1.2918497861061622,0.23352962454025886,70.15235885732115,23.705931049753783,5.201438287743101,0.9402718051819626
양양군,2024,7910375.0,136091518.57999998,1777748.0,107698236.5,6132627.0,28393282.08,1243279.0,423005.0,94406.0,17058.0,1760690.0,72972336.78999999,17.204180406112226,4.629872659791635,60.581272767568855,41.445306550272896,77.52637517184709,22.4736248281529,15.717067774915854,5.34747088475578,1.193445317067775,0.21564085141349176,69.93561517155412,23.794429806699263,5.310426449643031,0.9595285721035827
양양군,2025,8127832.0,138443086.93999997,1755838.0,110185343.02999996,6371994.0,28257743.910000004,1198806.0,442361.0,97175.0,17496.0,1738342.0,74396694.88,17.03321217023186,4.43467836127906,62.75370679413474,42.797501803442586,78.39721588733626,21.602784112663745,14.749394426459602,5.442546056562192,1.1955832748511535,0.21526035479079783,68.27543315499494,25.19372516143289,5.5343944031283065,0.9964472804438679
양양군,2026,8178064.0,137957314.73999998,1748817.0,109939534.23,6429247.0,28017780.509999998,1184530.0,448906.0,98104.0,17277.0,1731540.0,74266776.17999999,16.869189913407375,4.357863449638814,62.86508778791606,42.89059229356526,78.615757959341,21.384242040659014,14.484234899604601,5.489147553748662,1.199599318371683,0.21126026893406558,67.73321622559708,25.66912375623064,5.609735038028565,0.9879249801437199
영월군,2018,3248696.0,82423843.53999999,733034.0,67960175.31000002,2515662.0,14463668.23,502424.0,159212.0,59515.0,11883.0,721151.0,43325411.500000015,25.371362398944065,5.7494481492346745,92.71080919848195,60.078141055063384,77.43605434303487,22.563945656965135,15.465405196423426,4.900797119829002,1.831965810282033,0.36577753043067124,68.54034055719107,21.719592815612916,8.118995844667506,1.6210707825285047
영월군,2019,3237719.0,90553981.44,692065.0,76835770.40999997,2545654.0,13718211.030000001,470692.0,148012.0,59706.0,13655.0,678410.0,47110813.28999999,27.968449837678932,5.388874933514138,111.02392175590438,69.44298181040962,78.62492081616719,21.375079183832817,14.537765630680118,4.571489990329612,1.8440760300693173,0.42174753275376897,68.01268666960473,21.387008445738477,8.627224321414896,1.973080563241892
영월군,2020,3130960.0,94081406.36999997,683832.0,80802392.10999997,2447128.0,13279014.26,454277.0,159150.0,54710.0,15695.0,668137.0,45967398.59,30.048741079413336,5.426366851264012,118.16117425040063,68.79936089454708,78.15903109589392,21.840968904106088,14.50919206888622,5.083105501188134,1.747387382783555,0.5012839512481795,66.4310824880965,23.273260098971676,8.000503047532142,2.295154365399689
영월군,2021,3260266.0,87660598.17999996,708685.0,73870520.45999998,2551581.0,13790077.719999999,458971.0,179934.0,57202.0,12578.0,696107.0,46534583.34,26.88756015000002,5.404522811543117,104.23604346077592,66.84975634492973,78.26296995398535,21.73703004601465,14.07771635811311,5.518997529649421,1.7545194165138673,0.38579674173825085,64.76375258401123,25.389841749155124,8.071569173892492,1.7748364929411515
영월군,2022,3442117.0,91729369.83000001,818661.0,76462694.10000001,2623456.0,15266675.729999999,532355.0,211735.0,61512.0,13059.0,805602.0,48708910.06000001,26.649114434518065,5.819299325012502,93.39970280738915,60.46274718781732,76.21635173935111,23.783648260648896,15.465918212541874,6.151301655347567,1.7870397781365364,0.37938861462291956,65.02752665633272,25.863574788587705,7.5137327904957,1.5951657645838755
영월군,2023,3632915.0,92148679.29,793715.0,76933714.37999998,2839200.0,15214964.91,515645.0,203874.0,61583.0,12613.0,781102.0,49297175.52,25.364942281886584,5.35889155748098,96.92863859193788,63.11234066741604,78.15211751444777,21.847882485552237,14.193698448766348,5.611857145019909,1.6951401285193846,0.347186763246594,64.96601424944723,25.686045998878694,7.758830310627871,1.5891094410462194
영월군,2024,3715746.0,85707633.05999999,719011.0,71864059.59,2996735.0,13843573.469999999,465619.0,182716.0,58439.0,12237.0,706774.0,45493244.71999999,23.06606346612497,4.619552102538262,99.94848422346807,64.36745652782925,80.64961921509166,19.35038078490833,12.530969554969582,4.917343650507866,1.5727393637778257,0.32932821565306136,64.7582582185808,25.41212860443025,8.127692065907198,1.7019211110817496
영월군,2025,3828256.0,88497040.23,705716.0,74805886.52000001,3122540.0,13691153.71,445783.0,188160.0,58641.0,13132.0,692584.0,46539591.86000001,23.11680311609255,4.384620760662794,105.99998656683427,67.1970358252573,81.5656006285891,18.434399371410898,11.64454519238003,4.915031805605477,1.5317941119925105,0.34302826143288223,63.167478135680646,26.6622834114573,8.309433256437433,1.8608051964246242
영월군,2026,4413020.0,88804386.71,752008.0,73411536.19,3661012.0,15392850.52,500298.0,182533.0,56479.0,12698.0,739310.0,45889340.09000001,20.12326858024663,4.204534298166736,97.62068513898788,62.07049828894511,82.95933397084083,17.040666029159173,11.33686228478457,4.136237769146752,1.2798265133627311,0.2877394618651173,66.52828161402539,24.272747098435126,7.5104254210061585,1.6885458665333346
인제군,2018,4519665.0,91351162.95,675223.0,75287448.27,3844442.0,16063714.68,467991.0,136180.0,55850.0,15202.0,660021.0,44628565.85999999,20.211932289229402,4.1784255504439916,111.50012406271705,67.61688773539022,85.06033079885346,14.939669201146547,10.354550613817617,3.0130551711244085,1.235711053805979,0.3363523623985406,69.30910232619446,20.168151855016784,8.271341467929854,2.2514043508589014
인제군,2019,5282242.0,111262483.6,655984.0,92837400.74,4626258.0,18425082.86,451923.0,124234.0,61677.0,18150.0,637834.0,53519934.73000001,21.063496068525446,3.9827184000546443,141.5238797592624,83.90887712163355,87.58133383514047,12.418666164859543,8.555514874176533,2.351917992397925,1.1676291998738415,0.3436040984112428,68.89238152150052,18.938571672479817,9.402211029537305,2.766835776482353
인제군,2020,5037272.0,106707502.57999998,568811.0,90248392.11999997,4468461.0,16459110.459999999,377799.0,116150.0,55678.0,19184.0,549627.0,48484876.58,21.183589565939656,3.683395795554666,158.66147476050915,88.21414628466214,88.70795541713848,11.292044582861518,7.5000714672544975,2.305811558319662,1.1053204988731995,0.3808410584141575,66.41907417402265,20.41978794362275,9.788488619242596,3.372649263112
인제군,2021,4704572.0,106205883.12999997,609011.0,89890560.53999996,4095561.0,16315322.590000002,392765.0,135905.0,60707.0,19634.0,589377.0,49866421.41000001,22.575036183950413,3.983660013854024,147.60088165895192,84.60869937238814,87.05491169016013,12.945088309839875,8.348580912355045,2.8887856323593306,1.290383057162267,0.4173387079632324,64.49226697054733,22.315688879182808,9.968128654490641,3.223915495779223
인제군,2022,5031900.0,116829448.24000002,690201.0,99016782.92999999,4341699.0,17812665.31,446877.0,151867.0,69033.0,22424.0,667777.0,53939203.859999985,23.21776033704963,4.102694661698105,143.4607932037189,80.77427623293403,86.28349132534431,13.716508674655698,8.880879985691289,3.018084620123611,1.3719072318607286,0.4456368369800672,64.74592184015961,22.00330048782891,10.001869020763516,3.24890865124797
인제군,2023,4931836.0,106235024.11000001,676119.0,88553513.73000002,4255717.0,17681510.38,444661.0,150606.0,62555.0,18297.0,657822.0,51405321.80000001,21.54066439151667,4.154766489407073,130.9732661410196,78.14472881721805,86.2907241846647,13.709275815335303,9.016135167511653,3.0537511790740814,1.2683917307874797,0.37099773796208957,65.76667716777668,22.27507287918251,9.252069532138574,2.7061804209022378
인제군,2024,4795748.0,96242937.98,614584.0,81139631.37,4181164.0,15103306.61,399639.0,139197.0,59118.0,16630.0,597954.0,47666278.480000004,20.068389327379172,3.6122253539923332,132.02366376280543,79.71562775731913,87.18481454822063,12.815185451779367,8.333194321302955,2.902508638902628,1.2327169817930383,0.34676550978074744,65.0259362430522,22.648978821446704,9.619189565624877,2.705895369876209
인제군,2025,5013497.0,97599222.22999996,605160.0,82467565.59999996,4408337.0,15131656.63,388066.0,138269.0,61789.0,17036.0,588124.0,47459321.21,19.46729443141184,3.432509045928204,136.2739863837662,80.69611376172372,87.9293834223896,12.0706165776104,7.7404254954176706,2.757935229641107,1.2324531160585117,0.3398027364931105,64.1261815057175,22.84833762971776,10.210357591380792,2.8151232731839513
인제군,2026,6973087.0,102941360.0,632428.0,87425078.59,6340659.0,15516281.41,406288.0,141422.0,66402.0,18316.0,614112.0,50653633.71999999,14.762666807398215,2.447108638076894,138.23720421929454,82.4827290787348,90.9304444358718,9.069555564128198,5.826515573375178,2.0281117961098145,0.9522611721322278,0.26266702251097684,64.24256990519079,22.3617550140095,10.499535124947029,2.896139955852682
정선군,2018,4175981.0,142068145.46,1346426.0,118766687.01999998,2829555.0,23301458.439999998,920757.0,303493.0,100975.0,21201.0,1325225.0,77465108.04999998,34.020304560772665,8.23502580441094,88.20884847737639,58.45430628761152,67.75785138869166,32.24214861130834,22.048879053807955,7.267585748115233,2.4179947178878445,0.5076890914973032,68.3852658816749,22.540637212888047,7.499483818642837,1.5746130867942238
정선군,2019,4159890.0,147828001.78,1343255.0,124639716.44,2816635.0,23188285.339999996,918773.0,304725.0,99713.0,20044.0,1323211.0,81492598.49000001,35.536517018478854,8.232619895726637,92.78931881139471,61.5870019898565,67.70936250718168,32.29063749281832,22.086473440403473,7.325313890511528,2.397010497873742,0.48183966402957773,68.39900093429766,22.685566031766122,7.423236838872738,1.4921961950634839
정선군,2020,3213127.0,123881950.56000005,884708.0,107957376.14000003,2328419.0,15924574.420000002,576331.0,210591.0,76997.0,20789.0,863919.0,61808068.009999976,38.55494991638987,6.839221987107991,122.02599743644234,71.5438229857197,72.465825347084,27.534174652915993,17.93676378182375,6.5540826739808296,2.3963260711450247,0.6470021259663872,65.14364061362619,23.803447013025767,8.70309751918147,2.3498148541665724
정선군,2021,3088398.0,108173572.60000001,848254.0,93021940.63000001,2240144.0,15151631.969999999,558563.0,198873.0,73761.0,17057.0,831197.0,57095877.23,35.02578767373895,6.763686606753851,109.66283758166777,68.69114930636178,72.53417467567328,27.46582532432672,18.085849038886828,6.439357880687657,2.3883255979313547,0.5522928068208826,65.84855479608703,23.444982281250663,8.69562654582236,2.010836376839956
정선군,2022,4012756.0,134513993.96999997,1249474.0,113036226.14999998,2763282.0,21477767.82,822432.0,309475.0,98990.0,18577.0,1230897.0,73741391.11,33.521598116107725,7.772557350281296,90.4670494544104,59.908661009004,68.86244765443003,31.13755234556998,20.495440041706996,7.712280537366338,2.466883109762966,0.4629486567336763,65.822258006169,24.76842255220997,7.922533802223976,1.4867856393970582
정선군,2023,4502481.0,137681596.46,1457735.0,114219394.04000004,3044746.0,23462202.42,984784.0,351145.0,105085.0,16721.0,1441014.0,79372608.93999998,30.57905107428549,7.705799570801637,78.3540177329899,55.08108105819928,67.62373900078646,32.37626099921355,21.872030109621786,7.798922416330019,2.3339354458130974,0.3713730274486444,67.55576287871253,24.088397411052075,7.208786233437491,1.147053476797909
정선군,2024,4736246.0,129603861.01999998,1327748.0,107633736.89999998,3408498.0,21970124.12,898582.0,316686.0,96314.0,16166.0,1311582.0,73960510.96,27.36425874416151,6.4456907764065,81.06488347186362,56.39030648484044,71.96623655105753,28.033763448942473,18.97245202212892,6.686434784004041,2.033551466710133,0.34132517609938334,67.6771495795889,23.85136336111973,7.253936741008083,1.2175503182832887
정선군,2025,4891038.0,132096985.07000001,1333039.0,110330229.02000001,3557999.0,21766756.05,880493.0,332595.0,104099.0,15852.0,1317187.0,76879397.47,27.00796539916476,6.117695943703189,82.76594234677306,58.36635000952788,72.74527411154851,27.254725888451492,18.002170500413207,6.800090287583127,2.128362118634122,0.3241029818210368,66.05155588096072,24.95013274180275,7.809148869612967,1.189162507623558
정선군,2026,4760881.0,128801847.22999999,1259569.0,108178852.86,3501312.0,20622994.37,824616.0,318139.0,101037.0,15777.0,1243792.0,74812096.28999998,27.054204301682816,5.890076168590517,85.88561076050617,60.148398036006,73.54336308763021,26.45663691236979,17.32065976864366,6.682355639638966,2.122233258928337,0.3313882451588267,65.46810853553875,25.257766744021172,8.0215534043788,1.2525713160612877
철원군,2018,2664653.0,87652655.82999998,549864.0,74828624.99,2114789.0,12824030.84,399876.0,84495.0,49968.0,15525.0,534339.0,43195766.370000005,32.89458546009555,6.06397651964333,136.0856957174865,80.83962871884704,79.3645176313764,20.635482368623606,15.006681920685358,3.1709569688811263,1.8752160224989896,0.5826274565581334,72.72270961546855,15.366526995766225,9.08733795993191,2.8234254288333114
철원군,2019,3309298.0,112757314.58000003,513044.0,97456054.23000002,2796254.0,15301260.350000001,352882.0,83566.0,56854.0,19742.0,493302.0,54272772.86000001,34.07288028458,5.472056669386974,189.95652269590917,110.01936513535321,84.49689329882048,15.503106701179526,10.663349145347443,2.525188121468662,1.718007867529609,0.5965615668338119,68.78201479795105,16.28827157124925,11.081700594880752,3.8480130359189464
철원군,2020,3003276.0,99439782.94999999,414403.0,86133212.42999999,2588873.0,13306570.52,284880.0,67150.0,42992.0,19381.0,395022.0,43149001.06000001,33.110437718677865,5.139908570254315,207.8489113978422,109.2318935654217,86.20163448181253,13.798365518187472,9.48564167928622,2.2358917395537405,1.4315034648830145,0.6453286344644981,68.7446760761867,16.204033271959904,10.374442269964263,4.676848381889127
철원군,2021,3012389.0,100496152.46000002,416264.0,87427267.00000003,2596125.0,13068885.459999999,283245.0,70470.0,42590.0,19959.0,396305.0,43534427.13999999,33.3609478921879,5.033996999374066,210.02841225760582,109.85081475126479,86.18159872446752,13.818401275532477,9.402670106682768,2.339339308435929,1.4138280281862667,0.6625638322275111,68.04455826110353,16.92916034055311,10.231487709722677,4.7947936886206834
철원군,2022,3592142.0,107876926.43000002,531027.0,92322039.88000003,3061115.0,15554886.55,373388.0,86177.0,51233.0,20229.0,510798.0,49442624.79,30.031364692709815,5.081444686004937,173.8556417658613,96.79486761890219,85.21698195672666,14.783018043273344,10.394577942631445,2.3990421314079455,1.4262520802351355,0.5631458889988202,70.31431546795173,16.22836503605278,9.647908675076785,3.8094108209187105
철원군,2023,3626748.0,108420807.26000002,559726.0,92720481.78,3067022.0,15700325.479999997,384675.0,97639.0,56538.0,20874.0,538852.0,50916487.95000001,29.894772744067144,5.119078206807775,165.65334070598828,94.49067267078902,84.56672479036315,15.433275209636843,10.606609557653304,2.6921914618826563,1.5589172448706115,0.5755569452302725,68.725590735467,17.444070848951093,10.101013710279673,3.729324705302237
철원군,2024,3620421.0,98613073.05999999,507312.0,83777075.67000002,3113109.0,14835997.389999999,344184.0,91656.0,54367.0,17105.0,490207.0,47566909.09999999,27.23801266758755,4.7656530465203755,165.13915631800552,97.03433263906878,85.98748598574586,14.012514014254144,9.506739685798973,2.531639276205723,1.5016761862777837,0.4724588659716646,67.84463998486139,18.066988362191314,10.716679282177436,3.371692370769862
철원군,2025,3499302.0,99317613.61,476759.0,85402842.14999999,3022543.0,13914771.46,315560.0,88762.0,54509.0,17928.0,458831.0,47212329.70999999,28.382121237321044,4.603663689813511,179.13210269758932,102.89699194256707,86.37559719052543,13.624402809474576,9.01779840665367,2.5365630059937665,1.5577106520100295,0.5123307448171093,66.18857745737364,18.617792217871084,11.433239854937192,3.760390469818084
철원군,2026,3341749.0,95686468.60000001,461338.0,82732720.38000001,2880411.0,12953748.219999999,302725.0,86897.0,53992.0,17724.0,443614.0,45114805.62000001,28.633649205849995,4.49718745692889,179.33211740632683,101.69833598578947,86.19471420504652,13.80528579495348,9.058879048067345,2.600344909207723,1.6156808904558662,0.5303809472225472,65.618917149682,18.835864377094452,11.703349821605851,3.841868651617686
춘천시,2018,13887733.0,513638853.08,2595319.0,453241772.4200001,11292414.0,60397080.66,1884600.0,368380.0,250902.0,91437.0,2503882.0,257364312.34,36.98507546768072,5.348464965949707,174.6381745057159,102.7861186509588,81.31214792219868,18.687852077801324,13.570249370433604,2.6525567563834933,1.8066447562031902,0.6584011947810344,72.61535094529805,14.19401622690698,9.667482109135717,3.523150718659248
춘천시,2019,15148686.0,607652787.3300003,2504542.0,548536777.0700002,12644144.0,59116010.260000005,1760518.0,355623.0,270422.0,117979.0,2386563.0,284746034.25,40.112573944037145,4.67536673577903,219.01680110375477,119.3121800053047,83.46693568009793,16.533064319902067,11.621588829552609,2.3475501439530797,1.7851185244713634,0.7788068219250172,70.2930116564226,14.19912303327315,10.79726353161576,4.710601778688479
춘천시,2020,14173644.0,590437602.33,2186040.0,536697307.06,11987604.0,53740295.27,1482234.0,337961.0,241087.0,124758.0,2061282.0,254948462.56000003,41.657431379679075,4.4829888666659325,245.51120156081316,123.68441705695777,84.5767256465592,15.423274353440794,10.457677644506944,2.3844326836486087,1.7009528389452986,0.8802111863399419,67.80452324751606,15.459964136063384,11.02848072313407,5.707031893286491
춘천시,2021,13606756.0,481682374.03000003,2102836.0,429830326.04999983,11503920.0,51852047.98,1455858.0,332270.0,220712.0,93996.0,2008840.0,222545781.64000005,35.40023603201234,4.50733732327763,204.40506347142613,110.78322894804964,84.54564776497793,15.454352235022073,10.699523089853304,2.4419486907827257,1.6220765625546603,0.6908038918313814,69.23307381079647,15.80104202134641,10.495920747029249,4.469963420827872
춘천시,2022,16501379.0,615256706.6899999,2709564.0,552937237.4399999,13791815.0,62319469.250000015,1873216.0,425930.0,279179.0,131239.0,2578325.0,275679982.64000005,37.28516911768404,4.518583612816733,204.06871269325984,106.9221229441595,83.57977233296684,16.42022766703316,11.351875500829355,2.5811782154691434,1.691852541536074,0.7953214091985887,69.1334842063151,15.719503211586808,10.30346579744933,4.843546784648748
춘천시,2023,16717911.0,586140428.54,2773469.0,524503166.62,13944442.0,61637261.92,1938223.0,435168.0,284838.0,115240.0,2658229.0,278604785.8300001,35.060626207425074,4.420202824896113,189.11448681056106,104.80842163335066,83.41019401287637,16.58980598712363,11.593691340981538,2.6030046457359415,1.703789426800992,0.6893205736051592,69.88442993233383,15.690386299612507,10.270098566091779,4.155085201961875
춘천시,2024,15893647.0,499923701.88000005,2548598.0,443089989.7800001,13345049.0,56833712.10000001,1803162.0,397435.0,253498.0,94503.0,2454095.0,245475004.40000004,31.454310132847425,4.258786318431652,173.85636721836872,100.02669187623137,83.96467469045965,16.035325309540347,11.345174584536828,2.5005903302118138,1.5949643275706324,0.5945960672210726,70.7511345453461,15.594260059844666,9.946566700593817,3.7080386942154075
춘천시,2025,15803682.0,531814885.3600002,2501285.0,473296749.41000015,13302397.0,58518135.949999996,1745575.0,402861.0,253025.0,99824.0,2401461.0,249504085.88,33.65132792218928,4.399067021530029,189.22143994386892,103.896788613265,84.17277062395966,15.827229376040345,11.045369047542213,2.549159113679964,1.601050944963332,0.6316502698548351,69.78712941548044,16.106161433023424,10.115800478554023,3.9909086729421075
춘천시,2026,15625574.0,501341553.82000023,2444856.0,445048636.9100002,13180718.0,56292916.91,1706022.0,396814.0,247534.0,94486.0,2350370.0,241740287.26000005,32.08468078164682,4.270853599174187,182.0347034385666,102.85201362338698,84.35349638995662,15.64650361004338,10.918139711219569,2.539516308328897,1.5841594043201228,0.6046881861747927,69.78006066614967,16.230567362658576,10.124686280091751,3.8646856911000076
평창군,2018,8962496.0,225144251.49000004,1760398.0,191214702.94000003,7202098.0,33929548.55,1116092.0,457422.0,141364.0,45520.0,1714878.0,103698092.58,25.120708727791904,4.71106454674735,108.62015461276373,60.46966173686991,80.3581725447911,19.641827455208908,12.452914902277223,5.10373449539057,1.5772838280764645,0.5078942294646491,63.39998114062843,25.98401043400413,8.030229527640909,2.585778897726537
평창군,2019,7780573.0,196021009.51999995,1975067.0,164328151.24999997,5805506.0,31692858.269999996,1260645.0,541005.0,146038.0,27379.0,1947688.0,106102858.54000002,25.193646987182042,5.45910352517076,83.20130468991684,54.47631167825649,74.61540428963265,25.384595710367346,16.202469920917135,6.953279662050598,1.8769568770834744,0.35188925031614,63.827961279288246,27.39172898944694,7.394078276838203,1.3862314544266092
평창군,2020,7718465.0,223893463.27999997,1846832.0,193274221.80999997,5871633.0,30619241.470000003,1201127.0,463936.0,143949.0,37820.0,1809012.0,110229239.69999999,29.007511633465977,5.214774402623598,104.65176140006236,60.9333933108238,76.07254810380043,23.927451896199567,15.561734101275318,6.0107288171935735,1.8649951771498605,0.48999380058081493,65.03715551820632,25.1206390186005,7.794374366482712,2.047831096710475
평창군,2021,7327040.0,186282431.00000003,1746419.0,156890361.8,5580621.0,29392069.2,1145606.0,438771.0,132594.0,29448.0,1716971.0,98001486.07000001,25.423968068961003,5.2668097690203295,89.83546434160417,57.078125413882944,76.1647404681836,23.835259531816394,15.635317945582392,5.98838002795126,1.8096530113115257,0.40190854697121897,65.59743108612538,25.124039534613402,7.592336088876725,1.6861932903844954
평창군,2022,8137264.0,214982981.43,2171015.0,180030169.83,5966249.0,34952811.6,1380110.0,597650.0,161942.0,31313.0,2139702.0,114156544.76999998,26.419565769280684,5.858423206942922,82.92442467233069,53.35160913529079,73.32008645657804,26.679913543421968,16.96036898888865,7.344606246030606,1.9901283773022482,0.3848099312004625,63.56980490692141,27.528598374493036,7.459275960783321,1.4423207578022261
평창군,2023,8456781.0,208033052.86000007,2206065.0,172642467.28,6250716.0,35390585.58,1379385.0,635037.0,163469.0,28174.0,2177891.0,114972135.33999999,24.59955541712622,5.661845071828571,78.25810539580657,52.79058288041045,73.91365579881992,26.086344201180093,16.310993509232414,7.5092047435070155,1.9329931802656353,0.3331527681750302,62.526942769138714,28.78596052246874,7.409981120229911,1.2771155881626335
평창군,2024,8573153.0,199170704.05,2011926.0,165847026.45000002,6561227.0,33323677.599999998,1254899.0,569720.0,159640.0,27667.0,1984259.0,110230554.31,23.231908266421936,5.078878935296705,82.43197137966308,55.55250313089169,76.53225131990528,23.46774868009471,14.63754350353948,6.645396390336204,1.8620920447821239,0.32271674143690193,62.37301968362654,28.317144865169,7.934685470539176,1.375149980665293
평창군,2025,8873297.0,201126613.71,1929410.0,169281284.75999996,6943887.0,31845328.95,1170238.0,559677.0,170255.0,29240.0,1900170.0,109832647.69999999,22.666503072082453,4.586095503858286,87.73733149512024,57.8014849723972,78.25599661546323,21.74400338453677,13.18831095138594,6.307430034180079,1.9187343779882495,0.32952802098250517,60.65263474326349,29.00767592165481,8.824200144085498,1.5154891909962114
평창군,2026,8803584.0,193115669.36,1857936.0,162265692.42000005,6945648.0,30849976.94,1098061.0,567420.0,164870.0,27585.0,1830351.0,105948603.78000002,21.93602848112769,4.441626892120073,87.33653496137651,57.884309501292385,78.8956861205618,21.10431387943819,12.472886042775306,6.445329538515223,1.8727600031986973,0.31333829494896626,59.101120813634054,30.540341540289873,8.8738255784914,1.4847120675846748
홍천군,2018,7452967.0,185913824.27999997,2036764.0,145218272.54999995,5416203.0,40695551.730000004,1537442.0,381255.0,95469.0,22598.0,2014166.0,98335538.18000002,24.944941293849816,7.513668104758999,71.2985267561681,48.82196312518433,72.67176951139056,27.328230488609435,20.628589929352966,5.115479513058356,1.2809529412917031,0.3032081049064084,75.48454312821711,18.71866352704584,4.687288267074634,1.1095050776624096
홍천군,2019,7939509.0,208137112.80999994,1994068.0,167566330.68999994,5945441.0,40570782.120000005,1488071.0,375136.0,104126.0,26735.0,1967333.0,108137022.86000001,26.215363293876226,6.8238474017318484,84.03240545959312,54.966303549017894,74.88424032266983,25.115759677330175,18.742607382899877,4.7249269444747775,1.3114916804049217,0.3367336695505982,74.62488741607608,18.812598166160832,5.221787822682075,1.3407265950810103
홍천군,2020,7575162.0,204945730.42,1590327.0,171049310.39,5984835.0,33896420.03,1160040.0,305630.0,92126.0,32531.0,1557796.0,96944014.51000004,27.05496336844017,5.663718386555352,107.55606261479556,62.231521014304846,79.0060331383012,20.993966861698798,15.31373190434739,4.0346331867226075,1.2161588095409708,0.42944296108782887,72.94348898056815,19.218060185106587,5.792896680997052,2.0455541533282147
홍천군,2021,7299651.0,181402275.57,1630378.0,145985152.01,5669273.0,35417123.56,1191976.0,322385.0,91490.0,24527.0,1605851.0,93908157.68999998,24.850814863614712,6.247207280369106,89.54067830282303,58.478749080705484,77.66498699732357,22.33501300267643,16.329219027046634,4.416444019035978,1.2533475915492398,0.3360023650445754,73.11040752512608,19.77363531647262,5.611582099365914,1.5043750590353895
홍천군,2022,8705104.0,212136182.92,2142152.0,168296459.67999998,6562952.0,43839723.24,1557354.0,448549.0,110265.0,25984.0,2116168.0,111722784.22000003,24.36917271982046,6.6798786948312285,78.56420071031373,52.794855710888754,75.3919999117759,24.608000088224106,17.890125149567425,5.15271270739557,1.2666706796380605,0.2984915516230478,72.70044329253946,20.939177051861865,5.1473938357315445,1.2129858198671244
홍천군,2023,8513102.0,202651236.40000007,2061626.0,161065852.7500001,6451476.0,41585383.65,1489722.0,439214.0,108131.0,24559.0,2037067.0,108943544.61,23.804629193917805,6.445871247137864,78.1256409989009,53.48058979405194,75.78290498575019,24.2170950142498,17.4991677534229,5.1592709684437,1.2701715543875782,0.28848473799562135,72.25956599305596,21.304252080639262,5.244937733614147,1.1912441926906239
홍천군,2024,10753383.0,188444492.76,1872675.0,150597246.52000004,8880708.0,37847246.24,1341019.0,409739.0,98146.0,23771.0,1848904.0,98920008.89,17.524205430049314,4.261737492100855,80.41825010746662,53.5019713787195,82.58524782387087,17.41475217612913,12.470670857719846,3.810326480513156,0.9126988223148008,0.22105601558132915,71.60980949710975,21.87987771503331,5.240952113954637,1.2693606739023056
홍천군,2025,12399658.0,196942633.34000003,1886162.0,158790012.14000005,10513496.0,38152621.2,1321368.0,434885.0,104224.0,25685.0,1860477.0,101913570.12999998,15.882908491508397,3.6289186013862564,84.1868366237895,54.7781940491605,84.78859658871237,15.211403411287632,10.65648746118643,3.5072338285459166,0.8405393116487568,0.2071428099065313,70.05591248259694,23.056609135376494,5.525718363533992,1.361760018492579
홍천군,2026,12454657.0,193014627.76,1833767.0,155102993.23999998,10620890.0,37911634.519999996,1283681.0,422569.0,102168.0,25349.0,1808418.0,100695635.46999995,15.497386058885443,3.5695346171554356,84.5816252773662,55.6816153510969,85.27645522474043,14.723544775259567,10.306835427101687,3.392859393879735,0.8203196603487355,0.2035302939294113,70.00240488568068,23.043767283411686,5.571482091236237,1.3823457396713976
