region,visits,spend,months,spend_per_visit,visits_26,spend_26,months_26,spend_per_visit_26,visit_change,spend_change,per_visit_change
함양군,4729314.0,52195787000.0,8,11036.650770069402,5516530.0,47272471000.0,8,8569.24026516669,16.645458516816603,-9.432401124634826,-22.356515181164827
인제군,5809011.0,74322722000.0,8,12794.384792867495,8035452.0,80518629000.0,8,10020.42311994397,38.32736760181725,8.3364909589829,-21.681086803563467
진도군,3485930.0,35759408000.0,8,10258.21172542191,3492625.0,29365621000.0,8,8407.894062488816,0.19205778658779593,-17.880013561745766,-18.037429061321042
제주시,39557362.0,1322540116000.0,8,33433.476074567356,39206919.0,1131135825000.0,8,28850.41349461813,-0.8859109462354908,-14.47247525306824,-13.708005023849534
울릉군,1192872.0,26602548000.0,8,22301.259481319034,952200.0,18675033000.0,8,19612.511027095148,-20.175844516427578,-29.799833459561842,-12.056487018036599
홍천군,13435801.0,307643355000.0,8,22897.28427802704,15132799.0,312885010000.0,8,20675.950959237613,12.630419280547557,1.7038089446137938,-9.701295978235681
음성군,11779580.0,320436534000.0,8,27202.712999954158,12805374.0,317688872000.0,8,24809.02720998231,8.708239173213306,-0.857474634899158,-8.799437725111769
옥천군,7190702.0,98373728000.0,8,13680.684862201215,8311604.0,104328099000.0,8,12552.101736319488,15.588213779405692,6.052806090666807,-8.249463658065281
삼척시,8262615.0,123920076000.0,8,14997.682452831215,8192103.0,112888552000.0,8,13780.167558928397,-0.8533860043097752,-8.902128174937529,-8.118020219003775
순창군,3039032.0,26202250000.0,8,8621.906580779669,3142228.0,25136704000.0,8,7999.643565011832,3.3956865212343867,-4.066620232995255,-7.21723217408795
군위군,5313364.0,161659146000.0,8,30425.008713876934,4983535.0,140885887000.0,8,28270.27140373249,-6.207536317858143,-12.850036335092351,-7.0821255316901865
평택시,31582863.0,752249188000.0,8,23818.27094016144,37993040.0,843247316000.0,8,22194.78399201538,20.296377184044402,12.09680641090969,-6.816141071804682
광명시,26394523.0,373390372000.0,8,14146.509561851146,30498909.0,408996830000.0,8,13410.211821019566,15.550142732263051,9.535987178587458,-5.204801492639232
익산시,15896907.0,228105003000.0,8,14349.017893858221,17646074.0,240392648000.0,8,13623.010308128596,11.003190746476665,5.386837131318867,-5.059632590188468
계룡시,3381355.0,38628605000.0,8,11424.001620652076,3442408.0,37363626000.0,8,10853.921441037784,1.805577941387404,-3.2747208965998142,-4.990196942757008
무안군,10315484.0,159150526000.0,8,15428.313979256814,11200698.0,164233315000.0,8,14662.775034198761,8.581410237270504,3.193699152461482,-4.961909292793177
충주시,20301985.0,375928960000.0,8,18516.857341782095,20089071.0,357536376000.0,8,17797.55649228379,-1.0487348897164517,-4.892569064112539,-3.884573047259199
상주시,8940339.0,105164317000.0,8,11762.900377714985,9297281.0,105642286000.0,8,11362.707656141618,3.9924884280115203,0.45449731775464297,-3.4021602557438912
거제시,15143059.0,174769662000.0,8,11541.23892669242,15429362.0,172089998000.0,8,11153.409842869718,1.89065498589156,-1.533254667506312,-3.360376527044562
동두천시,6688872.0,81517098000.0,8,12186.972332554727,6713602.0,79217399000.0,8,11799.537565676368,0.36971854148202254,-2.821124716682133,-3.179089574556726
서천군,7005439.0,70974586000.0,8,10131.354508975097,6991106.0,68582607000.0,8,9809.979565465035,-0.2045981700789956,-3.370190845495036,-3.1720826985706996
양산시,23433788.0,363066917000.0,8,15493.308934944705,24808015.0,372895478000.0,8,15031.250102033557,5.864297312922684,2.7070935245802064,-2.9823121377834827
안동시,11100086.0,172849081000.0,8,15571.868632369155,11726312.0,177466240000.0,8,15134.01997149658,5.641631965734328,2.6712083010727694,-2.81179267054964
함평군,3843215.0,90634778000.0,8,23583.06209774889,3949343.0,90628729000.0,8,22947.79891237606,2.7614380147870987,-0.006674038524157044,-2.693726466646884
순천시,16920457.0,263137281000.0,8,15551.428723231293,18379222.0,278302761000.0,8,15142.249274751674,8.621309696304301,5.763333854620156,-2.6311373428241525
서귀포시,29438105.0,709330188000.0,8,24095.647053368415,29571424.0,694082508000.0,8,23471.39278784816,0.4528790151404172,-2.149588479096287,-2.590734600891287
영월군,4842164.0,68527068000.0,8,14152.157589044898,5571271.0,76890095000.0,8,13801.176607635853,15.057461911657688,12.203976098904445,-2.480052806087585
고창군,5812291.0,80201986000.0,8,13798.687299035784,6246870.0,84320988000.0,8,13498.117937463081,7.476896803687216,5.135785540273274,-2.1782460538380843
문경시,6999119.0,139175861000.0,8,19884.7684972923,8184656.0,159242185000.0,8,19456.18545238798,16.93837467258379,14.417962896597425,-2.1553333394989216
세종특별자치시,20890638.0,316803266000.0,8,15164.843984180856,22638466.0,336304910000.0,8,14855.463705005453,8.36656113614147,6.155758507868403,-2.04011514723218
고령군,4074740.0,40182477000.0,8,9861.35974319834,4172886.0,40333824000.0,8,9665.690363935175,2.4086444779298777,0.37664925435034746,-1.9842028316442217
진천군,8606038.0,206749543000.0,8,24023.777608232733,9417565.0,222423029000.0,8,23617.891567512408,9.429739910513991,7.580904785845166,-1.6895179739810362
의정부시,27963671.0,534218714000.0,8,19104.026577912464,29950039.0,562819022000.0,8,18791.929519691108,7.103387820576201,5.3536701823590604,-1.6336716081739255
증평군,3931643.0,82688886000.0,8,21031.63639221567,4089954.0,84679133000.0,8,20704.17735749595,4.026586340621474,2.40690992015542,-1.5569831496369924
영광군,4638758.0,50201461000.0,8,10822.177186220966,4648001.0,49563089000.0,8,10663.312895156434,0.1992559215203693,-1.271620361805803,-1.4679513034290492
진주시,14685263.0,218946064000.0,8,14909.236831509248,15293406.0,224850024000.0,8,14702.416453208658,4.141178813072677,2.696536257441018,-1.387196277300362
오산시,19820492.0,337348689000.0,8,17020.19753091901,21615308.0,362805855000.0,8,16784.672001897914,9.05535543719096,7.5462472006227355,-1.3838002090941548
보성군,4667080.0,60866081000.0,8,13041.576531792898,4790504.0,61637720000.0,8,12866.646181696122,2.64456576703207,1.2677652106433568,-1.3413282487000688
성주군,4996993.0,131542547000.0,8,26324.340858592357,5165392.0,134263479000.0,8,25992.892504576612,3.37000672204264,2.0684805502511727,-1.2590945991628133
가평군,17835508.0,318761491000.0,8,17872.296712827017,17548496.0,309694967000.0,8,17647.94926015312,-1.609216849892925,-2.8442971488045865,-1.2552804839731757
구미시,17611986.0,327298078000.0,8,18583.8256968862,17979732.0,330059303000.0,8,18357.29826228778,2.0880439037369136,0.8436422898884244,-1.2189494149010272
장수군,1775582.0,23982893000.0,8,13507.060220254541,1767452.0,23613185000.0,8,13360.014868862068,-0.45787803660997106,-1.5415488031406355,-1.088655480871925
옹진군,4177962.0,37071973000.0,8,8873.219287298449,4835439.0,42526704000.0,8,8794.796915026744,15.736787457616884,14.713894510011638,-0.8838096944585039
파주시,33957321.0,811770752000.0,8,23905.618231779827,35947133.0,852734706000.0,8,23721.91145257676,5.85974376482763,5.046246603376026,-0.7684669663085564
이천시,23501886.0,588338989000.0,8,25033.692572587577,25305472.0,629401244000.0,8,24872.14006520013,7.674218145726686,6.979353020576373,-0.6453403025503013
강화군,11030705.0,148218494000.0,8,13436.901267870006,11592484.0,154798862000.0,8,13353.381553082152,5.092865777844668,4.4396403056153,-0.6215697587029556
평창군,11732273.0,221439205000.0,8,18874.365180557936,11816839.0,222505159000.0,8,18829.49907331394,0.7207980925776347,0.4813754637531309,-0.2377092252629165
김천시,9678449.0,171565208000.0,8,17726.51878415643,10343904.0,183217079000.0,8,17712.56568119735,6.87563678849783,6.791511598318922,-0.0787131592445034
홍성군,7992051.0,125250700000.0,8,15671.90950107801,8845587.0,138565275000.0,8,15664.904432006604,10.679811727928158,10.63033979051613,-0.044698248614327696
곡성군,3664770.0,54503942000.0,8,14872.404543804932,3659904.0,54430115000.0,8,14872.00620562725,-0.13277777322997508,-0.13545258799813054,-0.002678371049602557
서산시,11943236.0,212164029000.0,8,17764.36712797101,12086822.0,215253776000.0,8,17808.963845086822,1.202236981668947,1.4563010584607738,0.2510459100205864
포천시,18073959.0,452029762000.0,8,25010.002623110962,19373839.0,485984523000.0,8,25084.575287324315,7.192004806473218,7.511620661827134,0.2981713570251454
시흥시,35789519.0,824223899000.0,8,23029.756253499803,37762705.0,872753914000.0,8,23111.53064908883,5.5133068427100085,5.887965037034193,0.3550814636893884
하남시,36458146.0,903009135000.0,8,24768.377827001954,39366559.0,981530430000.0,8,24933.101976223017,7.97740236160116,8.69551502377659,0.6650582867057331
태백시,3695132.0,63529802000.0,8,17192.836954133167,3672550.0,63628391000.0,8,17325.39815659419,-0.6111283710568349,0.15518543564798648,0.7710257638961382
영주시,5916900.0,74743803000.0,8,12632.25726309385,6115623.0,77902821000.0,8,12738.329520966221,3.358566141053587,4.226461423163075,0.8396936166133129
아산시,25309609.0,462104745000.0,8,18258.07522352479,27943423.0,514957566000.0,8,18428.578560328846,10.406379648140751,11.437411446619095,0.9338516503884842
김포시,33161026.0,858213117000.0,8,25880.173822124805,35067268.0,916387364000.0,8,26132.271381962233,5.748440955958367,6.778531561409351,0.9740953116084139
완도군,4232128.0,31471170000.0,8,7436.251928108035,4527207.0,34016327000.0,8,7513.755611351547,6.972355278479281,8.087265265320621,1.0422412257250047
강진군,3876940.0,33497745000.0,8,8640.253653654687,3983895.0,34817993000.0,8,8739.686412417997,2.7587478784814934,3.941304108679544,1.1508083298139349
거창군,4237746.0,47079016000.0,8,11109.447333558925,4317852.0,48608049000.0,8,11257.460654047429,1.8902973420304114,3.2478015258432746,1.3323193858743254
논산시,11377260.0,181011316000.0,8,15909.92172104707,11667922.0,188531236000.0,8,16158.081618989225,2.55476274603903,4.154392203855362,1.5597807600389757
원주시,22557703.0,448560860000.0,8,19885.041486715203,23349185.0,473175922000.0,8,20265.200776815123,3.5086994451518416,5.487563493613767,1.9117852500026178
경산시,19480222.0,300075028000.0,8,15404.086668006144,20804626.0,327021843000.0,8,15718.708089248998,6.798711020849768,8.9800258220754,2.0424542397331047
보은군,4992488.0,54232429000.0,8,10862.806079854374,5675079.0,62974191000.0,8,11096.619271731724,13.6723613557008,16.119067799821394,2.1524198274234907
연천군,6106550.0,59428380000.0,8,9731.907541901728,6157046.0,61254660000.0,8,9948.709169949356,0.8269153613742697,3.0730772065467704,2.2277403182692224
안성시,22479630.0,675070799000.0,8,30030.33408468022,24918766.0,765404124000.0,8,30715.972211465047,10.850427698320653,13.38131128376654,2.283151845235709
남원시,7041842.0,109807715000.0,8,15593.606758004511,7114482.0,113544939000.0,8,15959.691654290502,1.0315482795552722,3.4034257064724516,2.347660178733646
광주시,30578816.0,540460752000.0,8,17674.351812705892,31393177.0,570998103000.0,8,18188.60521826128,2.6631541260459635,5.65024396073075,2.909602632135555
화순군,8160155.0,96305711000.0,8,11801.946286559507,8762630.0,106864840000.0,8,12195.521207673952,7.383131815510868,10.964177399614439,3.3348306419820117
단양군,6337614.0,92920393000.0,8,14661.731213040113,6138506.0,93138200000.0,8,15172.779826231334,-3.1416870765559435,0.23440172062121345,3.4855952940720636
구리시,29816698.0,399233767000.0,8,13389.603603993977,31948157.0,444043272000.0,8,13898.869721968626,7.1485413978435774,11.223876511427445,3.8034443217029867
횡성군,7553340.0,167457505000.0,8,22169.994333632538,7629459.0,176124782000.0,8,23084.8323583625,1.0077528616479592,5.175806841263997,4.126469366490215
광양시,9672622.0,192435865000.0,8,19894.901816694583,9924852.0,205714675000.0,8,20727.22847655562,2.60766935790524,6.900382109125025,4.183617830989261
청송군,3005144.0,33630711000.0,8,11191.04808288721,3059023.0,35683800000.0,8,11665.09699338645,1.7928924537393254,6.1048040286748595,4.235965273209152
달성군,20141519.0,242775955000.0,8,12053.50773196401,20827238.0,262153799000.0,8,12587.065025136795,3.404504893598137,7.981780568013841,4.426572787254912
남양주시,46604629.0,859512785000.0,8,18442.64836868458,48290063.0,930302135000.0,8,19264.8772274329,3.616451919400543,8.235985692754987,4.458301445168011
여주시,15932558.0,678408679000.0,8,42580.02255507245,16084376.0,715757669000.0,8,44500.182599561216,0.9528790041122059,5.5053821031673555,4.509532708690456
태안군,11485083.0,173464168000.0,8,15103.43181673132,12187572.0,192442741000.0,8,15790.080337576672,6.116533942331981,10.940918357271334,4.54630794628208
김해시,29261007.0,579877992000.0,8,19817.431163595975,31838927.0,660877689000.0,8,20756.908327972233,8.8100864061172,13.968403374066995,4.740660666969032
장흥군,3572722.0,38515277000.0,8,10780.373339991189,3653712.0,41268471000.0,8,11294.943608034788,2.2668990198509764,7.148316757529738,4.77321380081277
예산군,9821603.0,164937823000.0,8,16793.37100064012,10981851.0,193394931000.0,8,17610.41294404741,11.813224378953201,17.253233662481414,4.865264653392987
동해시,7855585.0,133794029000.0,8,17031.707886809192,8882248.0,158676929000.0,8,17864.501081257808,13.069211268161451,18.59791515808229,4.889663444108283
금산군,6566030.0,90432913000.0,8,13772.844930650637,6653391.0,96141906000.0,8,14450.06102903016,1.3304995560483368,6.312959309405408,4.9170385769204294
제천시,10339663.0,225275590000.0,8,21787.517639598118,10492719.0,240160197000.0,8,22888.27109541388,1.4802803534312403,6.6072879889028435,5.052220606422719
화천군,2950449.0,26200743000.0,8,8880.256191515258,2899574.0,27062125000.0,8,9333.13824720459,-1.7243138247771794,3.2876243242415004,5.099876016212712
청양군,3078848.0,24418370000.0,8,7931.0086110129505,3406693.0,28398885000.0,8,8336.203174163331,10.6483009229426,16.30131331452509,5.108991592667422
춘천시,20140669.0,385168802000.0,8,19123.932874325077,19743292.0,396965008000.0,8,20106.323099511468,-1.9730079472533912,3.0626068203727375,5.136967545547622
양평군,19455016.0,257765294000.0,8,13249.297456244703,19514451.0,272077362000.0,8,13942.352874800321,0.3054996202521698,5.55236423721186,5.23088428533216
공주시,16191008.0,281144358000.0,8,17364.228218527223,17525443.0,320532433000.0,8,18289.54811584506,8.241827809608893,14.009911235707605,5.3288858316809185
임실군,5744124.0,70672086000.0,8,12303.370540051015,5955887.0,77216712000.0,8,12964.771158351392,3.6866021694517803,9.260553027966377,5.3757676902221885
목포시,17976681.0,267149942000.0,8,14860.915760812577,18195863.0,285055754000.0,8,15665.965060299695,1.2192573256431416,6.7025326174317446,5.41722537456264
정선군,6726784.0,99945498000.0,8,14857.842618404278,6697697.0,105062383000.0,8,15686.34457485909,-0.4324057380168611,5.119675325445883,5.576192841271266
신안군,5164868.0,30998629000.0,8,6001.824054361118,5020338.0,31915145000.0,8,6357.170572977358,-2.7983290182827525,2.956633985328838,5.920642048112579
나주시,10660109.0,163559635000.0,8,15343.148461239936,11097688.0,180708236000.0,8,16283.412905462832,4.104826695486885,10.48461681881352,6.1282366301688596
속초시,16630285.0,398042988000.0,8,23934.82661301355,17973055.0,456545067000.0,8,25401.63967672719,8.074245269999892,14.6974273542535,6.128363022760008
보령시,11561860.0,161459280000.0,8,13964.818809430317,11461609.0,170962259000.0,8,14916.078449369543,-0.8670836699285367,5.885681516726704,6.8118294474171615
부안군,6820054.0,93310073000.0,8,13681.720555291791,7143159.0,104440299000.0,8,14621.023975526794,4.737572459103689,11.928214867005838,6.865389600957017
담양군,10510646.0,112784785000.0,8,10730.528361434683,10594213.0,121744703000.0,8,11491.623115374403,0.7950700651510934,7.944261276022302,7.092798493269736
양주시,22587904.0,414655919000.0,8,18357.432323069905,22654847.0,445639156000.0,8,19670.80845878147,0.29636658629326185,7.4720353865249,7.154465355490025
완주군,15365622.0,191886064000.0,8,12488.01148433822,15381299.0,205983770000.0,8,13391.831860234952,0.10202645880523775,7.346914990137066,7.237504361925473
부여군,6462250.0,108324828000.0,8,16762.710820534645,7488477.0,134680412000.0,8,17985.020452089255,15.880335796355748,24.330141562744977,7.291837487629138
구례군,4580774.0,32353196000.0,8,7062.823007640193,4605289.0,34902096000.0,8,7578.698318390007,0.5351715670757873,7.8783561290204585,7.304095121621579
통영시,10286774.0,132875362000.0,8,12917.107151377098,10677982.0,148101037000.0,8,13869.759005025482,3.8030192944843444,11.458614125920509,7.375117682962173
예천군,4488322.0,39347521000.0,8,8766.643970731155,4591638.0,43307040000.0,8,9431.719138137632,2.3018847578226254,10.062943990804406,7.586428394114519
울주군,23742962.0,403355376000.0,8,16988.41854693614,25400849.0,465036002000.0,8,18307.89207085165,6.982646057387454,15.291881469803448,7.7669002577845925
철원군,4475445.0,46301029000.0,8,10345.569881877667,4148572.0,46293225000.0,8,11158.833690243293,-7.303698291454818,-0.016854916982511625,7.860986080527277
의왕시,19617134.0,373976674000.0,8,19063.777308142973,20666545.0,425747031000.0,8,20600.78406913202,5.34946134333385,13.843204830470256,8.062446052244443
영동군,4374165.0,48236389000.0,8,11027.5650324119,4483845.0,53472693000.0,8,11925.633691619581,2.5074499933130046,10.855505788378972,8.14385275959022
경주시,31262128.0,592976006000.0,8,18967.870837199567,33719887.0,692481803000.0,8,20536.30259792982,7.861777675531245,16.780745931227447,8.268886762209826
여수시,18287071.0,361982153000.0,8,19794.430338242793,17349503.0,373655161000.0,8,21536.93745578764,-5.126944604742878,3.224746828885783,8.803017251667633
기장군,26792665.0,594295725000.0,8,22181.2845045463,28319941.0,685924635000.0,8,24220.553107790725,5.70035119686676,15.418066485334393,9.193645222964687
사천시,9859137.0,179834915000.0,8,18240.431692956492,10036860.0,200016044000.0,8,19928.149241894378,1.8026222781973633,11.222030493911594,9.252618454143246
군포시,17029214.0,230416642000.0,8,13530.668062542405,17480740.0,258622746000.0,8,14794.72528050872,2.6514788057745875,12.241348435240184,9.342164127621055
영암군,6794574.0,98739869000.0,8,14532.164783252048,7072854.0,112428850000.0,8,15895.825079946511,4.095621005820238,13.863681548939466,9.383738190651725
합천군,4391046.0,32797554000.0,8,7469.189345773194,4530192.0,37028875000.0,8,8173.798152484486,3.1688577163618836,12.901330995598027,9.433537886009402
군산시,16803564.0,339036077000.0,8,20176.438581719925,17867362.0,396045750000.0,8,22165.87708918642,6.330787920943437,16.815223177561723,9.860206494861522
영천시,8646036.0,150030785000.0,8,17352.551504527622,9008556.0,172644296000.0,8,19164.480522738606,4.192904123924546,15.07258060404071,10.441859329668123
칠곡군,14688478.0,349352422000.0,8,23784.11309871588,14925537.0,393326087000.0,8,26352.55850426018,1.6139112575176195,12.587193398647734,10.798995930115108
무주군,5670009.0,56131016000.0,8,9899.634374478066,5577895.0,61284066000.0,8,10986.952246322313,-1.624582959215759,9.180396805929902,10.983414444551887
강릉시,22871514.0,515146035000.0,8,22523.47767620456,24100873.0,602601124000.0,8,25003.290295749866,5.375066119365779,16.976756697739127,11.009901113828269
정읍시,7039128.0,94304406000.0,8,13397.171638305199,7285917.0,108660065000.0,8,14913.71161653365,3.5059598291151906,15.22268111205749,11.319851825234206
진안군,3191290.0,28726562000.0,8,9001.551723597668,3319211.0,33322007000.0,8,10039.134902842874,4.008441727326573,15.997197993968083,11.526714627714352
고흥군,4379529.0,43201626000.0,8,9864.445697242785,4528967.0,49973111000.0,8,11034.107998578926,3.4121934116659647,15.674143838937905,11.8573545563039
하동군,5447376.0,64132167000.0,8,11773.038431714645,5399027.0,71105672000.0,8,13170.090092159198,-0.8875649487019022,10.87364629359866,11.866534442639075
김제시,8006546.0,119540626000.0,8,14930.361481717584,8642294.0,145403330000.0,8,16824.62202743855,7.940352806316242,21.635074924235376,12.68730531434561
영양군,1155196.0,6290158000.0,8,5445.100225416293,1209046.0,7495381000.0,8,6199.417557313783,4.661546612003509,19.160456700769668,13.853139532244697
당진시,15600689.0,337345547000.0,8,21623.75950190405,14917529.0,367549856000.0,8,24638.789440261855,-4.3790373617472955,8.95352236559981,13.943134810079272
산청군,5052311.0,78309853000.0,8,15499.808503474944,5082460.0,89798069000.0,8,17668.22936137225,0.5967368200413548,14.670205037927996,13.989984827303914
밀양시,10126528.0,93479362000.0,8,9231.136476391513,10391597.0,109503624000.0,8,10537.70888151263,2.6175704051773607,17.142031842279803,14.153971273880028
괴산군,7600471.0,98950599000.0,8,13019.008821953272,7550261.0,112278643000.0,8,14870.829366031188,-0.6606169538703632,13.469391933645603,14.223974877068123
남해군,5683426.0,64521547000.0,8,11352.579764388593,6132203.0,79850873000.0,8,13021.563865384103,7.896240753376582,23.758460100158473,14.701364232919767
장성군,6529432.0,116536406000.0,8,17847.86272374075,6874320.0,141795544000.0,8,20626.84658264381,5.282052098865564,21.67489016265012,15.570401352350904
청도군,6787793.0,93225957000.0,8,13734.354745349483,6962042.0,110679855000.0,8,15897.613803536377,2.567093604651771,18.722144091264205,15.750714891934647
양구군,1960932.0,19310208000.0,8,9847.464368983728,1944676.0,22241063000.0,8,11436.899000141926,-0.8289935602050491,15.17774950948223,16.140547166277575
의성군,4555385.0,62577770000.0,8,13737.097962082238,4444033.0,70928480000.0,8,15960.385532690689,-2.4444037112121175,13.344531133020565,16.184550599735626
함안군,7186316.0,154317325000.0,8,21473.773905851063,7838820.0,195852503000.0,8,24984.94709662934,9.079812243157681,26.91543415491424,16.350983325858582
봉화군,3026524.0,24239617000.0,8,8009.061550478371,3012862.0,28313345000.0,8,9397.491488159763,-0.4514089430647128,16.80607412237578,17.33573813774054
울진군,5373040.0,65329676000.0,8,12158.792043238092,5814482.0,83651159000.0,8,14386.69154019223,8.215870345279397,28.044656152894444,18.3233621319574
의령군,2920119.0,18600940000.0,8,6369.925335234626,2984862.0,22888254000.0,8,7668.111289567156,2.217135671525705,23.04891043140831,20.379924190818066
과천시,13850191.0,118886673000.0,8,8583.75693158311,14754138.0,155429976000.0,8,10534.670070186412,6.526603134931497,30.73793056686851,22.72796345648027
영덕군,6857377.0,88292879000.0,8,12875.60520589724,7168522.0,113812278000.0,8,15876.672764622888,4.537376317504482,28.903122527016034,23.308166961744913
양양군,10450534.0,143508223000.0,8,13732.14258716349,10726738.0,182890761000.0,8,17049.988635874204,2.642965421671284,27.44270479887414,24.161168059907602
창녕군,6584552.0,103561156000.0,8,15727.89705358846,6904531.0,135312966000.0,8,19597.7056225832,4.859540937637052,30.65996096065209,24.60474248915436
해남군,6026492.0,56035115000.0,8,9298.131483456711,6241876.0,72618134000.0,8,11634.023809508551,3.5739531389073376,29.593976919651176,25.12216922515964
