category,name,when,place,seq,href
공연-한국탈춤,가산오광대,2026.09.29 (15:00),탈춤공연장,4327,/2024/sub2/sub1.asp?yflag=2026&search=&page=1&seq=4327
공연-한국탈춤,강령탈춤,2026.09.26 (13:00),탈춤공연장,4319,/2024/sub2/sub1.asp?yflag=2026&search=&page=1&seq=4319
공연-한국탈춤,강릉관노가면극,2026.10.03 (13:00),탈춤공연장,4330,/2024/sub2/sub1.asp?yflag=2026&search=&page=1&seq=4330
공연-한국탈춤,고성오광대,2026.09.28 (18:30),탈춤공연장,4326,/2024/sub2/sub1.asp?yflag=2026&search=&page=1&seq=4326
공연-한국탈춤,동래야류,2026.09.27 (13:00),탈춤공연장,4323,/2024/sub2/sub1.asp?yflag=2026&search=&page=1&seq=4323
공연-한국탈춤,봉산탈춤,2026.10.01 (15:30),탈춤공연장,4328,/2024/sub2/sub1.asp?yflag=2026&search=&page=1&seq=4328
공연-한국탈춤,북청사자놀이,2026.09.28 (15:30),탈춤공연장,4325,/2024/sub2/sub1.asp?yflag=2026&search=&page=1&seq=4325
공연-한국탈춤,속초사자놀이,2026.09.27 (13:00),하회마을 / 만송정,4338,/2024/sub2/sub1.asp?yflag=2026&search=&page=1&seq=4338
공연-한국탈춤,송파산대놀이,2026.09.26 (16:00),탈춤공연장,4321,/2024/sub2/sub1.asp?yflag=2026&search=&page=2&seq=4321
공연-한국탈춤,수영야류,2026.10.03 (16:00),탈춤공연장,4331,/2024/sub2/sub1.asp?yflag=2026&search=&page=2&seq=4331
공연-한국탈춤,양주별산대놀이,2026.10.04 (14:00),탈춤공연장,4332,/2024/sub2/sub1.asp?yflag=2026&search=&page=2&seq=4332
공연-한국탈춤,영양원놀음,2026.09.27 (15:30),하회마을 / 만송정,4337,/2024/sub2/sub1.asp?yflag=2026&search=&page=2&seq=4337
공연-한국탈춤,예천청단놀음,2026.10.04 (15:30),하회마을 / 만송정,4339,/2024/sub2/sub1.asp?yflag=2026&search=&page=2&seq=4339
공연-한국탈춤,은율탈춤,2026.09.27 (17:30),탈춤공연장,4322,/2024/sub2/sub1.asp?yflag=2026&search=&page=2&seq=4322
공연-한국탈춤,통영오광대,2026.10.02 (14:30),탈춤공연장,4329,/2024/sub2/sub1.asp?yflag=2026&search=&page=2&seq=4329
공연-한국탈춤,퇴계원산대놀이,2026.10.03 (15:30),하회마을 / 만송정,4340,/2024/sub2/sub1.asp?yflag=2026&search=&page=2&seq=4340
공연-한국탈춤,하회별신굿탈놀이,2026.09.25 ~ 10.04,탈춤공연장,4316,/2024/sub2/sub1.asp?yflag=2026&search=&page=3&seq=4316
공연-외국탈춤,뉴질랜드,2026.09.25 ~ 10.04 / 하단 상세 일정 참고,탈춤공연장 / 메인무대 / 왔니껴무대,4357,/2024/sub2/sub1_2.asp?yflag=2026&search=&page=1&seq=4357
공연-외국탈춤,대만,2026.09.25 ~ 10.04 / 하단 상세 일정 참고,탈춤공연장 / 메인무대 / 왔니껴무대,4349,/2024/sub2/sub1_2.asp?yflag=2026&search=&page=1&seq=4349
공연-외국탈춤,라트비아,2026.09.25 ~ 10.04 / 하단 상세 일정 참고,탈춤공연장 / 메인무대 / 왔니껴무대,4345,/2024/sub2/sub1_2.asp?yflag=2026&search=&page=1&seq=4345
공연-외국탈춤,러시아,2026.09.25 ~ 10.04 / 하단 상세 일정 참고,탈춤공연장 / 메인무대 / 왔니껴무대,4344,/2024/sub2/sub1_2.asp?yflag=2026&search=&page=1&seq=4344
공연-외국탈춤,리투아니아,2026.09.25 ~ 10.04 / 하단 상세 일정 참고,탈춤공연장 / 메인무대 / 왔니껴무대,4512,/2024/sub2/sub1_2.asp?yflag=2026&search=&page=1&seq=4512
공연-외국탈춤,말레이시아1,2026.09.25 ~ 10.04 / 하단 상세 일정 참고,탈춤공연장 / 메인무대 / 왔니껴무대,4353,/2024/sub2/sub1_2.asp?yflag=2026&search=&page=1&seq=4353
공연-외국탈춤,말레이시아2,2026.09.25 ~ 10.04 / 하단 상세 일정 참고,탈춤공연장 / 메인무대 / 왔니껴무대,4354,/2024/sub2/sub1_2.asp?yflag=2026&search=&page=1&seq=4354
공연-외국탈춤,말레이시아3,2026.09.25 ~ 10.04 / 하단 상세 일정 참고,탈춤공연장 / 메인무대 / 왔니껴무대,4355,/2024/sub2/sub1_2.asp?yflag=2026&search=&page=1&seq=4355
공연-외국탈춤,멕시코,2026.09.25 ~ 10.04 / 하단 상세 일정 참고,탈춤공연장 / 메인무대 / 왔니껴무대,4362,/2024/sub2/sub1_2.asp?yflag=2026&search=&page=2&seq=4362
공연-외국탈춤,몽골,2026.09.25 ~ 10.04 / 하단 상세 일정 참고,탈춤공연장 / 메인무대 / 왔니껴무대,4364,/2024/sub2/sub1_2.asp?yflag=2026&search=&page=2&seq=4364
공연-외국탈춤,벨기에,2026.09.25 ~ 10.04 / 하단 상세 일정 참고,탈춤공연장 / 메인무대 / 왔니껴무대,4348,/2024/sub2/sub1_2.asp?yflag=2026&search=&page=2&seq=4348
공연-외국탈춤,불가리아,2026.09.25 ~ 10.04 / 하단 상세 일정 참고,탈춤공연장 / 메인무대 / 왔니껴무대,4342,/2024/sub2/sub1_2.asp?yflag=2026&search=&page=2&seq=4342
공연-외국탈춤,스리랑카,2026.09.25 ~ 10.04 / 하단 상세 일정 참고,탈춤공연장 / 메인무대 / 왔니껴무대,4351,/2024/sub2/sub1_2.asp?yflag=2026&search=&page=2&seq=4351
공연-외국탈춤,이스라엘,2026.09.25 ~ 10.04 / 하단 상세 일정 참고,탈춤공연장 / 메인무대 / 왔니껴무대,4369,/2024/sub2/sub1_2.asp?yflag=2026&search=&page=2&seq=4369
공연-외국탈춤,이탈리아,2026.09.25 ~ 10.04 / 하단 상세 일정 참고,탈춤공연장 / 메인무대 / 왔니껴무대,4363,/2024/sub2/sub1_2.asp?yflag=2026&search=&page=2&seq=4363
공연-외국탈춤,인도,2026.09.25 ~ 10.04 / 하단 상세 일정 참고,탈춤공연장 / 메인무대 / 왔니껴무대,4350,/2024/sub2/sub1_2.asp?yflag=2026&search=&page=2&seq=4350
공연-외국탈춤,일본1,2026.09.25 ~ 10.04 / 하단 상세 일정 참고,탈춤공연장,4366,/2024/sub2/sub1_2.asp?yflag=2026&search=&page=3&seq=4366
공연-외국탈춤,일본2,2026.09.25 ~ 10.04 / 하단 상세 일정 참고,탈춤공연장,4367,/2024/sub2/sub1_2.asp?yflag=2026&search=&page=3&seq=4367
공연-외국탈춤,중국,2026.09.25 ~ 10.04 / 하단 상세 일정 참고,탈춤공연장 / 메인무대,4365,/2024/sub2/sub1_2.asp?yflag=2026&search=&page=3&seq=4365
공연-외국탈춤,콜롬비아,2026.09.25 ~ 10.04 / 하단 상세 일정 참고,탈춤공연장 / 메인무대 / 왔니껴무대,4360,/2024/sub2/sub1_2.asp?yflag=2026&search=&page=3&seq=4360
공연-외국탈춤,타타르스탄(러시아),2026.09.25 ~ 10.04 / 하단 상세 일정 참고,탈춤공연장 / 메인무대 / 왔니껴무대,4341,/2024/sub2/sub1_2.asp?yflag=2026&search=&page=3&seq=4341
공연-외국탈춤,태국1,2026.09.25 ~ 10.04 / 하단 상세 일정 참고,탈춤공연장 / 메인무대 / 왔니껴무대,4358,/2024/sub2/sub1_2.asp?yflag=2026&search=&page=3&seq=4358
공연-외국탈춤,태국2 (ODA),2026.09.25 ~ 10.04 / 하단 상세 일정 참고,탈춤공연장 / 메인무대 / 왔니껴무대,4514,/2024/sub2/sub1_2.asp?yflag=2026&search=&page=3&seq=4514
공연-외국탈춤,튀르키예,2026.09.25 ~ 10.04 / 하단 상세 일정 참고,탈춤공연장 / 메인무대 / 왔니껴무대,4368,/2024/sub2/sub1_2.asp?yflag=2026&search=&page=3&seq=4368
공연-외국탈춤,폴란드,2026.09.25 ~ 10.04 / 하단 상세 일정 참고,탈춤공연장 / 메인무대,4347,/2024/sub2/sub1_2.asp?yflag=2026&search=&page=4&seq=4347
공연-외국탈춤,필리핀,2026.09.25 ~ 10.04 / 하단 상세 일정 참고,탈춤공연장 / 메인무대 / 왔니껴무대,4513,/2024/sub2/sub1_2.asp?yflag=2026&search=&page=4&seq=4513
공연-마당극&창작극,다 그렇지는 않았다,2026.09.26 (19:00),탈춤공연장,4494,/2024/sub2/sub1_8.asp?yflag=2026&search=&page=1&seq=4494
공연-마당극&창작극,대학생 탈춤,"2026.09.27, 10.03, 10.04 (14:00)",탈춤공원 / 버스킹무대,4507,/2024/sub2/sub1_8.asp?yflag=2026&search=&page=1&seq=4507
공연-마당극&창작극,"삼양동화 어린이 인형극 (빨간모자야, 네 잘못이 아니야)","2026.09.30.(11:00~11:30), 10.01.(11:00~11:30)",탈춤공연장,4392,/2024/sub2/sub1_8.asp?yflag=2026&search=&page=1&seq=4392
공연-마당극&창작극,시장놀이패 '시장가면',2026.09.25 ~ 10.04,"구시장, 신시장, 용상시장",4509,/2024/sub2/sub1_8.asp?yflag=2026&search=&page=1&seq=4509
공연-마당극&창작극,오작교아리랑,2026.09.27 (16:00),탈춤공연장,4495,/2024/sub2/sub1_8.asp?yflag=2026&search=&page=1&seq=4495
공연-마당극&창작극,이매 장가 가는 날,2026.09.25 ~ 10.04,탈춤공원 내,4508,/2024/sub2/sub1_8.asp?yflag=2026&search=&page=1&seq=4508
공연-마당극&창작극,탈놀이단 ‘리멤버’,2026.09.27 / 09.28 / 09.29 / 10.02,중앙선1942 / 메인무대,4498,/2024/sub2/sub1_8.asp?yflag=2026&search=&page=1&seq=4498
공연-마당극&창작극,"탈춤, 흥부놀부",2026.10.04. (17:00),탈춤공연장,4497,/2024/sub2/sub1_8.asp?yflag=2026&search=&page=1&seq=4497
공연-마당극&창작극,탈춤외전,2026.09.25 ~ 10.04,안동시전역,4500,/2024/sub2/sub1_8.asp?yflag=2026&search=&page=2&seq=4500
공연-자유참가작,(사)대한시조협회 안동시지회,2026.09.29 (화) 12:00,중앙선1942 / 메인무대,4432,/2024/sub2/sub1_4.asp?yflag=2026&search=&page=1&seq=4432
공연-자유참가작,가람하모니,2026.09.26 (토) 19:30,중앙선1942 / 메인무대,4483,/2024/sub2/sub1_4.asp?yflag=2026&search=&page=1&seq=4483
공연-자유참가작,가온누리&점프윙스줄넘기,2026.09.27 (일) 12:00 / 10.04 (일) 17:30,중앙선1942 메인무대 / 탈춤공원 버스킹무대,4451,/2024/sub2/sub1_4.asp?yflag=2026&search=&page=1&seq=4451
공연-자유참가작,감사랑파워점핑 줄넘기,2026.09.24 (목) 13:30,탈춤공원 / 탈춤공원무대,4408,/2024/sub2/sub1_4.asp?yflag=2026&search=&page=1&seq=4408
공연-자유참가작,경북 (안동) 포크연합회,2026.09.26 (토) 18:00,탈춤공원 / 탈춤공원무대,4429,/2024/sub2/sub1_4.asp?yflag=2026&search=&page=1&seq=4429
공연-자유참가작,경북북부색소폰앙상블,2026.09.27 (일) 20:00,탈춤공원 / 탈춤공원무대,4475,/2024/sub2/sub1_4.asp?yflag=2026&search=&page=1&seq=4475
공연-자유참가작,경북소리연구협회,2026.09.26 (토) 17:30,중앙선1942 / 메인무대,4456,/2024/sub2/sub1_4.asp?yflag=2026&search=&page=1&seq=4456
공연-자유참가작,고타야밴드,2026.09.27 (일) 14:00,탈춤공원 / 탈춤공원무대,4404,/2024/sub2/sub1_4.asp?yflag=2026&search=&page=1&seq=4404
공연-자유참가작,권누리,2026.09.25 (금) 19:00,탈춤공원 / 탈춤공원무대,4423,/2024/sub2/sub1_4.asp?yflag=2026&search=&page=2&seq=4423
공연-자유참가작,그레이스 오카리나 앙상블,2026.09.28 (월) 20:00,중앙선1942 / 메인무대,4461,/2024/sub2/sub1_4.asp?yflag=2026&search=&page=2&seq=4461
공연-자유참가작,그레이파크,2026.09.26 (토) 21:50,중앙선1942 / 메인무대,4416,/2024/sub2/sub1_4.asp?yflag=2026&search=&page=2&seq=4416
공연-자유참가작,김윤옥과 함께하는 7080 이야기,2026.09.26 (토) 17:30,탈춤공원무대,4448,/2024/sub2/sub1_4.asp?yflag=2026&search=&page=2&seq=4448
공연-자유참가작,남선면 문필봉 소리난타,2026.10.02 (금) 18:00,중앙선1942 / 메인무대,4467,/2024/sub2/sub1_4.asp?yflag=2026&search=&page=2&seq=4467
공연-자유참가작,단사물놀이패,2026.09.26 (토) 13:00,탈춤공원 / 탈춤공원무대,4466,/2024/sub2/sub1_4.asp?yflag=2026&search=&page=2&seq=4466
공연-자유참가작,대구셔플고고,2026.10.03 (토) 18:40,탈춤공원 / 탈춤공원무대,4454,/2024/sub2/sub1_4.asp?yflag=2026&search=&page=2&seq=4454
공연-자유참가작,댄스팀 탄하,2026.10.03 (토) 18:00,중앙선1942 / 메인무대,4460,/2024/sub2/sub1_4.asp?yflag=2026&search=&page=2&seq=4460
공연-자유참가작,데이오프(Dayoff),2026.10.01 (목) 12:00,중앙선1942 / 메인무대,4434,/2024/sub2/sub1_4.asp?yflag=2026&search=&page=3&seq=4434
공연-자유참가작,듀엣반딧불,2026.09.30 (수) 15:30,탈춤공원 / 탈춤공원무대,4484,/2024/sub2/sub1_4.asp?yflag=2026&search=&page=3&seq=4484
공연-자유참가작,디스코장구,2026.09.27 (일) 17:30,중앙선1942 / 메인무대,4431,/2024/sub2/sub1_4.asp?yflag=2026&search=&page=3&seq=4431
공연-자유참가작,레인보우와 구천에어로폰(2팀),2026.10.03 (토) 13:00,중앙선1942 / 메인무대,4401,/2024/sub2/sub1_4.asp?yflag=2026&search=&page=3&seq=4401
공연-자유참가작,마음소리,2026.10.01 (목) 17:00,탈춤공원 / 탈춤공원무대,4426,/2024/sub2/sub1_4.asp?yflag=2026&search=&page=3&seq=4426
공연-자유참가작,모어모어 공연기획 예술단,2026.10.04 (일) 11:00,탈춤공원 / 탈춤공원무대,4418,/2024/sub2/sub1_4.asp?yflag=2026&search=&page=3&seq=4418
공연-자유참가작,미라클 주부밴드,2026.09.28 (월) 13:00,중앙선1942 / 메인무대,4437,/2024/sub2/sub1_4.asp?yflag=2026&search=&page=3&seq=4437
공연-자유참가작,밴드 세컨페이스,2026.09.26 (토) 21:00,중앙선1942 / 메인무대,4412,/2024/sub2/sub1_4.asp?yflag=2026&search=&page=3&seq=4412
공연-자유참가작,밴드야놀자,2026.09.27 (일) 20:30,중앙선1942 / 메인무대,4458,/2024/sub2/sub1_4.asp?yflag=2026&search=&page=4&seq=4458
공연-자유참가작,밴드온,2026.09.28 (월) 18:00,탈춤공원 / 탈춤공원무대,4396,/2024/sub2/sub1_4.asp?yflag=2026&search=&page=4&seq=4396
공연-자유참가작,복주공연단,2026.09.28 (월) 18:30,중앙선1942 / 메인무대,4417,/2024/sub2/sub1_4.asp?yflag=2026&search=&page=4&seq=4417
공연-자유참가작,비를긋다,2026.09.26 (토) 19:00,탈춤공원 / 탈춤공원무대,4455,/2024/sub2/sub1_4.asp?yflag=2026&search=&page=4&seq=4455
공연-자유참가작,빛유오카리나앙상블 / 하모니 오카리나,2026.10.03 (토) 11:00,탈춤공원 / 탈춤공원무대,4400,/2024/sub2/sub1_4.asp?yflag=2026&search=&page=4&seq=4400
공연-자유참가작,사단법인대구경북모델협회,2026.09.29 (화) 20:00,중앙선1942 / 메인무대,4399,/2024/sub2/sub1_4.asp?yflag=2026&search=&page=4&seq=4399
공연-자유참가작,서정희,2026.09.26 (토) 17:00,탈춤공원 / 탈춤공원무대,4403,/2024/sub2/sub1_4.asp?yflag=2026&search=&page=4&seq=4403
공연-자유참가작,소리뫼놀이패,2026.09.27 (일) 18:00,탈춤공원 / 탈춤공원무대,4422,/2024/sub2/sub1_4.asp?yflag=2026&search=&page=4&seq=4422
공연-자유참가작,소리샘 통기타,2026.09.29 (화) 14:00,탈춤공원 / 탈춤공원무대,4476,/2024/sub2/sub1_4.asp?yflag=2026&search=&page=5&seq=4476
공연-자유참가작,소리향경기민요예술원,2026.10.01 (목) 14:30,중앙선1942 / 메인무대,4409,/2024/sub2/sub1_4.asp?yflag=2026&search=&page=5&seq=4409
공연-자유참가작,소명예술연구소,2026.09.26 (토) 11:00,중앙선1942 / 메인무대,4449,/2024/sub2/sub1_4.asp?yflag=2026&search=&page=5&seq=4449
공연-자유참가작,수아브(Suave),2026.09.30 (수) 16:00,중앙선1942 / 메인무대,4459,/2024/sub2/sub1_4.asp?yflag=2026&search=&page=5&seq=4459
공연-자유참가작,신명어울림공연단,2026.10.01 (목) 13:00,중앙선1942 / 메인무대,4479,/2024/sub2/sub1_4.asp?yflag=2026&search=&page=5&seq=4479
공연-자유참가작,실버스타즈하모니카연주단,2026.09.29 (화) 19:30,중앙선1942 / 메인무대,4415,/2024/sub2/sub1_4.asp?yflag=2026&search=&page=5&seq=4415
공연-자유참가작,싱어송라이터 김현수,2026.09.27 (일) 19:00,탈춤공원 / 탈춤공원무대,4406,/2024/sub2/sub1_4.asp?yflag=2026&search=&page=5&seq=4406
공연-자유참가작,아랑고고장구 대곡지부,2026.10.04 (일) 12:00,탈춤공원 / 탈춤공원무대,4443,/2024/sub2/sub1_4.asp?yflag=2026&search=&page=5&seq=4443
공연-민속놀이,안동놋다리밟기,2026.10.03. (18:00),중앙선1942 메인무대,4394,/2024/sub2/sub1_6.asp?yflag=2026&search=&page=1&seq=4394
공연-민속놀이,안동차전놀이,2026.10.03 (13:00),중앙선1942 메인무대,4393,/2024/sub2/sub1_6.asp?yflag=2026&search=&page=1&seq=4393
공연-하회마을행사,강신,2026.09.25 (10:00),하회마을,4492,/2024/sub2/sub1_7.asp?yflag=2026&search=&page=1&seq=4492
공연-하회마을행사,속초사자놀음,2026.09.27 (13:00),하회마을 / 전수회관,4335,/2024/sub2/sub1_7.asp?yflag=2026&search=&page=1&seq=4335
공연-하회마을행사,영양원놀음,2026.09.27 (15:30),하회마을 / 전수회관,4336,/2024/sub2/sub1_7.asp?yflag=2026&search=&page=1&seq=4336
공연-하회마을행사,예천청단놀음,2026.10.04 (15:30),하회마을 / 전수회관,4334,/2024/sub2/sub1_7.asp?yflag=2026&search=&page=1&seq=4334
공연-하회마을행사,퇴계원산대놀이,2026.10.03 (15:30),하회마을 / 전수회관,4333,/2024/sub2/sub1_7.asp?yflag=2026&search=&page=1&seq=4333
공연-하회마을행사,하회별신굿탈놀이,2026.09.25 ~ 10.04,하회마을 / 전수회관,4370,/2024/sub2/sub1_7.asp?yflag=2026&search=&page=1&seq=4370
공연-하회마을행사,하회선유줄불놀이,"2026.09.26, 10.03. 10.04 (19:00~21:00)",하회마을 일원,4511,/2024/sub2/sub1_7.asp?yflag=2026&search=&page=1&seq=4511
전시,동아시아문화도시 탈전시,2026.09.25 ~ 10.04,탈춤공원,4504,/2024/sub2/sub18.asp?yflag=2026&search=&page=1&seq=4504
전시,세계창작탈공모전 전시,2026.09.25 ~ 10.04,중앙선1942,4501,/2024/sub2/sub18.asp?yflag=2026&search=&page=1&seq=4501
전시,전통주 박람회,2026.09.25 ~ 10.04,탈춤공원 / 벚꽃길,4503,/2024/sub2/sub18.asp?yflag=2026&search=&page=1&seq=4503
전시,주빈국(말레이시아)의 날 부스,2026.09.25 ~ 10.04,탈춤공원,4502,/2024/sub2/sub18.asp?yflag=2026&search=&page=1&seq=4502
전시,ODA전시,2026.09.25 ~ 10.04,중앙선1942,4505,/2024/sub2/sub18.asp?yflag=2026&search=&page=1&seq=4505
연계,2026 안동 K-POP 콘서트,2026.10. 2.(금) 19:00,탐춤공원 / 탈춤공원무대,4506,/2024/sub2/sub17.asp?yflag=2026&search=&page=1&seq=4506
연계,2026 경상북도건축문화의날,2026.10.01.~10.04.,안동문화예술의전당,4373,/2024/sub2/sub17.asp?yflag=2026&search=&page=1&seq=4373
연계,2026 국악한마당,2026.09.26. (14:00~15:00) / 09.27. (16:00~17:00),탈춤공원 / 탈춤공원무대,4382,/2024/sub2/sub17.asp?yflag=2026&search=&page=1&seq=4382
연계,2026 동아시아문화도시 안동 동아시아 탈전시 및 체험,2026.09.24.~10.04.,탈춤공원,4380,/2024/sub2/sub17.asp?yflag=2026&search=&page=1&seq=4380
연계,2026 상설문화콘서트,2026.09.30. (14:00~15:00),탈춤공원 / 탈춤공원무대,4386,/2024/sub2/sub17.asp?yflag=2026&search=&page=1&seq=4386
연계,2026 안동마라톤대회,2026.10.04.,안동시민운동장,4379,/2024/sub2/sub17.asp?yflag=2026&search=&page=1&seq=4379
연계,2026 안동소주 공개행사,2026.09.24.~10.04.,탈춤공원,4376,/2024/sub2/sub17.asp?yflag=2026&search=&page=1&seq=4376
연계,2026년 제24회 안동의날,2026.10.03. (15:00~18:00),중앙선1942 / 메인무대,4371,/2024/sub2/sub17.asp?yflag=2026&search=&page=1&seq=4371
연계,경북버스킹공연단,"2026.09.27.(17:00~18:00), 09.29.(20:00~21:00)",탈춤공원/ 탈춤공원무대,4387,/2024/sub2/sub17.asp?yflag=2026&search=&page=2&seq=4387
연계,나리소년소녀합창단,2026.09.29. (19:00~20:00),탈춤공원 / 탈춤공원무대,4384,/2024/sub2/sub17.asp?yflag=2026&search=&page=2&seq=4384
연계,나리어머니합창단,2026.09.29. (19:00~20:00),탈춤공원 / 탈춤공원무대,4385,/2024/sub2/sub17.asp?yflag=2026&search=&page=2&seq=4385
연계,"낭만콘서트""웃는날 좋은날""","2026.09.30. (11:00~12:00, 16:00~17:00)",탈춤공원 / 탈춤공원무대,4390,/2024/sub2/sub17.asp?yflag=2026&search=&page=2&seq=4390
연계,시화예사,2026.09.26. (15:00~17:00),탈춤공원 / 탈춤공원무대,4388,/2024/sub2/sub17.asp?yflag=2026&search=&page=2&seq=4388
연계,실버가요제,2026.09.28. (15:00~18:00),탈춤공원 / 탈춤공원무대,4383,/2024/sub2/sub17.asp?yflag=2026&search=&page=2&seq=4383
연계,웅부객주로드,2026.9.24 ~10. 4 / 축제기간 중,원도심 음식의 거리,4499,/2024/sub2/sub17.asp?yflag=2026&search=&page=2&seq=4499
연계,제10회 안동시우리꽃연구회 우리꽃 전시회,2026.09.24.~10.04.,안동시립박물관 별관,4372,/2024/sub2/sub17.asp?yflag=2026&search=&page=2&seq=4372
연계,제23회 영남가요제,2026.09.24. (19:00~21:00),탈춤공원 / 탈춤공원무대,4381,/2024/sub2/sub17.asp?yflag=2026&search=&page=3&seq=4381
연계,제2회 대한민국 증류주 대상 심사 및 시상,2026.10.02. (13:00~18:00),중앙선1942 / 메인무대,4389,/2024/sub2/sub17.asp?yflag=2026&search=&page=3&seq=4389
연계,제30회 노인의날 기념행사,2026.09.28. (08:00~12:00),탈춤공연장 무대,4374,/2024/sub2/sub17.asp?yflag=2026&search=&page=3&seq=4374
연계,주빈국(말레이시아)의 날,2026.09.29 (토) 14:00 ~ 16:00,중앙선1942 / 메인무대,4493,/2024/sub2/sub17.asp?yflag=2026&search=&page=3&seq=4493
연계,차전놀이 시연,2026.10.03. (14:00~14:30),중앙선1942 / 메인무대,4378,/2024/sub2/sub17.asp?yflag=2026&search=&page=3&seq=4378
연계,청소년어울림마당,2026.10.03. (14:00~16:00),탈춤공원 / 탈춤공원무대,4375,/2024/sub2/sub17.asp?yflag=2026&search=&page=3&seq=4375
연계,탈춤페스티벌 찾아가는 음악회,2026.10.03. (11:00~12:00),중앙선1942 / 메인무대,4391,/2024/sub2/sub17.asp?yflag=2026&search=&page=3&seq=4391
연계,하회선유줄불놀이,"2026.09.26, 10.03. 10.04 (19:00~21:00)",하회마을 일원,4377,/2024/sub2/sub17.asp?yflag=2026&search=&page=3&seq=4377
공연-자유참가작,아랑고고장구 안동지부,2026.09.28 (월) 19:00 / 2026.10.04 (일) 12:00,탈춤공원무대 / 메인무대,4411,/2024/sub2/sub1_4.asp?yflag=2026&search=&page=6&seq=4411
공연-자유참가작,안동 연합 댄스팀,2026.09.26 (토) 20:30 / 2026.09.27 (일) 19:30,탈춤공원 / 탈춤공원무대,4482,/2024/sub2/sub1_4.asp?yflag=2026&search=&page=6&seq=4482
공연-자유참가작,안동 으뜸 사물놀이패,2026.10.03 (10:30),탈춤공원 / 탈춤공원무대,4510,/2024/sub2/sub1_4.asp?yflag=2026&search=&page=6&seq=4510
공연-자유참가작,안동가야금연주단,2026.09.25 (금) 18:30,탈춤공원 / 탈춤공원무대,4450,/2024/sub2/sub1_4.asp?yflag=2026&search=&page=6&seq=4450
공연-자유참가작,안동미래태권도&줄넘기아카데미(경북도청),2026.09.27 (일) 15:00 / 2026.10.03 (토) 17:30,탈춤공원무대 / 탈춤공원버스킹무대,4427,/2024/sub2/sub1_4.asp?yflag=2026&search=&page=6&seq=4427
공연-자유참가작,안동미래태권도&줄넘기아카데미(송현),2026.09.27 (일) 13:30 / 2026.10.03 (토) 13:30,메인무대 / 탈춤공원버스킹무대,4425,/2024/sub2/sub1_4.asp?yflag=2026&search=&page=6&seq=4425
공연-자유참가작,안동사랑 예술단,2026.09.26 (토) 20:00,중앙선1942 / 메인무대,4397,/2024/sub2/sub1_4.asp?yflag=2026&search=&page=6&seq=4397
공연-자유참가작,안동시종합사회복지관(위너스 키즈밸리),2026.10.04 (일) 13:00,탈춤공원 / 탈춤공원무대,4419,/2024/sub2/sub1_4.asp?yflag=2026&search=&page=6&seq=4419
공연-자유참가작,안동아코디언동호회,2026.09.30 (수) 15:00,중앙선1942 / 메인무대,4462,/2024/sub2/sub1_4.asp?yflag=2026&search=&page=7&seq=4462
공연-자유참가작,안동영호초등학교 탈춤동아리,2026.09.30 (수) 15:00,탈춤공원 / 탈춤공원무대,4457,/2024/sub2/sub1_4.asp?yflag=2026&search=&page=7&seq=4457
공연-자유참가작,안동통사모(통기타를 사랑하는 모임),2026.09.29 (화) 20:50,중앙선1942 / 메인무대,4405,/2024/sub2/sub1_4.asp?yflag=2026&search=&page=7&seq=4405
공연-자유참가작,안동하모니카앙상블,2026.10.04 (일) 15:00,중앙선1942 / 메인무대,4474,/2024/sub2/sub1_4.asp?yflag=2026&search=&page=7&seq=4474
공연-자유참가작,안동향교국악반,2026.09.26 (토) 12:00,탈춤공원 / 탈춤공원무대,4463,/2024/sub2/sub1_4.asp?yflag=2026&search=&page=7&seq=4463
공연-자유참가작,안민예술봉사단,2026.09.26 (토) 16:30,중앙선1942 / 메인무대,4413,/2024/sub2/sub1_4.asp?yflag=2026&search=&page=7&seq=4413
공연-자유참가작,어게인 청춘,2026.09.29 (화) 13:00,중앙선1942 / 메인무대,4439,/2024/sub2/sub1_4.asp?yflag=2026&search=&page=7&seq=4439
공연-자유참가작,어치브,2026.09.24 (목) 14:00,탈춤공원 / 탈춤공원무대,4453,/2024/sub2/sub1_4.asp?yflag=2026&search=&page=7&seq=4453
공연-자유참가작,여울소리,2026.10.01 (목) 17:00,중앙선1942 / 메인무대,4433,/2024/sub2/sub1_4.asp?yflag=2026&search=&page=8&seq=4433
공연-자유참가작,"열두장구,북아카데미",2026.09.26 (토) 16:00,중앙선1942 / 메인무대,4487,/2024/sub2/sub1_4.asp?yflag=2026&search=&page=8&seq=4487
공연-자유참가작,영일16세 치어로빅단,2026.10.01 (목) 18:00,중앙선1942 / 메인무대,4469,/2024/sub2/sub1_4.asp?yflag=2026&search=&page=8&seq=4469
공연-자유참가작,예술집단 단미,2026.10.04 (일) 17:00,중앙선1942 / 메인무대,4481,/2024/sub2/sub1_4.asp?yflag=2026&search=&page=8&seq=4481
공연-자유참가작,용인대힘찬태권도,2026.09.24 (목) 16:00 / 2026.09.27 (일) 16:30,탈춤공원무대 / 탈춤공원버스킹무대,4407,/2024/sub2/sub1_4.asp?yflag=2026&search=&page=8&seq=4407
공연-자유참가작,우리동네 친구들,2026.09.25 (금) 20:00,탈춤공원 / 탈춤공원무대,4421,/2024/sub2/sub1_4.asp?yflag=2026&search=&page=8&seq=4421
공연-자유참가작,웅부예술단,2026.09.29 (화) 17:00,탈춤공원 / 탈춤공원무대,4485,/2024/sub2/sub1_4.asp?yflag=2026&search=&page=8&seq=4485
공연-자유참가작,웅부해금앙상블,2026.09.29 (화) 18:30,중앙선1942 / 메인무대,4471,/2024/sub2/sub1_4.asp?yflag=2026&search=&page=8&seq=4471
공연-자유참가작,월영무용단,2026.09.30 (수) 17:00,중앙선1942 / 메인무대,4436,/2024/sub2/sub1_4.asp?yflag=2026&search=&page=9&seq=4436
공연-자유참가작,유환열,2026.09.30 (수) 13:00,탈춤공원 / 탈춤공원무대,4486,/2024/sub2/sub1_4.asp?yflag=2026&search=&page=9&seq=4486
공연-자유참가작,은빛하모니카앙상블,2026.09.27 (일) 19:30,중앙선1942 / 메인무대,4398,/2024/sub2/sub1_4.asp?yflag=2026&search=&page=9&seq=4398
공연-자유참가작,의성 진 난타(의성행복한난타),2026.09.29 (화) 16:00,중앙선1942 / 메인무대,4446,/2024/sub2/sub1_4.asp?yflag=2026&search=&page=9&seq=4446
공연-자유참가작,의성셋하나풍물패,2026.09.27 (일) 13:00,탈춤공원 / 탈춤공원무대,4464,/2024/sub2/sub1_4.asp?yflag=2026&search=&page=9&seq=4464
공연-자유참가작,이서현국악연구원,2026.09.28 (월) 17:00,중앙선1942 / 메인무대,4480,/2024/sub2/sub1_4.asp?yflag=2026&search=&page=9&seq=4480
공연-자유참가작,이성교_예천한천나들예술공연단,2026.09.29 (화) 13:00,탈춤공원 / 탈춤공원무대,4489,/2024/sub2/sub1_4.asp?yflag=2026&search=&page=9&seq=4489
공연-자유참가작,이자빈,2026.09.29 (화) 16:00,탈춤공원 / 탈춤공원무대,4440,/2024/sub2/sub1_4.asp?yflag=2026&search=&page=9&seq=4440
공연-자유참가작,임성국,2026.09.26 (토) 20:00,탈춤공원 / 탈춤공원무대,4420,/2024/sub2/sub1_4.asp?yflag=2026&search=&page=10&seq=4420
공연-자유참가작,전통우리소리연구소,2026.10.03 (토) 13:00,탈춤공원 / 탈춤공원무대,4438,/2024/sub2/sub1_4.asp?yflag=2026&search=&page=10&seq=4438
공연-자유참가작,점프윙스줄넘기클럽,"2026.10.03 (토) 12:00, 18:00",중앙선1942 메인무대 / 탈춤공원 버스킹무대,4452,/2024/sub2/sub1_4.asp?yflag=2026&search=&page=10&seq=4452
공연-자유참가작,정가희,2026.10.01 (목) 16:30,탈춤공원 / 탈춤공원무대,4473,/2024/sub2/sub1_4.asp?yflag=2026&search=&page=10&seq=4473
공연-자유참가작,정상태권예술단,"2026.10.04 (일) 16:30, 18:00",중앙선1942 메인무대 / 탈춤공원 버스킹무대,4395,/2024/sub2/sub1_4.asp?yflag=2026&search=&page=10&seq=4395
공연-자유참가작,징검다리,2026.09.28 (월) 20:00,탈춤공원 / 탈춤공원무대,4445,/2024/sub2/sub1_4.asp?yflag=2026&search=&page=10&seq=4445
공연-자유참가작,참소리색소폰동호회,2026.09.27 (일) 12:30,중앙선1942 / 메인무대,4410,/2024/sub2/sub1_4.asp?yflag=2026&search=&page=10&seq=4410
공연-자유참가작,찾아가는 청춘음악단,2026.09.27 (일) 14:00,중앙선1942 / 메인무대,4414,/2024/sub2/sub1_4.asp?yflag=2026&search=&page=10&seq=4414
공연-자유참가작,청춘문화예술단,2026.09.29 (화) 17:00,중앙선1942 / 메인무대,4441,/2024/sub2/sub1_4.asp?yflag=2026&search=&page=11&seq=4441
공연-자유참가작,코스모스 색소폰 오케스트라,2026.09.27 (일) 15:30,중앙선1942 / 메인무대,4435,/2024/sub2/sub1_4.asp?yflag=2026&search=&page=11&seq=4435
공연-자유참가작,타나유스,2026.10.04 (일) 11:30,중앙선1942 / 메인무대,4477,/2024/sub2/sub1_4.asp?yflag=2026&search=&page=11&seq=4477
공연-자유참가작,태금태권도,2026.09.27 (일) 17:00 / 2026.10.03 (토) 16:30,메인무대 / 탈춤공원버스킹무대,4430,/2024/sub2/sub1_4.asp?yflag=2026&search=&page=11&seq=4430
공연-자유참가작,패션쇼,2026.09.24 (목) 20:00,중앙선1942 / 메인무대,4491,/2024/sub2/sub1_4.asp?yflag=2026&search=&page=11&seq=4491
공연-자유참가작,포크밴드“블루앙상블”,2026.10.03 (토) 10:00,탈춤공원 / 탈춤공원무대,4442,/2024/sub2/sub1_4.asp?yflag=2026&search=&page=11&seq=4442
공연-자유참가작,풍물굿패 참넋,2026.09.24 (목) 19:00,중앙선1942 / 메인무대,4424,/2024/sub2/sub1_4.asp?yflag=2026&search=&page=11&seq=4424
공연-자유참가작,풍천면 난타,2026.09.27 (일) 12:00,탈춤공원 / 탈춤공원무대,4468,/2024/sub2/sub1_4.asp?yflag=2026&search=&page=11&seq=4468
공연-자유참가작,하모니 예술단,2026.09.29 (화) 15:00,탈춤공원 / 탈춤공원무대,4472,/2024/sub2/sub1_4.asp?yflag=2026&search=&page=12&seq=4472
공연-자유참가작,하회별신굿탈놀이 청소년 아카데미,2026.09.24 (목) 15:00,탈춤공원 / 탈춤공원무대,4488,/2024/sub2/sub1_4.asp?yflag=2026&search=&page=12&seq=4488
공연-자유참가작,한국시노래 연구회,2026.09.30 (수) 13:00,중앙선1942 / 메인무대,4444,/2024/sub2/sub1_4.asp?yflag=2026&search=&page=12&seq=4444
공연-자유참가작,한울림 색소폰 앙상블,2026.10.04 (일) 19:00,탈춤공원 / 탈춤공원무대,4402,/2024/sub2/sub1_4.asp?yflag=2026&search=&page=12&seq=4402
공연-자유참가작,한울이음터,2026.09.27 (일) 18:30,탈춤공원 / 탈춤공원무대,4490,/2024/sub2/sub1_4.asp?yflag=2026&search=&page=12&seq=4490
공연-자유참가작,허만성,2026.09.25 (금) 17:00,탈춤공원 / 탈춤공원무대,4428,/2024/sub2/sub1_4.asp?yflag=2026&search=&page=12&seq=4428
공연-자유참가작,헤이스,2026.10.04 (일) 11:00,중앙선1942 / 메인무대,4478,/2024/sub2/sub1_4.asp?yflag=2026&search=&page=12&seq=4478
공연-자유참가작,황금빛예술공연단,2026.09.28 (월) 14:30,중앙선1942 / 메인무대,4470,/2024/sub2/sub1_4.asp?yflag=2026&search=&page=12&seq=4470
공연-자유참가작,B.O.C,2026.09.26 (토) 12:30,메인무대,4447,/2024/sub2/sub1_4.asp?yflag=2026&search=&page=13&seq=4447
