,v24,v26,s24,s26,pv24,pv26,방문%,방문당소비%,방문당소비26,격차,소비순위(낮은순)
가평군,17835508.0,17548496.0,318761491.0,309694967.0,17.87229671282702,17.64794926015312,-1.609216849892925,-1.255280483973198,17.64794926015312,-4.600845704681033,85.0
강남구,146213979.0,149681700.0,3861247484.0,3803593862.0,26.40819646936768,25.411215011587924,2.371675419625907,-3.77527279811104,25.411215011587924,1.9000388789756402,51.0
강동구,34092488.0,38245214.0,514038192.0,570386362.0,15.0777553107887,14.91392784467097,12.18076545190836,-1.0865507679415964,14.91392784467097,9.02040688108865,88.0
강릉시,22871514.0,24100873.0,515146035.0,602601124.0,22.523477676204557,25.003290295749867,5.375066119365779,11.009901113828292,25.003290295749867,-9.88174433322382,197.0
강북구,21837286.0,23080677.0,354058813.0,359664618.0,16.213498921065558,15.5829319044671,5.693889799309315,-3.8891482934580335,15.5829319044671,5.336128754006042,48.0
강진군,3876940.0,3983895.0,33497745.0,34817993.0,8.640253653654687,8.739686412417997,2.7587478784814934,1.1508083298139349,8.739686412417997,-2.638969790093748,122.0
강화군,11030705.0,11592484.0,148218494.0,154798862.0,13.436901267870004,13.353381553082151,5.092865777844668,-0.6215697587029445,13.353381553082151,1.4675261977863063,95.0
거제시,15143059.0,15429362.0,174769662.0,172089998.0,11.54123892669242,11.153409842869719,1.89065498589156,-3.360376527044562,11.153409842869719,1.0041221741748148,54.0
거창군,4237746.0,4317852.0,47079016.0,48608049.0,11.109447333558926,11.25746065404743,1.8902973420304114,1.3323193858743254,11.25746065404743,-3.6889313826052206,124.0
경산시,19480222.0,20804626.0,300075028.0,327021843.0,15.404086668006144,15.718708089248997,6.798711020849768,2.0424542397331047,15.718708089248997,0.5093474423553568,128.0
경주시,31262128.0,33719887.0,592976006.0,692481803.0,18.967870837199566,20.536302597929822,7.861777675531245,8.26888676220985,20.536302597929822,-4.654018425439911,186.0
계룡시,3381355.0,3442408.0,38628605.0,37363626.0,11.424001620652076,10.853921441037786,1.805577941387404,-4.990196942757008,10.853921441037786,2.548865545383105,42.0
계양구,19529179.0,21786200.0,344959905.0,346250414.0,17.663820122699473,15.893107288099806,11.557172987149134,-10.024518039131037,15.893107288099806,17.334781687518863,14.0
고령군,4074740.0,4172886.0,40182477.0,40333824.0,9.861359743198339,9.665690363935175,2.4086444779298777,-1.9842028316442106,9.665690363935175,0.1459379708127817,72.0
고양시 덕양구,39640226.0,41399411.0,997428887.0,1050794387.0,25.162038354675374,25.381868041552572,4.437878330966116,0.8736561155282985,25.381868041552572,-0.6826871233234888,116.0
고양시 일산동구,36713763.0,35783243.0,757512408.0,732018687.0,20.632927439227625,20.45702473082163,-2.5345263573227306,-0.8525339359821915,20.45702473082163,-5.928901760101845,92.0
고양시 일산서구,26244260.0,28232918.0,531214401.0,543762918.0,20.24116515382792,19.259890812561423,7.577496945998852,-4.84791430636059,19.259890812561423,8.178501913598135,44.0
고창군,5812291.0,6246870.0,80201986.0,84320988.0,13.798687299035784,13.498117937463082,7.476896803687216,-2.1782460538380732,13.498117937463082,5.408233518763983,68.0
고흥군,4379529.0,4528967.0,43201626.0,49973111.0,9.864445697242786,11.034107998578925,3.4121934116659647,11.857354556303878,11.034107998578925,-12.69207048339922,200.0
곡성군,3664770.0,3659904.0,54503942.0,54430115.0,14.872404543804931,14.872006205627251,-0.13277777322997508,-0.0026783710495914548,14.872006205627251,-4.37700874094169,104.0
공주시,16191008.0,17525443.0,281144358.0,320532433.0,17.364228218527224,18.28954811584506,8.241827809608893,5.3288858316809185,18.28954811584506,-1.3339673608333324,163.0
과천시,13850191.0,14754138.0,118886673.0,155429976.0,8.58375693158311,10.534670070186412,6.526603134931497,22.72796345648027,10.534670070186412,-20.448269660310082,218.0
관악구,41253647.0,48021607.0,531597135.0,536822996.0,12.886063988475977,11.178780335276993,16.405725292602625,-13.249070117343898,11.178780335276993,25.407886071185217,9.0
광명시,26394523.0,30498909.0,373390372.0,408996830.0,14.146509561851147,13.410211821019566,15.550142732263051,-5.204801492639244,13.410211821019566,16.50803488614099,39.0
광산구,31163768.0,33345479.0,477001623.0,551356511.0,15.306288475770966,16.534670592076367,7.000793357208912,8.025342774963784,16.534670592076367,-5.271458756516179,183.0
광양시,9672622.0,9924852.0,192435865.0,205714675.0,19.894901816694585,20.72722847655562,2.60766935790524,4.183617830989239,20.72722847655562,-5.822857811845306,143.0
광주시,30578816.0,31393177.0,540460752.0,570998103.0,17.674351812705893,18.18860521826128,2.6631541260459635,2.909602632135533,18.18860521826128,-4.493357844850876,136.0
광진구,47485612.0,50264761.0,674983652.0,723553332.0,14.214487790533267,14.39484278061125,5.852612787216471,1.2688110379756257,14.39484278061125,0.336892410479539,123.0
괴산군,7600471.0,7550261.0,98950599.0,112278643.0,13.019008821953271,14.870829366031188,-0.6606169538703632,14.223974877068123,14.870829366031188,-19.131501169699792,207.0
구례군,4580774.0,4605289.0,32353196.0,34902096.0,7.062823007640193,7.578698318390008,0.5351715670757873,7.304095121621601,7.578698318390008,-11.01583289330712,178.0
구로구,43174416.0,44362765.0,715591884.0,704971836.0,16.57444269773099,15.891070721132914,2.7524379252749975,-4.123046482230308,15.891070721132914,2.6285750687439986,47.0
구리시,29816698.0,31948157.0,399233767.0,444043272.0,13.389603603993978,13.898869721968625,7.1485413978435774,3.8034443217029867,13.898869721968625,-0.9018122626207159,141.0
구미시,17611986.0,17979732.0,327298078.0,330059303.0,18.5838256968862,18.35729826228778,2.0880439037369136,-1.2189494149010272,18.35729826228778,-0.9399160201233658,86.0
군산시,16803564.0,17867362.0,339036077.0,396045750.0,20.176438581719925,22.165877089186417,6.330787920943437,9.860206494861501,22.165877089186417,-7.7763279126793705,193.0
군위군,5313364.0,4983535.0,161659146.0,140885887.0,30.425008713876935,28.27027140373249,-6.207536317858143,-7.082125531690197,28.27027140373249,-3.372320124929251,29.0
군포시,17029214.0,17480740.0,230416642.0,258622746.0,13.530668062542405,14.79472528050872,2.6514788057745875,9.342164127621055,14.79472528050872,-10.937594660607775,190.0
금산군,6566030.0,6653391.0,90432913.0,96141906.0,13.772844930650637,14.45006102903016,1.3304995560483368,4.9170385769204294,14.45006102903016,-7.833448359633399,156.0
금정구,19584755.0,20580125.0,193857910.0,203548010.0,9.898408736795533,9.890513784537266,5.082371466990532,-0.07975981259411569,9.890513784537266,0.9152219408233409,101.0
금천구,19296447.0,21069500.0,454040873.0,431767686.0,23.529765505535813,20.49254543297183,9.18849464878171,-12.907991249846585,20.49254543297183,17.84957655986699,10.0
기장군,26792665.0,28319941.0,594295725.0,685924635.0,22.1812845045463,24.220553107790725,5.70035119686676,9.193645222964664,24.220553107790725,-7.740203364859211,188.0
김제시,8006546.0,8642294.0,119540626.0,145403330.0,14.930361481717584,16.824622027438547,7.940352806316242,12.687305314345586,16.824622027438547,-8.99386184679065,202.0
김천시,9678449.0,10343904.0,171565208.0,183217079.0,17.72651878415643,17.71256568119735,6.87563678849783,-0.07871315924449229,17.71256568119735,2.7074406089810155,102.0
김포시,33161026.0,35067268.0,858213117.0,916387364.0,25.880173822124803,26.132271381962234,5.748440955958367,0.9740953116084361,26.132271381962234,0.5274363055886244,118.0
김해시,29261007.0,31838927.0,579877992.0,660877689.0,19.817431163595977,20.756908327972234,8.8100864061172,4.740660666969032,20.756908327972234,-0.1774835996131383,151.0
나주시,10660109.0,11097688.0,163559635.0,180708236.0,15.343148461239936,16.283412905462832,4.104826695486885,6.1282366301688596,16.283412905462832,-6.270319273443281,169.0
남동구,36000180.0,38810778.0,728479836.0,756102952.0,20.235449822750887,19.481777768021036,7.807177630778517,-3.7245134718106976,19.481777768021036,7.284781763827907,52.0
남양주시,46604629.0,48290063.0,859512785.0,930302135.0,18.44264836868458,19.264877227432898,3.616451919400543,4.458301445168011,19.264877227432898,-5.088758864528775,148.0
남원시,7041842.0,7114482.0,109807715.0,113544939.0,15.59360675800451,15.959691654290502,1.0315482795552722,2.347660178733646,15.959691654290502,-5.56302123793968,134.0
남해군,5683426.0,6132203.0,64521547.0,79850873.0,11.352579764388592,13.021563865384104,7.896240753376582,14.701364232919767,13.021563865384104,-11.052032818304491,209.0
노원구,39186043.0,41949817.0,570707173.0,590573159.0,14.564041921762808,14.078086657684347,7.052955053410215,-3.3366785586651293,14.078086657684347,6.1427242733140375,55.0
논산시,11377260.0,11667922.0,181011316.0,188531236.0,15.909921721047072,16.158081618989225,2.55476274603903,1.5597807600389757,16.158081618989225,-3.2519273527612524,125.0
단양군,6337614.0,6138506.0,92920393.0,93138200.0,14.661731213040113,15.172779826231334,-3.1416870765559435,3.4855952940720636,15.172779826231334,-10.874191709389315,139.0
달서구,36496142.0,37241169.0,460666316.0,459884273.0,12.622329121801423,12.34881410409002,2.0413856346788606,-2.166914006694576,12.34881410409002,-0.038609697387870234,69.0
달성군,20141519.0,20827238.0,242775955.0,262153799.0,12.05350773196401,12.587065025136795,3.404504893598137,4.426572787254912,12.587065025136795,-5.268977232418082,147.0
담양군,10510646.0,10594213.0,112784785.0,121744703.0,10.730528361434683,11.491623115374402,0.7950700651510934,7.092798493269714,11.491623115374402,-10.544637766879926,174.0
당진시,15600689.0,14917529.0,337345547.0,367549856.0,21.62375950190405,24.638789440261856,-4.3790373617472955,13.943134810079272,24.638789440261856,-22.569081510587875,204.0
대덕구,17550887.0,18757228.0,313937172.0,349951500.0,17.887253903463684,18.65688789409608,6.873390501574073,4.30269506312182,18.65688789409608,-1.6762139003090537,145.0
도봉구,21024323.0,23231771.0,326559058.0,309063403.0,15.532441068375899,13.303480091982657,10.499496226346983,-14.350358495365,13.303480091982657,20.602945382950676,6.0
동대문구,37167885.0,39271796.0,620273157.0,646303990.0,16.68841681467751,16.4572048092733,5.660561530471808,-1.3854639896149878,16.4572048092733,2.7991161813254894,81.0
동두천시,6688872.0,6713602.0,81517098.0,79217399.0,12.186972332554726,11.799537565676369,0.36971854148202254,-3.179089574556704,11.799537565676369,-0.6981012227225802,57.0
동래구,25785047.0,28519326.0,305855189.0,323741089.0,11.861727031174308,11.351638850090637,10.604126492381427,-4.300285951135829,11.351638850090637,10.65750310475595,45.0
동작구,39889542.0,44223682.0,480180075.0,511987200.0,12.037743501793026,11.577217835457482,10.865354132168271,-3.825681002979908,11.577217835457482,10.444125796386873,50.0
동해시,7855585.0,8882248.0,133794029.0,158676929.0,17.031707886809194,17.864501081257806,13.069211268161451,4.889663444108261,17.864501081257806,3.932638485291883,154.0
마포구,79722437.0,82036441.0,1435983743.0,1398462190.0,18.012291106956503,17.046841293371077,2.9025755948729914,-5.359950091038456,17.046841293371077,4.015616347150141,38.0
목포시,17976681.0,18195863.0,267149942.0,285055754.0,14.860915760812578,15.665965060299696,1.2192573256431416,5.41722537456264,15.665965060299696,-8.444877387680805,165.0
무안군,10315484.0,11200698.0,159150526.0,164233315.0,15.428313979256814,14.662775034198761,8.581410237270504,-4.961909292793177,14.662775034198761,9.296410191302375,43.0
무주군,5670009.0,5577895.0,56131016.0,61284066.0,9.899634374478065,10.986952246322314,-1.624582959215759,10.983414444551908,10.986952246322314,-16.854906742528975,196.0
문경시,6999119.0,8184656.0,139175861.0,159242185.0,19.884768497292303,19.45618545238798,16.93837467258379,-2.1553333394989327,19.45618545238798,14.846798673321418,70.0
미추홀구,30189295.0,31105024.0,565736106.0,594165809.0,18.73962628143519,19.101924145758577,3.0332904428540086,1.9333249173827172,19.101924145758577,-3.146943813290015,127.0
밀양시,10126528.0,10391597.0,93479362.0,109503624.0,9.231136476391514,10.53770888151263,2.6175704051773607,14.153971273880028,10.53770888151263,-15.783310207463973,206.0
보령시,11561860.0,11461609.0,161459280.0,170962259.0,13.964818809430316,14.916078449369543,-0.8670836699285367,6.811829447417184,14.916078449369543,-11.925822456107028,172.0
보성군,4667080.0,4790504.0,60866081.0,61637720.0,13.041576531792899,12.866646181696122,2.64456576703207,-1.3413282487000688,12.866646181696122,-0.26101532302916786,83.0
보은군,4992488.0,5675079.0,54232429.0,62974191.0,10.862806079854373,11.096619271731724,13.6723613557008,2.1524198274234907,11.096619271731724,7.273032189516004,131.0
봉화군,3026524.0,3012862.0,24239617.0,28313345.0,8.009061550478371,9.397491488159764,-0.4514089430647128,17.33573813774054,9.397491488159764,-22.03405641956656,215.0
부산진구,47491670.0,50204309.0,618045654.0,687657544.0,13.013769656868247,13.697181729958677,5.711820620331953,5.251453584240662,13.697181729958677,-3.786542302670015,162.0
부안군,6820054.0,7143159.0,93310073.0,104440299.0,13.681720555291792,14.621023975526795,4.737572459103689,6.865389600957039,14.621023975526795,-6.374726480614656,173.0
부여군,6462250.0,7488477.0,108324828.0,134680412.0,16.762710820534643,17.985020452089255,15.880335796355748,7.291837487629138,17.985020452089255,4.341588969965304,177.0
부천시 소사구,17446273.0,19868790.0,246768126.0,240890483.0,14.144460882848731,12.12406407234663,13.885584617413693,-14.284014267040678,12.12406407234663,23.922689545693064,7.0
부천시 오정구,13562788.0,13530590.0,181388159.0,193220835.0,13.373958141939548,14.280296350713458,-0.23739956710965293,6.776888331448516,14.280296350713458,-11.261197237319475,171.0
부천시 원미구,42368140.0,44803614.0,772843204.0,740331500.0,18.241140725082573,16.52392371740369,5.748361858698536,-9.41397818020019,16.52392371740369,10.915430700137419,18.0
부평구,31895421.0,33211157.0,609067488.0,665332348.0,19.095765752707887,20.033398655758965,4.125156397841567,4.9101613163542,20.033398655758965,-5.0319142572739395,155.0
사상구,18840751.0,19560399.0,295296889.0,300861721.0,15.673307767827302,15.381164821842336,3.8196354274837585,-1.8639520789903052,15.381164821842336,1.4366781677127571,73.0
사천시,9859137.0,10036860.0,179834915.0,200016044.0,18.24043169295649,19.928149241894378,1.8026222781973633,9.252618454143246,19.928149241894378,-11.69690551470719,189.0
사하구,15769443.0,16730803.0,177260622.0,194230051.0,11.240766208419663,11.60912904180391,6.096347220380571,3.2770260189944445,11.60912904180391,-1.4275881373751798,137.0
산청군,5052311.0,5082460.0,78309853.0,89798069.0,15.499808503474945,17.668229361372248,0.5967368200413548,13.989984827303893,17.668229361372248,-17.640157346023845,205.0
삼척시,8262615.0,8192103.0,123920076.0,112888552.0,14.997682452831217,13.780167558928397,-0.8533860043097752,-8.118020219003775,13.780167558928397,3.017724875932693,24.0
상주시,8940339.0,9297281.0,105164317.0,105642286.0,11.762900377714983,11.362707656141618,3.9924884280115203,-3.402160255743869,11.362707656141618,3.1477393449940827,53.0
서귀포시,29438105.0,29571424.0,709330188.0,694082508.0,24.095647053368413,23.47139278784816,0.4528790151404172,-2.5907346008912757,23.47139278784816,-1.2032957227296137,65.0
서대문구,56259446.0,61065815.0,565631373.0,553588692.0,10.053980499559131,9.06544343999994,8.543221346331787,-9.832295373981859,9.06544343999994,14.128607381552339,15.0
서산시,11943236.0,12086822.0,212164029.0,215253776.0,17.764367127971013,17.808963845086822,1.202236981668947,0.2510459100205642,17.808963845086822,-3.2957182671129237,107.0
서천군,7005439.0,6991106.0,70974586.0,68582607.0,10.131354508975098,9.809979565465035,-0.2045981700789956,-3.172082698570722,9.809979565465035,-1.2794248102695809,58.0
서초구,110955238.0,126356652.0,2749800851.0,2963586710.0,24.78297465325612,23.45414082354762,13.880745314610564,-5.361881889888109,23.45414082354762,14.995717865737369,37.0
성남시 분당구,57442746.0,61666857.0,1447991242.0,1528845013.0,25.207556094202044,24.792004771704192,7.353602141513216,-1.6485188843571863,24.792004771704192,4.755211687109096,75.0
성남시 수정구,29156571.0,30905845.0,399246129.0,409254991.0,13.693178426228517,13.241993254026868,5.99958753723131,-3.2949630696218035,13.241993254026868,5.047641268091807,56.0
성남시 중원구,16716288.0,16716533.0,281120353.0,286989822.0,16.817151810258355,17.168022938727784,0.0014656363900966696,2.0863885420562056,17.168022938727784,-6.3318322444274155,129.0
성동구,41969052.0,54365237.0,737521747.0,764286264.0,17.572990378720014,14.058363509019559,29.53649036437611,-20.000163853481013,14.058363509019559,45.28974487909582,3.0
성북구,33862701.0,41183665.0,449091115.0,458940347.0,13.26211736624317,11.143747090017365,21.619551257886947,-15.97309251400395,11.143747090017365,33.34573443312959,5.0
성주군,4996993.0,5165392.0,131542547.0,134263479.0,26.324340858592358,25.992892504576613,3.37000672204264,-1.2590945991628133,25.992892504576613,0.38219198244414665,84.0
세종특별자치시,20890638.0,22638466.0,316803266.0,336304910.0,15.164843984180857,14.855463705005453,8.36656113614147,-2.040115147232191,14.855463705005453,6.159766944612355,71.0
속초시,16630285.0,17973055.0,398042988.0,456545067.0,23.93482661301355,25.40163967672719,8.074245269999892,6.128363022759986,25.40163967672719,-2.3010270915214006,170.0
송파구,83630876.0,91795142.0,1936642656.0,2077783445.0,23.157029420569504,22.63500442104006,9.762262923085974,-2.2542830949886516,22.63500442104006,7.769636679313319,67.0
수성구,33078207.0,34865078.0,466300280.0,490012448.0,14.09690313625524,14.054534683674019,5.401958455607958,-0.3005514911445628,14.054534683674019,1.4556006079912143,97.0
수영구,25306725.0,28478766.0,301585922.0,320957444.0,11.917224453183886,11.270061490726109,12.534379695515717,-5.43048396042316,11.270061490726109,13.717954317177572,35.0
수원시 권선구,29728091.0,33768838.0,662304292.0,680424443.0,22.278736027819612,20.149477544948393,13.592352768295823,-9.557357653559873,20.149477544948393,18.90280108309439,17.0
수원시 영통구,39148932.0,40729770.0,615162602.0,583684883.0,15.713394224905038,14.330669753352401,4.038010538831549,-8.799654942539902,14.330669753352401,8.590756142610145,20.0
수원시 장안구,30881092.0,31606489.0,401440316.0,384294140.0,12.999550534029042,12.158710193973143,2.3490004822368293,-6.4682262502447685,12.158710193973143,4.570317393720291,33.0
수원시 팔달구,45582186.0,51940075.0,800671949.0,827443289.0,17.56545745743743,15.930729576343508,13.948188004849094,-9.306491931992111,15.930729576343508,19.0077705980799,19.0
순창군,3039032.0,3142228.0,26202250.0,25136704.0,8.621906580779669,7.999643565011833,3.3956865212343867,-7.21723217408795,7.999643565011833,6.3660093565610305,26.0
순천시,16920457.0,18379222.0,263137281.0,278302761.0,15.551428723231293,15.142249274751673,8.621309696304301,-2.6311373428241525,15.142249274751673,7.005537700367148,64.0
시흥시,35789519.0,37762705.0,824223899.0,872753914.0,23.0297562534998,23.11153064908883,5.5133068427100085,0.3550814636894106,23.11153064908883,0.9113160402592912,111.0
신안군,5164868.0,5020338.0,30998629.0,31915145.0,6.001824054361118,6.357170572977357,-2.7983290182827525,5.920642048112557,6.357170572977357,-12.965880405156616,168.0
아산시,25309609.0,27943423.0,462104745.0,514957566.0,18.258075223524788,18.428578560328848,10.406379648140751,0.9338516503885064,18.428578560328848,5.225618658990938,117.0
안동시,11100086.0,11726312.0,172849081.0,177466240.0,15.571868632369155,15.13401997149658,5.641631965734328,-2.81179267054964,15.13401997149658,4.206515297522662,62.0
안산시 단원구,35346580.0,37553935.0,678053290.0,664351627.0,19.182995639182064,17.690599586967384,6.24488988750822,-7.779786224662422,17.690599586967384,9.777766773409336,25.0
안산시 상록구,17980614.0,19984604.0,328123506.0,338474269.0,18.248737557015573,16.93675136119785,11.145281245679373,-7.189462787322198,16.93675136119785,14.087834694240264,27.0
안성시,22479630.0,24918766.0,675070799.0,765404124.0,30.03033408468022,30.715972211465047,10.850427698320653,2.283151845235709,30.715972211465047,4.320366514323637,133.0
안양시 동안구,27061379.0,29625210.0,727515511.0,730684002.0,26.883903846880827,24.664264050786475,9.474132859230867,-8.256389431893773,24.664264050786475,13.483612952363334,22.0
안양시 만안구,19556285.0,21055988.0,256924329.0,264999523.0,13.137685864160806,12.585470840883838,7.668649746104639,-4.203289901940743,12.585470840883838,7.625030309284075,46.0
양구군,1960932.0,1944676.0,19310208.0,22241063.0,9.847464368983728,11.436899000141926,-0.8289935602050491,16.140547166277596,11.436899000141926,-21.21645006524395,212.0
양산시,23433788.0,24808015.0,363066917.0,372895478.0,15.493308934944706,15.031250102033557,5.864297312922684,-2.9823121377834827,15.031250102033557,4.59970011194486,60.0
양양군,10450534.0,10726738.0,143508223.0,182890761.0,13.732142587163489,17.049988635874204,2.642965421671284,24.161168059907602,17.049988635874204,-25.765111976997623,220.0
양주시,22587904.0,22654847.0,414655919.0,445639156.0,18.357432323069904,19.67080845878147,0.29636658629326185,7.154465355490025,19.67080845878147,-11.10500810795807,175.0
양천구,25202768.0,27942056.0,528585675.0,556490281.0,20.973318287895996,19.91586735779214,10.86899661180074,-5.041886627516279,19.91586735779214,11.663973900555714,41.0
양평군,19455016.0,19514451.0,257765294.0,272077362.0,13.249297456244703,13.94235287480032,0.3054996202521698,5.23088428533216,13.94235287480032,-9.172294003841298,161.0
여수시,18287071.0,17349503.0,361982153.0,373655161.0,19.794430338242794,21.536937455787637,-5.126944604742878,8.803017251667633,21.536937455787637,-18.176871195171817,187.0
여주시,15932558.0,16084376.0,678408679.0,715757669.0,42.580022555072446,44.500182599561214,0.9528790041122059,4.509532708690456,44.500182599561214,-7.803563043339556,149.0
연수구,32122225.0,33614178.0,692567958.0,726972002.0,21.560398073296604,21.626945689405225,4.644612880957033,0.30865671349102897,21.626945689405225,0.08904682870469749,109.0
연제구,20907005.0,21758024.0,311114629.0,286860861.0,14.880879829511688,13.184141216132494,4.070496945880109,-11.402139072544825,13.184141216132494,11.225726679663627,12.0
연천군,6106550.0,6157046.0,59428380.0,61254660.0,9.731907541901728,9.948709169949355,0.8269153613742697,2.2277403182692,9.948709169949355,-5.647734295656237,132.0
영광군,4638758.0,4648001.0,50201461.0,49563089.0,10.822177186220967,10.663312895156434,0.1992559215203693,-1.4679513034290714,10.663312895156434,-2.579702113811866,79.0
영덕군,6857377.0,7168522.0,88292879.0,113812278.0,12.87560520589724,15.876672764622889,4.537376317504482,23.308166961744913,15.876672764622889,-23.017699983001737,219.0
영도구,12328383.0,12874681.0,66397967.0,65588916.0,5.385780681862333,5.094410960551178,4.431221839879562,-5.409981180488832,5.094410960551178,5.594293681607088,36.0
영동군,4374165.0,4483845.0,48236389.0,53472693.0,11.0275650324119,11.92563369161958,2.5074499933130046,8.143852759590198,11.92563369161958,-9.883312105038499,185.0
영등포구,76314681.0,81454441.0,1891086053.0,1906814179.0,24.780108207488937,23.409579092194615,6.734955755105632,-5.530763238879343,23.409579092194615,8.018809655223668,34.0
영암군,6794574.0,7072854.0,98739869.0,112428850.0,14.532164783252048,15.89582507994651,4.095621005820238,9.383738190651725,15.89582507994651,-9.535026523592794,191.0
영양군,1155196.0,1209046.0,6290158.0,7495381.0,5.445100225416293,6.199417557313783,4.661546612003509,13.853139532244718,6.199417557313783,-13.438502259002515,203.0
영월군,4842164.0,5571271.0,68527068.0,76890095.0,14.152157589044899,13.801176607635853,15.057461911657688,-2.480052806087596,13.801176607635853,13.290605378983976,66.0
영주시,5916900.0,6115623.0,74743803.0,77902821.0,12.63225726309385,12.73832952096622,3.358566141053587,0.8396936166133129,12.73832952096622,-1.7280368143210323,115.0
영천시,8646036.0,9008556.0,150030785.0,172644296.0,17.352551504527625,19.164480522738604,4.192904123924546,10.441859329668102,19.164480522738604,-10.495864544504862,194.0
예산군,9821603.0,10981851.0,164937823.0,193394931.0,16.793371000640118,17.61041294404741,11.813224378953201,4.865264653392987,17.61041294404741,2.701050386798908,153.0
예천군,4488322.0,4591638.0,39347521.0,43307040.0,8.766643970731156,9.431719138137632,2.3018847578226254,7.586428394114519,9.431719138137632,-9.5314529750532,180.0
오산시,19820492.0,21615308.0,337348689.0,362805855.0,17.02019753091901,16.784672001897913,9.05535543719096,-1.3838002090941548,16.784672001897913,6.192246307523808,82.0
옥천군,7190702.0,8311604.0,98373728.0,104328099.0,13.680684862201215,12.552101736319488,15.588213779405692,-8.249463658065281,12.552101736319488,19.590768098709667,23.0
옹진군,4177962.0,4835439.0,37071973.0,42526704.0,8.873219287298449,8.794796915026744,15.736787457616884,-0.8838096944584928,8.794796915026744,12.37368781331407,90.0
완도군,4232128.0,4527207.0,31471170.0,34016327.0,7.436251928108034,7.513755611351546,6.972355278479281,1.0422412257250047,7.513755611351546,1.6832047139929696,119.0
완주군,15365622.0,15381299.0,191886064.0,205983770.0,12.48801148433822,13.391831860234952,0.10202645880523775,7.237504361925473,13.391831860234952,-11.382387241881542,176.0
용산구,67769727.0,80404039.0,1073812017.0,1272260798.0,15.845010221156713,15.823344372040813,18.64300264925074,-0.13673610059885544,15.823344372040813,14.53282941108829,99.0
용인시 기흥구,39181127.0,41289736.0,944565628.0,1006097510.0,24.10766867425738,24.36677023074209,5.381695631164463,1.0747681992219649,24.36677023074209,0.06001809318119111,120.0
용인시 수지구,24131803.0,25447886.0,515012773.0,557947057.0,21.341661582435428,21.92508473984833,5.453728426342619,2.733728839056604,21.92508473984833,-1.5269097514752916,135.0
용인시 처인구,31523256.0,36022066.0,745132976.0,852896871.0,23.637563835410912,23.677067023307323,14.271400137092428,0.16712038588864164,23.677067023307323,9.857370412442481,106.0
울릉군,1192872.0,952200.0,26602548.0,18675033.0,22.301259481319036,19.61251102709515,-20.175844516427578,-12.05648701803661,19.61251102709515,-12.366266837152274,11.0
울주군,23742962.0,25400849.0,403355376.0,465036002.0,16.988418546936142,18.307892070851647,6.982646057387454,7.76690025778457,18.307892070851647,-5.031163539158423,181.0
울진군,5373040.0,5814482.0,65329676.0,83651159.0,12.158792043238092,14.38669154019223,8.215870345279397,18.3233621319574,14.38669154019223,-14.35440112543931,216.0
원주시,22557703.0,23349185.0,448560860.0,473175922.0,19.885041486715203,20.26520077681512,3.5086994451518416,1.9117852500025956,20.26520077681512,-2.6499951436120606,126.0
유성구,40178946.0,43162837.0,1054098138.0,1131229671.0,26.23508685369696,26.20841792674564,7.426503920735006,-0.10165366366058359,26.20841792674564,3.281248245634283,100.0
은평구,23933243.0,25131606.0,393413938.0,413516364.0,16.437970316016095,16.45403656256588,5.00710664242201,0.09773862734214767,16.45403656256588,0.6624586763185558,105.0
음성군,11779580.0,12805374.0,320436534.0,317688872.0,27.20271299995416,24.809027209982307,8.708239173213306,-8.799437725111769,24.809027209982307,13.260767559563767,21.0
의령군,2920119.0,2984862.0,18600940.0,22888254.0,6.369925335234626,7.668111289567156,2.217135671525705,20.379924190818045,7.668111289567156,-22.409697858053647,217.0
의성군,4555385.0,4444033.0,62577770.0,70928480.0,13.737097962082238,15.960385532690688,-2.4444037112121175,16.184550599735626,15.960385532690688,-22.87586364970905,213.0
의왕시,19617134.0,20666545.0,373976674.0,425747031.0,19.063777308142974,20.60078406913202,5.34946134333385,8.062446052244443,20.60078406913202,-6.9598940476719,184.0
의정부시,27963671.0,29950039.0,534218714.0,562819022.0,19.104026577912464,18.79192951969111,7.103387820576201,-1.6336716081739144,18.79192951969111,4.490150089988809,76.0
이천시,23501886.0,25305472.0,588338989.0,629401244.0,25.03369257258758,24.872140065200128,7.674218145726686,-0.6453403025503124,24.872140065200128,4.072649109515691,94.0
익산시,15896907.0,17646074.0,228105003.0,240392648.0,14.349017893858221,13.623010308128595,11.003190746476665,-5.059632590188468,13.623010308128595,11.815913997903827,40.0
인제군,5809011.0,8035452.0,74322722.0,80518629.0,12.794384792867495,10.020423119943969,38.32736760181725,-21.681086803563478,10.020423119943969,55.76154506661942,2.0
임실군,5744124.0,5955887.0,70672086.0,77216712.0,12.303370540051016,12.964771158351393,3.6866021694517803,5.3757676902221885,12.964771158351393,-5.936074859531715,164.0
장성군,6529432.0,6874320.0,116536406.0,141795544.0,17.847862723740747,20.62684658264381,5.282052098865564,15.570401352350927,20.62684658264381,-14.53525859224667,210.0
장수군,1775582.0,1767452.0,23982893.0,23613185.0,13.507060220254543,13.360014868862068,-0.45787803660997106,-1.0886554808719362,13.360014868862068,-3.6161318944993415,87.0
장흥군,3572722.0,3653712.0,38515277.0,41268471.0,10.780373339991188,11.294943608034787,2.2668990198509764,4.77321380081277,11.294943608034787,-6.7532241197231,152.0
전주시 덕진구,26152454.0,28298888.0,347714870.0,380548526.0,13.295688045183065,13.447472777022192,8.20739040397509,1.141608702936714,13.447472777022192,2.8188723622770695,121.0
전주시 완산구,26981420.0,28381090.0,396754344.0,418636393.0,14.704724362172191,14.750539637483973,5.187532754021107,0.31156840606709757,14.750539637483973,0.6290550091927027,110.0
정선군,6726784.0,6697697.0,99945498.0,105062383.0,14.857842618404277,15.68634457485909,-0.4324057380168611,5.576192841271288,15.68634457485909,-10.255507918049457,166.0
정읍시,7039128.0,7285917.0,94304406.0,108660065.0,13.397171638305199,14.91371161653365,3.5059598291151906,11.319851825234206,14.91371161653365,-12.060801334880322,198.0
제주시,39557362.0,39206919.0,1322540116.0,1131135825.0,33.43347607456736,28.85041349461813,-0.8859109462354908,-13.708005023849545,28.85041349461813,8.575184738852748,8.0
제천시,10339663.0,10492719.0,225275590.0,240160197.0,21.787517639598118,22.888271095413877,1.4802803534312403,5.052220606422719,22.888271095413877,-7.818849591752786,157.0
종로구,90435897.0,100426079.0,1499455396.0,1616753332.0,16.58031208558699,16.09893912118186,11.046699741364874,-2.9032804806103707,16.09893912118186,9.703070883213938,61.0
중랑구,24275645.0,25103183.0,343796526.0,318694423.0,14.16219943898504,12.695379028229208,3.408922811319748,-10.357292432403097,12.695379028229208,9.519305904961538,13.0
증평군,3931643.0,4089954.0,82688886.0,84679133.0,21.03163639221567,20.70417735749595,4.026586340621474,-1.5569831496369924,20.70417735749595,1.3366601514971599,77.0
진도군,3485930.0,3492625.0,35759408.0,29365621.0,10.25821172542191,8.407894062488817,0.19205778658779593,-18.03742906132103,8.407894062488817,13.982577509147522,4.0
진안군,3191290.0,3319211.0,28726562.0,33322007.0,9.001551723597668,10.039134902842875,4.008441727326573,11.526714627714373,10.039134902842875,-11.765182239149107,199.0
진주시,14685263.0,15293406.0,218946064.0,224850024.0,14.909236831509249,14.702416453208658,4.141178813072677,-1.387196277300362,14.702416453208658,1.2814657516117323,80.0
진천군,8606038.0,9417565.0,206749543.0,222423029.0,24.02377760823273,23.61789156751241,9.429739910513991,-1.689517973981025,23.61789156751241,6.8723485457337095,74.0
창녕군,6584552.0,6904531.0,103561156.0,135312966.0,15.72789705358846,19.5977056225832,4.859540937637052,24.60474248915436,19.5977056225832,-23.992110890278617,221.0
창원시 마산합포구,16254285.0,16520225.0,221413574.0,222636282.0,13.621858728329176,13.476588968975907,1.6361224132590335,-1.0664459399446935,13.476588968975907,-1.5443409855575796,89.0
창원시 마산회원구,13950125.0,14898929.0,174203537.0,192876049.0,12.487596849490595,12.945631796755324,6.801401421134212,3.66791907830859,12.945631796755324,-1.1134269959356846,140.0
창원시 성산구,21322475.0,23549904.0,343878885.0,376513393.0,16.127531395862817,15.987895024964857,10.446390487033042,-0.8658260676756901,15.987895024964857,7.065307215947426,91.0
창원시 의창구,21709166.0,23210657.0,262425458.0,276424811.0,12.08823305326423,11.909391922856816,6.9163919056125955,-1.4794646133921119,11.909391922856816,4.1489471802434,78.0
창원시 진해구,11719939.0,12596446.0,264749022.0,301128250.0,22.58962457057157,23.905810416684197,7.478767594268199,5.826506066981207,23.905810416684197,-2.5946478114743154,167.0
천안시 동남구,30999675.0,32522369.0,544429150.0,575883372.0,17.562414767251592,17.707300842690763,4.91196762546704,0.8249780987369615,17.707300842690763,-0.1599198120312284,114.0
천안시 서북구,26709027.0,29396176.0,659438613.0,677621420.0,24.689728045877523,23.05134586212846,10.060827000549288,-6.635885906497963,23.05134586212846,12.449803568285944,32.0
철원군,4475445.0,4148572.0,46301029.0,46293225.0,10.345569881877669,11.158833690243293,-7.303698291454818,7.860986080527255,11.158833690243293,-19.41159371074338,182.0
청도군,6787793.0,6962042.0,93225957.0,110679855.0,13.734354745349483,15.897613803536377,2.567093604651771,15.750714891934647,15.897613803536377,-17.43053062604418,211.0
청송군,3005144.0,3059023.0,33630711.0,35683800.0,11.191048082887209,11.66509699338645,1.7928924537393254,4.235965273209175,11.66509699338645,-6.689982158231156,144.0
청양군,3078848.0,3406693.0,24418370.0,28398885.0,7.931008611012951,8.33620317416333,10.6483009229426,5.1089915926674,8.33620317416333,1.2923999915138928,159.0
청주시 상당구,19753628.0,21506656.0,397444853.0,403304582.0,20.120094040446645,18.75254721143073,8.874460934467333,-6.796920661835815,18.75254721143073,11.42447225754184,31.0
청주시 서원구,20487521.0,21268373.0,448789370.0,486321312.0,21.90549896202669,22.865938640440433,3.811354238514264,4.384468393432495,22.865938640440433,-4.820023493679537,146.0
청주시 청원구,18737419.0,20615806.0,439605278.0,449228012.0,23.46135708445224,21.79046562622873,10.024790500762148,-7.1218875029646185,21.79046562622873,12.89976866496546,28.0
청주시 흥덕구,25793945.0,28709176.0,736837102.0,837246067.0,28.566281815364032,29.163012794236938,11.301997426140131,2.0889347193653984,29.163012794236938,4.966153368013426,130.0
춘천시,20140669.0,19743292.0,385168802.0,396965008.0,19.123932874325078,20.10632309951147,-1.9730079472533912,5.136967545547622,20.10632309951147,-11.356884831562319,160.0
충주시,20301985.0,20089071.0,375928960.0,357536376.0,18.516857341782096,17.79755649228379,-1.0487348897164517,-3.884573047259221,17.79755649228379,-1.4110711812185377,49.0
칠곡군,14688478.0,14925537.0,349352422.0,393326087.0,23.784113098715878,26.35255850426018,1.6139112575176195,10.798995930115108,26.35255850426018,-13.431994011358796,195.0
태백시,3695132.0,3672550.0,63529802.0,63628391.0,17.192836954133167,17.325398156594193,-0.6111283710568349,0.7710257638961604,17.325398156594193,-5.629063473714302,113.0
태안군,11485083.0,12187572.0,173464168.0,192442741.0,15.10343181673132,15.790080337576672,6.116533942331981,4.54630794628208,15.790080337576672,-2.6766833427114056,150.0
통영시,10286774.0,10677982.0,132875362.0,148101037.0,12.917107151377099,13.86975900502548,3.8030192944843444,7.375117682962151,13.86975900502548,-7.819007727239113,179.0
파주시,33957321.0,35947133.0,811770752.0,852734706.0,23.905618231779826,23.72191145257676,5.85974376482763,-0.7684669663085675,23.72191145257676,2.3813013923748905,93.0
평창군,11732273.0,11816839.0,221439205.0,222505159.0,18.874365180557938,18.829499073313936,0.7207980925776347,-0.2377092252629276,18.829499073313936,-3.2884020209207443,98.0
평택시,31582863.0,37993040.0,752249188.0,843247316.0,23.81827094016144,22.19478399201538,20.296377184044402,-6.816141071804671,22.19478399201538,22.86560891708777,30.0
포천시,18073959.0,19373839.0,452029762.0,485984523.0,25.010002623110964,25.084575287324313,7.192004806473218,0.2981713570251232,25.084575287324313,2.646924110686788,108.0
포항시 남구,19985648.0,20629878.0,277456280.0,327297796.0,13.882776280258714,15.865231776940222,3.223463157161577,14.279964300084247,15.865231776940222,-15.303410481683976,208.0
포항시 북구,20602060.0,21468449.0,322201068.0,325473191.0,15.639264617227598,15.16053586358288,4.205351309529237,-3.0610694643363856,15.16053586358288,3.019511435104316,59.0
하남시,36458146.0,39366559.0,903009135.0,981530430.0,24.768377827001956,24.933101976223018,7.97740236160116,0.6650582867057331,24.933101976223018,3.0654347361341205,112.0
하동군,5447376.0,5399027.0,64132167.0,71105672.0,11.773038431714646,13.170090092159198,-0.8875649487019022,11.866534442639054,13.170090092159198,-17.001008730102264,201.0
함안군,7186316.0,7838820.0,154317325.0,195852503.0,21.473773905851065,24.98494709662934,9.079812243157681,16.350983325858557,24.98494709662934,-11.518080421462184,214.0
함양군,4729314.0,5516530.0,52195787.0,47272471.0,11.036650770069402,8.56924026516669,16.645458516816603,-22.35651518116485,8.56924026516669,34.75506435922014,1.0
함평군,3843215.0,3949343.0,90634778.0,90628729.0,23.58306209774889,22.947798912376058,2.7614380147870987,-2.693726466646884,22.947798912376058,1.2082551426726762,63.0
합천군,4391046.0,4530192.0,32797554.0,37028875.0,7.469189345773194,8.173798152484487,3.1688577163618836,9.433537886009402,8.173798152484487,-10.511589508408825,192.0
해남군,6026492.0,6241876.0,56035115.0,72618134.0,9.29813148345671,11.634023809508552,3.5739531389073376,25.12216922515964,11.634023809508552,-25.79512542501361,222.0
해운대구,45322552.0,48662217.0,1178278421.0,1261092338.0,25.997618602765353,25.91522572841266,7.368660529089355,-0.31692469841806403,25.91522572841266,3.438675888746112,96.0
홍성군,7992051.0,8845587.0,125250700.0,138565275.0,15.671909501078009,15.664904432006605,10.679811727928158,-0.044698248614327696,15.664904432006605,6.477600637781179,103.0
홍천군,13435801.0,15132799.0,307643355.0,312885010.0,22.89728427802704,20.675950959237614,12.630419280547557,-9.701295978235668,20.675950959237614,18.084805920021918,16.0
화성시,64710494.0,8054833.0,1306863274.0,1595561533.0,20.195538516519438,198.0874753083025,-87.55250887128138,880.8477013191401,198.0874753083025,-972.6471195291828,223.0
화순군,8160155.0,8762630.0,96305711.0,106864840.0,11.801946286559508,12.195521207673952,7.383131815510868,3.3348306419820117,12.195521207673952,-0.19860816523245006,138.0
화천군,2950449.0,2899574.0,26200743.0,27062125.0,8.880256191515258,9.33313824720459,-1.7243138247771794,5.099876016212712,9.33313824720459,-11.071099179751197,158.0
횡성군,7553340.0,7629459.0,167457505.0,176124782.0,22.169994333632538,23.0848323583625,1.0077528616479592,4.126469366490215,23.0848323583625,-7.365625843603563,142.0
