승하차,구분,요일,시간대,기간누적,해당일수,일평균
승차,평일,월,00-01,0,128.0,0.0
승차,평일,화,00-01,0,131.0,0.0
승차,평일,수,00-01,0,129.0,0.0
승차,평일,목,00-01,0,132.0,0.0
승차,평일,금,00-01,0,132.0,0.0
승차,주말,토,00-01,0,135.0,0.0
승차,주말,일,00-01,0,134.0,0.0
승차,공휴일,월,00-01,0,8.0,0.0
승차,공휴일,화,00-01,0,4.0,0.0
승차,공휴일,수,00-01,0,6.0,0.0
승차,공휴일,목,00-01,0,6.0,0.0
승차,공휴일,금,00-01,0,6.0,0.0
승차,공휴일,토,00-01,0,3.0,0.0
승차,공휴일,일,00-01,0,3.0,0.0
승차,명절대수송,월,00-01,0,,
승차,명절대수송,화,00-01,0,,
승차,명절대수송,수,00-01,0,,
승차,명절대수송,목,00-01,0,,
승차,명절대수송,금,00-01,0,,
승차,명절대수송,토,00-01,0,,
승차,명절대수송,일,00-01,0,,
승차,평일,월,01-02,0,128.0,0.0
승차,평일,화,01-02,0,131.0,0.0
승차,평일,수,01-02,0,129.0,0.0
승차,평일,목,01-02,0,132.0,0.0
승차,평일,금,01-02,0,132.0,0.0
승차,주말,토,01-02,0,135.0,0.0
승차,주말,일,01-02,0,134.0,0.0
승차,공휴일,월,01-02,0,8.0,0.0
승차,공휴일,화,01-02,0,4.0,0.0
승차,공휴일,수,01-02,0,6.0,0.0
승차,공휴일,목,01-02,0,6.0,0.0
승차,공휴일,금,01-02,0,6.0,0.0
승차,공휴일,토,01-02,0,3.0,0.0
승차,공휴일,일,01-02,0,3.0,0.0
승차,명절대수송,월,01-02,0,,
승차,명절대수송,화,01-02,0,,
승차,명절대수송,수,01-02,0,,
승차,명절대수송,목,01-02,0,,
승차,명절대수송,금,01-02,0,,
승차,명절대수송,토,01-02,0,,
승차,명절대수송,일,01-02,0,,
승차,평일,월,02-03,0,128.0,0.0
승차,평일,화,02-03,0,131.0,0.0
승차,평일,수,02-03,0,129.0,0.0
승차,평일,목,02-03,0,132.0,0.0
승차,평일,금,02-03,0,132.0,0.0
승차,주말,토,02-03,0,135.0,0.0
승차,주말,일,02-03,0,134.0,0.0
승차,공휴일,월,02-03,0,8.0,0.0
승차,공휴일,화,02-03,0,4.0,0.0
승차,공휴일,수,02-03,0,6.0,0.0
승차,공휴일,목,02-03,0,6.0,0.0
승차,공휴일,금,02-03,0,6.0,0.0
승차,공휴일,토,02-03,0,3.0,0.0
승차,공휴일,일,02-03,0,3.0,0.0
승차,명절대수송,월,02-03,0,,
승차,명절대수송,화,02-03,0,,
승차,명절대수송,수,02-03,0,,
승차,명절대수송,목,02-03,0,,
승차,명절대수송,금,02-03,0,,
승차,명절대수송,토,02-03,0,,
승차,명절대수송,일,02-03,0,,
승차,평일,월,03-04,0,128.0,0.0
승차,평일,화,03-04,0,131.0,0.0
승차,평일,수,03-04,0,129.0,0.0
승차,평일,목,03-04,0,132.0,0.0
승차,평일,금,03-04,0,132.0,0.0
승차,주말,토,03-04,0,135.0,0.0
승차,주말,일,03-04,0,134.0,0.0
승차,공휴일,월,03-04,0,8.0,0.0
승차,공휴일,화,03-04,0,4.0,0.0
승차,공휴일,수,03-04,0,6.0,0.0
승차,공휴일,목,03-04,0,6.0,0.0
승차,공휴일,금,03-04,0,6.0,0.0
승차,공휴일,토,03-04,0,3.0,0.0
승차,공휴일,일,03-04,0,3.0,0.0
승차,명절대수송,월,03-04,0,,
승차,명절대수송,화,03-04,0,,
승차,명절대수송,수,03-04,0,,
승차,명절대수송,목,03-04,0,,
승차,명절대수송,금,03-04,0,,
승차,명절대수송,토,03-04,0,,
승차,명절대수송,일,03-04,0,,
승차,평일,월,04-05,0,128.0,0.0
승차,평일,화,04-05,0,131.0,0.0
승차,평일,수,04-05,0,129.0,0.0
승차,평일,목,04-05,0,132.0,0.0
승차,평일,금,04-05,0,132.0,0.0
승차,주말,토,04-05,0,135.0,0.0
승차,주말,일,04-05,0,134.0,0.0
승차,공휴일,월,04-05,0,8.0,0.0
승차,공휴일,화,04-05,0,4.0,0.0
승차,공휴일,수,04-05,0,6.0,0.0
승차,공휴일,목,04-05,0,6.0,0.0
승차,공휴일,금,04-05,0,6.0,0.0
승차,공휴일,토,04-05,0,3.0,0.0
승차,공휴일,일,04-05,0,3.0,0.0
승차,명절대수송,월,04-05,0,,
승차,명절대수송,화,04-05,0,,
승차,명절대수송,수,04-05,0,,
승차,명절대수송,목,04-05,0,,
승차,명절대수송,금,04-05,0,,
승차,명절대수송,토,04-05,0,,
승차,명절대수송,일,04-05,0,,
승차,평일,월,05-06,3637,128.0,28.4
승차,평일,화,05-06,3579,131.0,27.3
승차,평일,수,05-06,3493,129.0,27.1
승차,평일,목,05-06,3473,132.0,26.3
승차,평일,금,05-06,3191,132.0,24.2
승차,주말,토,05-06,4525,135.0,33.5
승차,주말,일,05-06,2059,134.0,15.4
승차,공휴일,월,05-06,132,8.0,16.5
승차,공휴일,화,05-06,80,4.0,20.0
승차,공휴일,수,05-06,127,6.0,21.2
승차,공휴일,목,05-06,214,6.0,35.7
승차,공휴일,금,05-06,100,6.0,16.7
승차,공휴일,토,05-06,0,3.0,0.0
승차,공휴일,일,05-06,69,3.0,23.0
승차,명절대수송,월,05-06,135,,
승차,명절대수송,화,05-06,82,,
승차,명절대수송,수,05-06,174,,
승차,명절대수송,목,05-06,27,,
승차,명절대수송,금,05-06,60,,
승차,명절대수송,토,05-06,86,,
승차,명절대수송,일,05-06,131,,
승차,평일,월,06-07,7032,128.0,54.9
승차,평일,화,06-07,6915,131.0,52.8
승차,평일,수,06-07,6609,129.0,51.2
승차,평일,목,06-07,6687,132.0,50.7
승차,평일,금,06-07,5836,132.0,44.2
승차,주말,토,06-07,8592,135.0,63.6
승차,주말,일,06-07,4077,134.0,30.4
승차,공휴일,월,06-07,351,8.0,43.9
승차,공휴일,화,06-07,232,4.0,58.0
승차,공휴일,수,06-07,97,6.0,16.2
승차,공휴일,목,06-07,115,6.0,19.2
승차,공휴일,금,06-07,461,6.0,76.8
승차,공휴일,토,06-07,372,3.0,124.0
승차,공휴일,일,06-07,76,3.0,25.3
승차,명절대수송,월,06-07,129,,
승차,명절대수송,화,06-07,309,,
승차,명절대수송,수,06-07,434,,
승차,명절대수송,목,06-07,403,,
승차,명절대수송,금,06-07,406,,
승차,명절대수송,토,06-07,295,,
승차,명절대수송,일,06-07,155,,
승차,평일,월,07-08,3733,128.0,29.2
승차,평일,화,07-08,3939,131.0,30.1
승차,평일,수,07-08,3911,129.0,30.3
승차,평일,목,07-08,4062,132.0,30.8
승차,평일,금,07-08,3726,132.0,28.2
승차,주말,토,07-08,5110,135.0,37.9
승차,주말,일,07-08,3879,134.0,28.9
승차,공휴일,월,07-08,359,8.0,44.9
승차,공휴일,화,07-08,105,4.0,26.2
승차,공휴일,수,07-08,108,6.0,18.0
승차,공휴일,목,07-08,79,6.0,13.2
승차,공휴일,금,07-08,288,6.0,48.0
승차,공휴일,토,07-08,338,3.0,112.7
승차,공휴일,일,07-08,142,3.0,47.3
승차,명절대수송,월,07-08,91,,
승차,명절대수송,화,07-08,122,,
승차,명절대수송,수,07-08,150,,
승차,명절대수송,목,07-08,0,,
승차,명절대수송,금,07-08,75,,
승차,명절대수송,토,07-08,96,,
승차,명절대수송,일,07-08,87,,
승차,평일,월,08-09,13633,128.0,106.5
승차,평일,화,08-09,12442,131.0,95.0
승차,평일,수,08-09,11963,129.0,92.7
승차,평일,목,08-09,12941,132.0,98.0
승차,평일,금,08-09,13261,132.0,100.5
승차,주말,토,08-09,19920,135.0,147.6
승차,주말,일,08-09,13875,134.0,103.5
승차,공휴일,월,08-09,698,8.0,87.2
승차,공휴일,화,08-09,531,4.0,132.8
승차,공휴일,수,08-09,605,6.0,100.8
승차,공휴일,목,08-09,636,6.0,106.0
승차,공휴일,금,08-09,751,6.0,125.2
승차,공휴일,토,08-09,353,3.0,117.7
승차,공휴일,일,08-09,177,3.0,59.0
승차,명절대수송,월,08-09,617,,
승차,명절대수송,화,08-09,610,,
승차,명절대수송,수,08-09,651,,
승차,명절대수송,목,08-09,646,,
승차,명절대수송,금,08-09,982,,
승차,명절대수송,토,08-09,1034,,
승차,명절대수송,일,08-09,864,,
승차,평일,월,09-10,4711,128.0,36.8
승차,평일,화,09-10,4061,131.0,31.0
승차,평일,수,09-10,4048,129.0,31.4
승차,평일,목,09-10,4164,132.0,31.5
승차,평일,금,09-10,4541,132.0,34.4
승차,주말,토,09-10,5612,135.0,41.6
승차,주말,일,09-10,4825,134.0,36.0
승차,공휴일,월,09-10,198,8.0,24.8
승차,공휴일,화,09-10,184,4.0,46.0
승차,공휴일,수,09-10,132,6.0,22.0
승차,공휴일,목,09-10,107,6.0,17.8
승차,공휴일,금,09-10,210,6.0,35.0
승차,공휴일,토,09-10,94,3.0,31.3
승차,공휴일,일,09-10,0,3.0,0.0
승차,명절대수송,월,09-10,160,,
승차,명절대수송,화,09-10,169,,
승차,명절대수송,수,09-10,178,,
승차,명절대수송,목,09-10,295,,
승차,명절대수송,금,09-10,274,,
승차,명절대수송,토,09-10,284,,
승차,명절대수송,일,09-10,248,,
승차,평일,월,10-11,8011,128.0,62.6
승차,평일,화,10-11,7161,131.0,54.7
승차,평일,수,10-11,6902,129.0,53.5
승차,평일,목,10-11,7458,132.0,56.5
승차,평일,금,10-11,8880,132.0,67.3
승차,주말,토,10-11,11537,135.0,85.5
승차,주말,일,10-11,9658,134.0,72.1
승차,공휴일,월,10-11,664,8.0,83.0
승차,공휴일,화,10-11,200,4.0,50.0
승차,공휴일,수,10-11,364,6.0,60.7
승차,공휴일,목,10-11,498,6.0,83.0
승차,공휴일,금,10-11,394,6.0,65.7
승차,공휴일,토,10-11,384,3.0,128.0
승차,공휴일,일,10-11,221,3.0,73.7
승차,명절대수송,월,10-11,439,,
승차,명절대수송,화,10-11,313,,
승차,명절대수송,수,10-11,402,,
승차,명절대수송,목,10-11,61,,
승차,명절대수송,금,10-11,383,,
승차,명절대수송,토,10-11,317,,
승차,명절대수송,일,10-11,357,,
승차,평일,월,11-12,5509,128.0,43.0
승차,평일,화,11-12,4859,131.0,37.1
승차,평일,수,11-12,4699,129.0,36.4
승차,평일,목,11-12,5174,132.0,39.2
승차,평일,금,11-12,6622,132.0,50.2
승차,주말,토,11-12,8684,135.0,64.3
승차,주말,일,11-12,7643,134.0,57.0
승차,공휴일,월,11-12,518,8.0,64.8
승차,공휴일,화,11-12,141,4.0,35.2
승차,공휴일,수,11-12,287,6.0,47.8
승차,공휴일,목,11-12,422,6.0,70.3
승차,공휴일,금,11-12,420,6.0,70.0
승차,공휴일,토,11-12,227,3.0,75.7
승차,공휴일,일,11-12,221,3.0,73.7
승차,명절대수송,월,11-12,407,,
승차,명절대수송,화,11-12,259,,
승차,명절대수송,수,11-12,317,,
승차,명절대수송,목,11-12,110,,
승차,명절대수송,금,11-12,255,,
승차,명절대수송,토,11-12,363,,
승차,명절대수송,일,11-12,365,,
승차,평일,월,12-13,9438,128.0,73.7
승차,평일,화,12-13,7933,131.0,60.6
승차,평일,수,12-13,7819,129.0,60.6
승차,평일,목,12-13,8625,132.0,65.3
승차,평일,금,12-13,10438,132.0,79.1
승차,주말,토,12-13,11370,135.0,84.2
승차,주말,일,12-13,11422,134.0,85.2
승차,공휴일,월,12-13,682,8.0,85.2
승차,공휴일,화,12-13,430,4.0,107.5
승차,공휴일,수,12-13,300,6.0,50.0
승차,공휴일,목,12-13,223,6.0,37.2
승차,공휴일,금,12-13,649,6.0,108.2
승차,공휴일,토,12-13,454,3.0,151.3
승차,공휴일,일,12-13,88,3.0,29.3
승차,명절대수송,월,12-13,479,,
승차,명절대수송,화,12-13,570,,
승차,명절대수송,수,12-13,620,,
승차,명절대수송,목,12-13,616,,
승차,명절대수송,금,12-13,891,,
승차,명절대수송,토,12-13,781,,
승차,명절대수송,일,12-13,779,,
승차,평일,월,13-14,7662,128.0,59.9
승차,평일,화,13-14,7344,131.0,56.1
승차,평일,수,13-14,7384,129.0,57.2
승차,평일,목,13-14,8735,132.0,66.2
승차,평일,금,13-14,13493,132.0,102.2
승차,주말,토,13-14,12468,135.0,92.4
승차,주말,일,13-14,12233,134.0,91.3
승차,공휴일,월,13-14,704,8.0,88.0
승차,공휴일,화,13-14,308,4.0,77.0
승차,공휴일,수,13-14,405,6.0,67.5
승차,공휴일,목,13-14,425,6.0,70.8
승차,공휴일,금,13-14,442,6.0,73.7
승차,공휴일,토,13-14,180,3.0,60.0
승차,공휴일,일,13-14,205,3.0,68.3
승차,명절대수송,월,13-14,599,,
승차,명절대수송,화,13-14,529,,
승차,명절대수송,수,13-14,531,,
승차,명절대수송,목,13-14,381,,
승차,명절대수송,금,13-14,656,,
승차,명절대수송,토,13-14,677,,
승차,명절대수송,일,13-14,633,,
승차,평일,월,14-15,12302,128.0,96.1
승차,평일,화,14-15,12124,131.0,92.5
승차,평일,수,14-15,11823,129.0,91.7
승차,평일,목,14-15,12211,132.0,92.5
승차,평일,금,14-15,16637,132.0,126.0
승차,주말,토,14-15,15909,135.0,117.8
승차,주말,일,14-15,18347,134.0,136.9
승차,공휴일,월,14-15,933,8.0,116.6
승차,공휴일,화,14-15,515,4.0,128.8
승차,공휴일,수,14-15,552,6.0,92.0
승차,공휴일,목,14-15,520,6.0,86.7
승차,공휴일,금,14-15,566,6.0,94.3
승차,공휴일,토,14-15,354,3.0,118.0
승차,공휴일,일,14-15,231,3.0,77.0
승차,명절대수송,월,14-15,763,,
승차,명절대수송,화,14-15,725,,
승차,명절대수송,수,14-15,757,,
승차,명절대수송,목,14-15,657,,
승차,명절대수송,금,14-15,934,,
승차,명절대수송,토,14-15,972,,
승차,명절대수송,일,14-15,1021,,
승차,평일,월,15-16,3770,128.0,29.5
승차,평일,화,15-16,3646,131.0,27.8
승차,평일,수,15-16,3834,129.0,29.7
승차,평일,목,15-16,4319,132.0,32.7
승차,평일,금,15-16,5741,132.0,43.5
승차,주말,토,15-16,5890,135.0,43.6
승차,주말,일,15-16,7748,134.0,57.8
승차,공휴일,월,15-16,676,8.0,84.5
승차,공휴일,화,15-16,206,4.0,51.5
승차,공휴일,수,15-16,114,6.0,19.0
승차,공휴일,목,15-16,119,6.0,19.8
승차,공휴일,금,15-16,353,6.0,58.8
승차,공휴일,토,15-16,360,3.0,120.0
승차,공휴일,일,15-16,196,3.0,65.3
승차,명절대수송,월,15-16,184,,
승차,명절대수송,화,15-16,367,,
승차,명절대수송,수,15-16,330,,
승차,명절대수송,목,15-16,0,,
승차,명절대수송,금,15-16,169,,
승차,명절대수송,토,15-16,142,,
승차,명절대수송,일,15-16,137,,
승차,평일,월,16-17,5687,128.0,44.4
승차,평일,화,16-17,5768,131.0,44.0
승차,평일,수,16-17,5879,129.0,45.6
승차,평일,목,16-17,6802,132.0,51.5
승차,평일,금,16-17,10478,132.0,79.4
승차,주말,토,16-17,8618,135.0,63.8
승차,주말,일,16-17,9948,134.0,74.2
승차,공휴일,월,16-17,658,8.0,82.2
승차,공휴일,화,16-17,318,4.0,79.5
승차,공휴일,수,16-17,221,6.0,36.8
승차,공휴일,목,16-17,192,6.0,32.0
승차,공휴일,금,16-17,468,6.0,78.0
승차,공휴일,토,16-17,339,3.0,113.0
승차,공휴일,일,16-17,162,3.0,54.0
승차,명절대수송,월,16-17,379,,
승차,명절대수송,화,16-17,392,,
승차,명절대수송,수,16-17,398,,
승차,명절대수송,목,16-17,271,,
승차,명절대수송,금,16-17,541,,
승차,명절대수송,토,16-17,462,,
승차,명절대수송,일,16-17,483,,
승차,평일,월,17-18,10161,128.0,79.4
승차,평일,화,17-18,10327,131.0,78.8
승차,평일,수,17-18,10760,129.0,83.4
승차,평일,목,17-18,12371,132.0,93.7
승차,평일,금,17-18,15343,132.0,116.2
승차,주말,토,17-18,13264,135.0,98.3
승차,주말,일,17-18,17733,134.0,132.3
승차,공휴일,월,17-18,899,8.0,112.4
승차,공휴일,화,17-18,631,4.0,157.8
승차,공휴일,수,17-18,763,6.0,127.2
승차,공휴일,목,17-18,564,6.0,94.0
승차,공휴일,금,17-18,477,6.0,79.5
승차,공휴일,토,17-18,144,3.0,48.0
승차,공휴일,일,17-18,153,3.0,51.0
승차,명절대수송,월,17-18,848,,
승차,명절대수송,화,17-18,753,,
승차,명절대수송,수,17-18,807,,
승차,명절대수송,목,17-18,839,,
승차,명절대수송,금,17-18,878,,
승차,명절대수송,토,17-18,899,,
승차,명절대수송,일,17-18,1014,,
승차,평일,월,18-19,2654,128.0,20.7
승차,평일,화,18-19,2963,131.0,22.6
승차,평일,수,18-19,3168,129.0,24.6
승차,평일,목,18-19,4071,132.0,30.8
승차,평일,금,18-19,5961,132.0,45.2
승차,주말,토,18-19,4166,135.0,30.9
승차,주말,일,18-19,5869,134.0,43.8
승차,공휴일,월,18-19,605,8.0,75.6
승차,공휴일,화,18-19,195,4.0,48.8
승차,공휴일,수,18-19,163,6.0,27.2
승차,공휴일,목,18-19,119,6.0,19.8
승차,공휴일,금,18-19,327,6.0,54.5
승차,공휴일,토,18-19,288,3.0,96.0
승차,공휴일,일,18-19,181,3.0,60.3
승차,명절대수송,월,18-19,140,,
승차,명절대수송,화,18-19,307,,
승차,명절대수송,수,18-19,210,,
승차,명절대수송,목,18-19,0,,
승차,명절대수송,금,18-19,130,,
승차,명절대수송,토,18-19,59,,
승차,명절대수송,일,18-19,145,,
승차,평일,월,19-20,0,128.0,0.0
승차,평일,화,19-20,0,131.0,0.0
승차,평일,수,19-20,0,129.0,0.0
승차,평일,목,19-20,0,132.0,0.0
승차,평일,금,19-20,82,132.0,0.6
승차,주말,토,19-20,10558,135.0,78.2
승차,주말,일,19-20,16423,134.0,122.6
승차,공휴일,월,19-20,0,8.0,0.0
승차,공휴일,화,19-20,0,4.0,0.0
승차,공휴일,수,19-20,0,6.0,0.0
승차,공휴일,목,19-20,0,6.0,0.0
승차,공휴일,금,19-20,0,6.0,0.0
승차,공휴일,토,19-20,219,3.0,73.0
승차,공휴일,일,19-20,196,3.0,65.3
승차,명절대수송,월,19-20,594,,
승차,명절대수송,화,19-20,522,,
승차,명절대수송,수,19-20,528,,
승차,명절대수송,목,19-20,187,,
승차,명절대수송,금,19-20,56,,
승차,명절대수송,토,19-20,626,,
승차,명절대수송,일,19-20,816,,
승차,평일,월,20-21,1249,128.0,9.8
승차,평일,화,20-21,1109,131.0,8.5
승차,평일,수,20-21,1399,129.0,10.8
승차,평일,목,20-21,1972,132.0,14.9
승차,평일,금,20-21,3378,132.0,25.6
승차,주말,토,20-21,2422,135.0,17.9
승차,주말,일,20-21,4248,134.0,31.7
승차,공휴일,월,20-21,264,8.0,33.0
승차,공휴일,화,20-21,174,4.0,43.5
승차,공휴일,수,20-21,101,6.0,16.8
승차,공휴일,목,20-21,68,6.0,11.3
승차,공휴일,금,20-21,159,6.0,26.5
승차,공휴일,토,20-21,107,3.0,35.7
승차,공휴일,일,20-21,39,3.0,13.0
승차,명절대수송,월,20-21,160,,
승차,명절대수송,화,20-21,166,,
승차,명절대수송,수,20-21,210,,
승차,명절대수송,목,20-21,241,,
승차,명절대수송,금,20-21,203,,
승차,명절대수송,토,20-21,154,,
승차,명절대수송,일,20-21,203,,
승차,평일,월,21-22,5165,128.0,40.4
승차,평일,화,21-22,5655,131.0,43.2
승차,평일,수,21-22,5710,129.0,44.3
승차,평일,목,21-22,7541,132.0,57.1
승차,평일,금,21-22,11368,132.0,86.1
승차,주말,토,21-22,8482,135.0,62.8
승차,주말,일,21-22,10678,134.0,79.7
승차,공휴일,월,21-22,748,8.0,93.5
승차,공휴일,화,21-22,281,4.0,70.2
승차,공휴일,수,21-22,410,6.0,68.3
승차,공휴일,목,21-22,385,6.0,64.2
승차,공휴일,금,21-22,390,6.0,65.0
승차,공휴일,토,21-22,191,3.0,63.7
승차,공휴일,일,21-22,240,3.0,80.0
승차,명절대수송,월,21-22,563,,
승차,명절대수송,화,21-22,517,,
승차,명절대수송,수,21-22,479,,
승차,명절대수송,목,21-22,338,,
승차,명절대수송,금,21-22,455,,
승차,명절대수송,토,21-22,403,,
승차,명절대수송,일,21-22,513,,
승차,평일,월,22-23,0,128.0,0.0
승차,평일,화,22-23,0,131.0,0.0
승차,평일,수,22-23,0,129.0,0.0
승차,평일,목,22-23,0,132.0,0.0
승차,평일,금,22-23,0,132.0,0.0
승차,주말,토,22-23,0,135.0,0.0
승차,주말,일,22-23,0,134.0,0.0
승차,공휴일,월,22-23,0,8.0,0.0
승차,공휴일,화,22-23,0,4.0,0.0
승차,공휴일,수,22-23,0,6.0,0.0
승차,공휴일,목,22-23,0,6.0,0.0
승차,공휴일,금,22-23,0,6.0,0.0
승차,공휴일,토,22-23,0,3.0,0.0
승차,공휴일,일,22-23,0,3.0,0.0
승차,명절대수송,월,22-23,0,,
승차,명절대수송,화,22-23,0,,
승차,명절대수송,수,22-23,0,,
승차,명절대수송,목,22-23,0,,
승차,명절대수송,금,22-23,0,,
승차,명절대수송,토,22-23,0,,
승차,명절대수송,일,22-23,0,,
승차,평일,월,23-24,0,128.0,0.0
승차,평일,화,23-24,0,131.0,0.0
승차,평일,수,23-24,0,129.0,0.0
승차,평일,목,23-24,0,132.0,0.0
승차,평일,금,23-24,0,132.0,0.0
승차,주말,토,23-24,0,135.0,0.0
승차,주말,일,23-24,0,134.0,0.0
승차,공휴일,월,23-24,0,8.0,0.0
승차,공휴일,화,23-24,0,4.0,0.0
승차,공휴일,수,23-24,0,6.0,0.0
승차,공휴일,목,23-24,0,6.0,0.0
승차,공휴일,금,23-24,0,6.0,0.0
승차,공휴일,토,23-24,0,3.0,0.0
승차,공휴일,일,23-24,0,3.0,0.0
승차,명절대수송,월,23-24,0,,
승차,명절대수송,화,23-24,0,,
승차,명절대수송,수,23-24,0,,
승차,명절대수송,목,23-24,0,,
승차,명절대수송,금,23-24,0,,
승차,명절대수송,토,23-24,0,,
승차,명절대수송,일,23-24,0,,
하차,평일,월,00-01,2104,128.0,16.4
하차,평일,화,00-01,2154,131.0,16.4
하차,평일,수,00-01,2406,129.0,18.7
하차,평일,목,00-01,2614,132.0,19.8
하차,평일,금,00-01,5178,132.0,39.2
하차,주말,토,00-01,4616,135.0,34.2
하차,주말,일,00-01,5286,134.0,39.4
하차,공휴일,월,00-01,195,8.0,24.4
하차,공휴일,화,00-01,78,4.0,19.5
하차,공휴일,수,00-01,201,6.0,33.5
하차,공휴일,목,00-01,268,6.0,44.7
하차,공휴일,금,00-01,107,6.0,17.8
하차,공휴일,토,00-01,0,3.0,0.0
하차,공휴일,일,00-01,103,3.0,34.3
하차,명절대수송,월,00-01,130,,
하차,명절대수송,화,00-01,33,,
하차,명절대수송,수,00-01,55,,
하차,명절대수송,목,00-01,190,,
하차,명절대수송,금,00-01,365,,
하차,명절대수송,토,00-01,232,,
하차,명절대수송,일,00-01,151,,
하차,평일,월,01-02,0,128.0,0.0
하차,평일,화,01-02,0,131.0,0.0
하차,평일,수,01-02,0,129.0,0.0
하차,평일,목,01-02,0,132.0,0.0
하차,평일,금,01-02,0,132.0,0.0
하차,주말,토,01-02,0,135.0,0.0
하차,주말,일,01-02,0,134.0,0.0
하차,공휴일,월,01-02,0,8.0,0.0
하차,공휴일,화,01-02,0,4.0,0.0
하차,공휴일,수,01-02,0,6.0,0.0
하차,공휴일,목,01-02,0,6.0,0.0
하차,공휴일,금,01-02,0,6.0,0.0
하차,공휴일,토,01-02,0,3.0,0.0
하차,공휴일,일,01-02,0,3.0,0.0
하차,명절대수송,월,01-02,0,,
하차,명절대수송,화,01-02,0,,
하차,명절대수송,수,01-02,0,,
하차,명절대수송,목,01-02,0,,
하차,명절대수송,금,01-02,0,,
하차,명절대수송,토,01-02,0,,
하차,명절대수송,일,01-02,0,,
하차,평일,월,02-03,0,128.0,0.0
하차,평일,화,02-03,0,131.0,0.0
하차,평일,수,02-03,0,129.0,0.0
하차,평일,목,02-03,0,132.0,0.0
하차,평일,금,02-03,0,132.0,0.0
하차,주말,토,02-03,0,135.0,0.0
하차,주말,일,02-03,0,134.0,0.0
하차,공휴일,월,02-03,0,8.0,0.0
하차,공휴일,화,02-03,0,4.0,0.0
하차,공휴일,수,02-03,0,6.0,0.0
하차,공휴일,목,02-03,0,6.0,0.0
하차,공휴일,금,02-03,0,6.0,0.0
하차,공휴일,토,02-03,0,3.0,0.0
하차,공휴일,일,02-03,0,3.0,0.0
하차,명절대수송,월,02-03,0,,
하차,명절대수송,화,02-03,0,,
하차,명절대수송,수,02-03,0,,
하차,명절대수송,목,02-03,0,,
하차,명절대수송,금,02-03,0,,
하차,명절대수송,토,02-03,0,,
하차,명절대수송,일,02-03,0,,
하차,평일,월,03-04,0,128.0,0.0
하차,평일,화,03-04,0,131.0,0.0
하차,평일,수,03-04,0,129.0,0.0
하차,평일,목,03-04,0,132.0,0.0
하차,평일,금,03-04,0,132.0,0.0
하차,주말,토,03-04,0,135.0,0.0
하차,주말,일,03-04,0,134.0,0.0
하차,공휴일,월,03-04,0,8.0,0.0
하차,공휴일,화,03-04,0,4.0,0.0
하차,공휴일,수,03-04,0,6.0,0.0
하차,공휴일,목,03-04,0,6.0,0.0
하차,공휴일,금,03-04,0,6.0,0.0
하차,공휴일,토,03-04,0,3.0,0.0
하차,공휴일,일,03-04,0,3.0,0.0
하차,명절대수송,월,03-04,0,,
하차,명절대수송,화,03-04,0,,
하차,명절대수송,수,03-04,0,,
하차,명절대수송,목,03-04,0,,
하차,명절대수송,금,03-04,0,,
하차,명절대수송,토,03-04,0,,
하차,명절대수송,일,03-04,0,,
하차,평일,월,04-05,0,128.0,0.0
하차,평일,화,04-05,0,131.0,0.0
하차,평일,수,04-05,0,129.0,0.0
하차,평일,목,04-05,0,132.0,0.0
하차,평일,금,04-05,0,132.0,0.0
하차,주말,토,04-05,0,135.0,0.0
하차,주말,일,04-05,0,134.0,0.0
하차,공휴일,월,04-05,0,8.0,0.0
하차,공휴일,화,04-05,0,4.0,0.0
하차,공휴일,수,04-05,0,6.0,0.0
하차,공휴일,목,04-05,0,6.0,0.0
하차,공휴일,금,04-05,0,6.0,0.0
하차,공휴일,토,04-05,0,3.0,0.0
하차,공휴일,일,04-05,0,3.0,0.0
하차,명절대수송,월,04-05,0,,
하차,명절대수송,화,04-05,0,,
하차,명절대수송,수,04-05,0,,
하차,명절대수송,목,04-05,0,,
하차,명절대수송,금,04-05,0,,
하차,명절대수송,토,04-05,0,,
하차,명절대수송,일,04-05,0,,
하차,평일,월,05-06,0,128.0,0.0
하차,평일,화,05-06,0,131.0,0.0
하차,평일,수,05-06,0,129.0,0.0
하차,평일,목,05-06,0,132.0,0.0
하차,평일,금,05-06,0,132.0,0.0
하차,주말,토,05-06,0,135.0,0.0
하차,주말,일,05-06,0,134.0,0.0
하차,공휴일,월,05-06,0,8.0,0.0
하차,공휴일,화,05-06,0,4.0,0.0
하차,공휴일,수,05-06,0,6.0,0.0
하차,공휴일,목,05-06,0,6.0,0.0
하차,공휴일,금,05-06,0,6.0,0.0
하차,공휴일,토,05-06,0,3.0,0.0
하차,공휴일,일,05-06,0,3.0,0.0
하차,명절대수송,월,05-06,0,,
하차,명절대수송,화,05-06,0,,
하차,명절대수송,수,05-06,0,,
하차,명절대수송,목,05-06,0,,
하차,명절대수송,금,05-06,0,,
하차,명절대수송,토,05-06,0,,
하차,명절대수송,일,05-06,0,,
하차,평일,월,06-07,0,128.0,0.0
하차,평일,화,06-07,0,131.0,0.0
하차,평일,수,06-07,0,129.0,0.0
하차,평일,목,06-07,0,132.0,0.0
하차,평일,금,06-07,0,132.0,0.0
하차,주말,토,06-07,0,135.0,0.0
하차,주말,일,06-07,0,134.0,0.0
하차,공휴일,월,06-07,0,8.0,0.0
하차,공휴일,화,06-07,0,4.0,0.0
하차,공휴일,수,06-07,0,6.0,0.0
하차,공휴일,목,06-07,0,6.0,0.0
하차,공휴일,금,06-07,0,6.0,0.0
하차,공휴일,토,06-07,0,3.0,0.0
하차,공휴일,일,06-07,0,3.0,0.0
하차,명절대수송,월,06-07,0,,
하차,명절대수송,화,06-07,0,,
하차,명절대수송,수,06-07,0,,
하차,명절대수송,목,06-07,0,,
하차,명절대수송,금,06-07,0,,
하차,명절대수송,토,06-07,0,,
하차,명절대수송,일,06-07,0,,
하차,평일,월,07-08,9166,128.0,71.6
하차,평일,화,07-08,3966,131.0,30.3
하차,평일,수,07-08,3268,129.0,25.3
하차,평일,목,07-08,3482,132.0,26.4
하차,평일,금,07-08,3303,132.0,25.0
하차,주말,토,07-08,6890,135.0,51.0
하차,주말,일,07-08,2941,134.0,21.9
하차,공휴일,월,07-08,177,8.0,22.1
하차,공휴일,화,07-08,81,4.0,20.2
하차,공휴일,수,07-08,121,6.0,20.2
하차,공휴일,목,07-08,194,6.0,32.3
하차,공휴일,금,07-08,516,6.0,86.0
하차,공휴일,토,07-08,269,3.0,89.7
하차,공휴일,일,07-08,63,3.0,21.0
하차,명절대수송,월,07-08,546,,
하차,명절대수송,화,07-08,362,,
하차,명절대수송,수,07-08,141,,
하차,명절대수송,목,07-08,95,,
하차,명절대수송,금,07-08,497,,
하차,명절대수송,토,07-08,720,,
하차,명절대수송,일,07-08,527,,
하차,평일,월,08-09,5478,128.0,42.8
하차,평일,화,08-09,3639,131.0,27.8
하차,평일,수,08-09,3399,129.0,26.3
하차,평일,목,08-09,3671,132.0,27.8
하차,평일,금,08-09,3310,132.0,25.1
하차,주말,토,08-09,5747,135.0,42.6
하차,주말,일,08-09,2413,134.0,18.0
하차,공휴일,월,08-09,148,8.0,18.5
하차,공휴일,화,08-09,98,4.0,24.5
하차,공휴일,수,08-09,62,6.0,10.3
하차,공휴일,목,08-09,58,6.0,9.7
하차,공휴일,금,08-09,252,6.0,42.0
하차,공휴일,토,08-09,164,3.0,54.7
하차,공휴일,일,08-09,35,3.0,11.7
하차,명절대수송,월,08-09,324,,
하차,명절대수송,화,08-09,230,,
하차,명절대수송,수,08-09,100,,
하차,명절대수송,목,08-09,67,,
하차,명절대수송,금,08-09,227,,
하차,명절대수송,토,08-09,325,,
하차,명절대수송,일,08-09,272,,
하차,평일,월,09-10,5082,128.0,39.7
하차,평일,화,09-10,3434,131.0,26.2
하차,평일,수,09-10,3436,129.0,26.6
하차,평일,목,09-10,3534,132.0,26.8
하차,평일,금,09-10,3846,132.0,29.1
하차,주말,토,09-10,8418,135.0,62.4
하차,주말,일,09-10,3800,134.0,28.4
하차,공휴일,월,09-10,133,8.0,16.6
하차,공휴일,화,09-10,182,4.0,45.5
하차,공휴일,수,09-10,313,6.0,52.2
하차,공휴일,목,09-10,394,6.0,65.7
하차,공휴일,금,09-10,259,6.0,43.2
하차,공휴일,토,09-10,63,3.0,21.0
하차,공휴일,일,09-10,138,3.0,46.0
하차,명절대수송,월,09-10,332,,
하차,명절대수송,화,09-10,260,,
하차,명절대수송,수,09-10,94,,
하차,명절대수송,목,09-10,231,,
하차,명절대수송,금,09-10,452,,
하차,명절대수송,토,09-10,555,,
하차,명절대수송,일,09-10,446,,
하차,평일,월,10-11,956,128.0,7.5
하차,평일,화,10-11,965,131.0,7.4
하차,평일,수,10-11,882,129.0,6.8
하차,평일,목,10-11,878,132.0,6.7
하차,평일,금,10-11,1115,132.0,8.4
하차,주말,토,10-11,3049,135.0,22.6
하차,주말,일,10-11,1732,134.0,12.9
하차,공휴일,월,10-11,127,8.0,15.9
하차,공휴일,화,10-11,52,4.0,13.0
하차,공휴일,수,10-11,59,6.0,9.8
하차,공휴일,목,10-11,31,6.0,5.2
하차,공휴일,금,10-11,212,6.0,35.3
하차,공휴일,토,10-11,297,3.0,99.0
하차,공휴일,일,10-11,66,3.0,22.0
하차,명절대수송,월,10-11,102,,
하차,명절대수송,화,10-11,59,,
하차,명절대수송,수,10-11,30,,
하차,명절대수송,목,10-11,0,,
하차,명절대수송,금,10-11,25,,
하차,명절대수송,토,10-11,46,,
하차,명절대수송,일,10-11,43,,
하차,평일,월,11-12,17765,128.0,138.8
하차,평일,화,11-12,16632,131.0,127.0
하차,평일,수,11-12,16484,129.0,127.8
하차,평일,목,11-12,16668,132.0,126.3
하차,평일,금,11-12,17627,132.0,133.5
하차,주말,토,11-12,21977,135.0,162.8
하차,주말,일,11-12,16983,134.0,126.7
하차,공휴일,월,11-12,965,8.0,120.6
하차,공휴일,화,11-12,564,4.0,141.0
하차,공휴일,수,11-12,806,6.0,134.3
하차,공휴일,목,11-12,793,6.0,132.2
하차,공휴일,금,11-12,826,6.0,137.7
하차,공휴일,토,11-12,527,3.0,175.7
하차,공휴일,일,11-12,285,3.0,95.0
하차,명절대수송,월,11-12,916,,
하차,명절대수송,화,11-12,749,,
하차,명절대수송,수,11-12,582,,
하차,명절대수송,목,11-12,702,,
하차,명절대수송,금,11-12,1155,,
하차,명절대수송,토,11-12,1329,,
하차,명절대수송,일,11-12,1181,,
하차,평일,월,12-13,1185,128.0,9.3
하차,평일,화,12-13,1076,131.0,8.2
하차,평일,수,12-13,1042,129.0,8.1
하차,평일,목,12-13,974,132.0,7.4
하차,평일,금,12-13,1229,132.0,9.3
하차,주말,토,12-13,2774,135.0,20.5
하차,주말,일,12-13,1498,134.0,11.2
하차,공휴일,월,12-13,157,8.0,19.6
하차,공휴일,화,12-13,56,4.0,14.0
하차,공휴일,수,12-13,40,6.0,6.7
하차,공휴일,목,12-13,51,6.0,8.5
하차,공휴일,금,12-13,253,6.0,42.2
하차,공휴일,토,12-13,226,3.0,75.3
하차,공휴일,일,12-13,52,3.0,17.3
하차,명절대수송,월,12-13,127,,
하차,명절대수송,화,12-13,62,,
하차,명절대수송,수,12-13,73,,
하차,명절대수송,목,12-13,0,,
하차,명절대수송,금,12-13,51,,
하차,명절대수송,토,12-13,99,,
하차,명절대수송,일,12-13,91,,
하차,평일,월,13-14,18520,128.0,144.7
하차,평일,화,13-14,16726,131.0,127.7
하차,평일,수,13-14,16513,129.0,128.0
하차,평일,목,13-14,17138,132.0,129.8
하차,평일,금,13-14,23477,132.0,177.9
하차,주말,토,13-14,26360,135.0,195.3
하차,주말,일,13-14,21640,134.0,161.5
하차,공휴일,월,13-14,1216,8.0,152.0
하차,공휴일,화,13-14,689,4.0,172.2
하차,공휴일,수,13-14,950,6.0,158.3
하차,공휴일,목,13-14,1164,6.0,194.0
하차,공휴일,금,13-14,1028,6.0,171.3
하차,공휴일,토,13-14,472,3.0,157.3
하차,공휴일,일,13-14,332,3.0,110.7
하차,명절대수송,월,13-14,1269,,
하차,명절대수송,화,13-14,884,,
하차,명절대수송,수,13-14,892,,
하차,명절대수송,목,13-14,1118,,
하차,명절대수송,금,13-14,1819,,
하차,명절대수송,토,13-14,1798,,
하차,명절대수송,일,13-14,1600,,
하차,평일,월,14-15,853,128.0,6.7
하차,평일,화,14-15,757,131.0,5.8
하차,평일,수,14-15,730,129.0,5.7
하차,평일,목,14-15,911,132.0,6.9
하차,평일,금,14-15,1050,132.0,8.0
하차,주말,토,14-15,1440,135.0,10.7
하차,주말,일,14-15,1254,134.0,9.4
하차,공휴일,월,14-15,180,8.0,22.5
하차,공휴일,화,14-15,39,4.0,9.8
하차,공휴일,수,14-15,28,6.0,4.7
하차,공휴일,목,14-15,42,6.0,7.0
하차,공휴일,금,14-15,154,6.0,25.7
하차,공휴일,토,14-15,86,3.0,28.7
하차,공휴일,일,14-15,42,3.0,14.0
하차,명절대수송,월,14-15,72,,
하차,명절대수송,화,14-15,59,,
하차,명절대수송,수,14-15,47,,
하차,명절대수송,목,14-15,0,,
하차,명절대수송,금,14-15,25,,
하차,명절대수송,토,14-15,57,,
하차,명절대수송,일,14-15,66,,
하차,평일,월,15-16,3547,128.0,27.7
하차,평일,화,15-16,3468,131.0,26.5
하차,평일,수,15-16,3429,129.0,26.6
하차,평일,목,15-16,3761,132.0,28.5
하차,평일,금,15-16,4470,132.0,33.9
하차,주말,토,15-16,7402,135.0,54.8
하차,주말,일,15-16,8555,134.0,63.8
하차,공휴일,월,15-16,670,8.0,83.8
하차,공휴일,화,15-16,139,4.0,34.8
하차,공휴일,수,15-16,117,6.0,19.5
하차,공휴일,목,15-16,127,6.0,21.2
하차,공휴일,금,15-16,319,6.0,53.2
하차,공휴일,토,15-16,497,3.0,165.7
하차,공휴일,일,15-16,260,3.0,86.7
하차,명절대수송,월,15-16,374,,
하차,명절대수송,화,15-16,178,,
하차,명절대수송,수,15-16,207,,
하차,명절대수송,목,15-16,0,,
하차,명절대수송,금,15-16,168,,
하차,명절대수송,토,15-16,320,,
하차,명절대수송,일,15-16,331,,
하차,평일,월,16-17,7856,128.0,61.4
하차,평일,화,16-17,7256,131.0,55.4
하차,평일,수,16-17,7135,129.0,55.3
하차,평일,목,16-17,7622,132.0,57.7
하차,평일,금,16-17,9585,132.0,72.6
하차,주말,토,16-17,9357,135.0,69.3
하차,주말,일,16-17,9962,134.0,74.3
하차,공휴일,월,16-17,719,8.0,89.9
하차,공휴일,화,16-17,307,4.0,76.8
하차,공휴일,수,16-17,256,6.0,42.7
하차,공휴일,목,16-17,176,6.0,29.3
하차,공휴일,금,16-17,526,6.0,87.7
하차,공휴일,토,16-17,399,3.0,133.0
하차,공휴일,일,16-17,155,3.0,51.7
하차,명절대수송,월,16-17,387,,
하차,명절대수송,화,16-17,306,,
하차,명절대수송,수,16-17,316,,
하차,명절대수송,목,16-17,262,,
하차,명절대수송,금,16-17,471,,
하차,명절대수송,토,16-17,514,,
하차,명절대수송,일,16-17,534,,
하차,평일,월,17-18,11581,128.0,90.5
하차,평일,화,17-18,10395,131.0,79.4
하차,평일,수,17-18,10565,129.0,81.9
하차,평일,목,17-18,10991,132.0,83.3
하차,평일,금,17-18,13631,132.0,103.3
하차,주말,토,17-18,10984,135.0,81.4
하차,주말,일,17-18,14472,134.0,108.0
하차,공휴일,월,17-18,714,8.0,89.2
하차,공휴일,화,17-18,400,4.0,100.0
하차,공휴일,수,17-18,531,6.0,88.5
하차,공휴일,목,17-18,507,6.0,84.5
하차,공휴일,금,17-18,408,6.0,68.0
하차,공휴일,토,17-18,132,3.0,44.0
하차,공휴일,일,17-18,136,3.0,45.3
하차,명절대수송,월,17-18,599,,
하차,명절대수송,화,17-18,460,,
하차,명절대수송,수,17-18,442,,
하차,명절대수송,목,17-18,706,,
하차,명절대수송,금,17-18,999,,
하차,명절대수송,토,17-18,943,,
하차,명절대수송,일,17-18,888,,
하차,평일,월,18-19,4411,128.0,34.5
하차,평일,화,18-19,4481,131.0,34.2
하차,평일,수,18-19,4477,129.0,34.7
하차,평일,목,18-19,4912,132.0,37.2
하차,평일,금,18-19,5633,132.0,42.7
하차,주말,토,18-19,16192,135.0,119.9
하차,주말,일,18-19,22683,134.0,169.3
하차,공휴일,월,18-19,760,8.0,95.0
하차,공휴일,화,18-19,244,4.0,61.0
하차,공휴일,수,18-19,122,6.0,20.3
하차,공휴일,목,18-19,138,6.0,23.0
하차,공휴일,금,18-19,372,6.0,62.0
하차,공휴일,토,18-19,424,3.0,141.3
하차,공휴일,일,18-19,286,3.0,95.3
하차,명절대수송,월,18-19,534,,
하차,명절대수송,화,18-19,378,,
하차,명절대수송,수,18-19,369,,
하차,명절대수송,목,18-19,108,,
하차,명절대수송,금,18-19,395,,
하차,명절대수송,토,18-19,1038,,
하차,명절대수송,일,18-19,1123,,
하차,평일,월,19-20,0,128.0,0.0
하차,평일,화,19-20,0,131.0,0.0
하차,평일,수,19-20,0,129.0,0.0
하차,평일,목,19-20,0,132.0,0.0
하차,평일,금,19-20,20,132.0,0.2
하차,주말,토,19-20,1182,135.0,8.8
하차,주말,일,19-20,2768,134.0,20.7
하차,공휴일,월,19-20,0,8.0,0.0
하차,공휴일,화,19-20,0,4.0,0.0
하차,공휴일,수,19-20,0,6.0,0.0
하차,공휴일,목,19-20,0,6.0,0.0
하차,공휴일,금,19-20,0,6.0,0.0
하차,공휴일,토,19-20,76,3.0,25.3
하차,공휴일,일,19-20,69,3.0,23.0
하차,명절대수송,월,19-20,25,,
하차,명절대수송,화,19-20,22,,
하차,명절대수송,수,19-20,42,,
하차,명절대수송,목,19-20,0,,
하차,명절대수송,금,19-20,0,,
하차,명절대수송,토,19-20,42,,
하차,명절대수송,일,19-20,62,,
하차,평일,월,20-21,11822,128.0,92.4
하차,평일,화,20-21,11862,131.0,90.5
하차,평일,수,20-21,11528,129.0,89.4
하차,평일,목,20-21,12449,132.0,94.3
하차,평일,금,20-21,12728,132.0,96.4
하차,주말,토,20-21,13455,135.0,99.7
하차,주말,일,20-21,15794,134.0,117.9
하차,공휴일,월,20-21,817,8.0,102.1
하차,공휴일,화,20-21,416,4.0,104.0
하차,공휴일,수,20-21,572,6.0,95.3
하차,공휴일,목,20-21,531,6.0,88.5
하차,공휴일,금,20-21,484,6.0,80.7
하차,공휴일,토,20-21,272,3.0,90.7
하차,공휴일,일,20-21,254,3.0,84.7
하차,명절대수송,월,20-21,490,,
하차,명절대수송,화,20-21,315,,
하차,명절대수송,수,20-21,290,,
하차,명절대수송,목,20-21,412,,
하차,명절대수송,금,20-21,790,,
하차,명절대수송,토,20-21,675,,
하차,명절대수송,일,20-21,704,,
하차,평일,월,21-22,2834,128.0,22.1
하차,평일,화,21-22,2759,131.0,21.1
하차,평일,수,21-22,2651,129.0,20.6
하차,평일,목,21-22,3313,132.0,25.1
하차,평일,금,21-22,5633,132.0,42.7
하차,주말,토,21-22,5519,135.0,40.9
하차,주말,일,21-22,7170,134.0,53.5
하차,공휴일,월,21-22,332,8.0,41.5
하차,공휴일,화,21-22,227,4.0,56.8
하차,공휴일,수,21-22,291,6.0,48.5
하차,공휴일,목,21-22,199,6.0,33.2
하차,공휴일,금,21-22,291,6.0,48.5
하차,공휴일,토,21-22,220,3.0,73.3
하차,공휴일,일,21-22,80,3.0,26.7
하차,명절대수송,월,21-22,178,,
하차,명절대수송,화,21-22,194,,
하차,명절대수송,수,21-22,183,,
하차,명절대수송,목,21-22,229,,
하차,명절대수송,금,21-22,356,,
하차,명절대수송,토,21-22,310,,
하차,명절대수송,일,21-22,344,,
하차,평일,월,22-23,0,128.0,0.0
하차,평일,화,22-23,0,131.0,0.0
하차,평일,수,22-23,0,129.0,0.0
하차,평일,목,22-23,0,132.0,0.0
하차,평일,금,22-23,0,132.0,0.0
하차,주말,토,22-23,0,135.0,0.0
하차,주말,일,22-23,0,134.0,0.0
하차,공휴일,월,22-23,0,8.0,0.0
하차,공휴일,화,22-23,0,4.0,0.0
하차,공휴일,수,22-23,0,6.0,0.0
하차,공휴일,목,22-23,0,6.0,0.0
하차,공휴일,금,22-23,0,6.0,0.0
하차,공휴일,토,22-23,0,3.0,0.0
하차,공휴일,일,22-23,0,3.0,0.0
하차,명절대수송,월,22-23,0,,
하차,명절대수송,화,22-23,0,,
하차,명절대수송,수,22-23,0,,
하차,명절대수송,목,22-23,0,,
하차,명절대수송,금,22-23,0,,
하차,명절대수송,토,22-23,0,,
하차,명절대수송,일,22-23,0,,
하차,평일,월,23-24,5249,128.0,41.0
하차,평일,화,23-24,4840,131.0,36.9
하차,평일,수,23-24,5064,129.0,39.3
하차,평일,목,23-24,6831,132.0,51.8
하차,평일,금,23-24,11050,132.0,83.7
하차,주말,토,23-24,9646,135.0,71.5
하차,주말,일,23-24,11356,134.0,84.7
하차,공휴일,월,23-24,586,8.0,73.2
하차,공휴일,화,23-24,283,4.0,70.8
하차,공휴일,수,23-24,260,6.0,43.3
하차,공휴일,목,23-24,204,6.0,34.0
하차,공휴일,금,23-24,531,6.0,88.5
하차,공휴일,토,23-24,423,3.0,141.0
하차,공휴일,일,23-24,156,3.0,52.0
하차,명절대수송,월,23-24,398,,
하차,명절대수송,화,23-24,296,,
하차,명절대수송,수,23-24,224,,
하차,명절대수송,목,23-24,306,,
하차,명절대수송,금,23-24,674,,
하차,명절대수송,토,23-24,671,,
하차,명절대수송,일,23-24,736,,
